country_code,year,pathogen_drug,resistance_pct,ddd_J01A,ddd_J01B,ddd_J01C,ddd_J01D,ddd_J01E,ddd_J01F,ddd_J01G,ddd_J01M,ddd_J01R,ddd_J01X,ddd_total,hdd,cdd,pop_density
AT,2001,E.coli-3rd_gen_cephalosporins,0.0,,,,,,,,,,,,,,97.5
AT,2002,E.coli-3rd_gen_cephalosporins,1.25786163,,,,,,,,,,,,,,98.0
AT,2003,E.coli-3rd_gen_cephalosporins,1.84237461,,,,,,,,,,,,,,98.5
AT,2004,E.coli-3rd_gen_cephalosporins,2.53232758,,,,,,,,,,,,,,99.1
AT,2005,E.coli-3rd_gen_cephalosporins,4.20332355,,,,,,,,,,,,,,99.8
AT,2006,E.coli-3rd_gen_cephalosporins,6.59651962,,,,,,,,,,,,,,100.3
AT,2007,E.coli-3rd_gen_cephalosporins,8.87128712,,,,,,,,,,,,,,100.6
AT,2008,E.coli-3rd_gen_cephalosporins,7.41239892,,,,,,,,,,,,,,100.9
AT,2009,E.coli-3rd_gen_cephalosporins,7.54716981,,,,,,,,,,,,,,101.2
AT,2010,E.coli-3rd_gen_cephalosporins,7.25530458,,,,,,,,,,,,,,101.5
AT,2011,E.coli-3rd_gen_cephalosporins,9.14556962,,,,,,,,,,,,,,101.8
AT,2012,E.coli-3rd_gen_cephalosporins,8.6522911,,,,,,,,,,,,,,102.3
AT,2013,E.coli-3rd_gen_cephalosporins,9.84917733,,,,,,,,,,,,,,102.9
AT,2014,E.coli-3rd_gen_cephalosporins,9.3690652,,,,,,,,,,,,,,103.7
AT,2015,E.coli-3rd_gen_cephalosporins,9.67346938,,,,,,,,,,,,,,104.9
AT,2016,E.coli-3rd_gen_cephalosporins,10.00569584,,,,,,,,,,,,3480.26,12.26,106.0
AT,2017,E.coli-3rd_gen_cephalosporins,9.63150711,,,,,,,,,,,,3559.94,34.86,106.8
AT,2018,E.coli-3rd_gen_cephalosporins,10.20803949,,,,,,,,,,,,3251.71,32.12,107.1
AT,2019,E.coli-3rd_gen_cephalosporins,9.31870291,,,,,,,,,,,,3334.77,39.63,107.6
AT,2020,E.coli-3rd_gen_cephalosporins,9.46800595,,,,,,,,,,,,3370.17,9.8,107.6
AT,2021,E.coli-3rd_gen_cephalosporins,8.28968755,,,,,,,,,,,,3688.56,23.21,108.1
AT,2022,E.coli-3rd_gen_cephalosporins,8.32025117,,,,,,,,,,,,3283.96,28.98,109.6
AT,2023,E.coli-3rd_gen_cephalosporins,9.85248588,,,,,,,,,,,,3208.85,36.81,110.7
AT,2024,E.coli-3rd_gen_cephalosporins,10.55105348,,,,,,,,,,,,3087.92,55.62,111.3
BE,2001,E.coli-3rd_gen_cephalosporins,1.8018018,2.971,0.036,7.226,3.64,0.522,3.447,0.085,2.881,0.0,1.874,22.682,,,339.2
BE,2002,E.coli-3rd_gen_cephalosporins,2.79424216,2.665,0.031,7.415,3.83,0.473,3.338,0.083,2.954,0.0,1.896,22.685000000000002,,,340.7
BE,2003,E.coli-3rd_gen_cephalosporins,3.49544072,2.322,0.03,7.976,3.719,0.42,3.108,0.088,3.009,0.0,1.907,22.579,,,342.1
BE,2004,E.coli-3rd_gen_cephalosporins,2.64650283,2.077,0.025,8.07,3.539,0.385,2.427,0.084,2.718,0.0,1.959,21.284000000000002,,,343.6
BE,2005,E.coli-3rd_gen_cephalosporins,3.61445783,1.973,0.026,8.811,3.44,0.376,2.605,0.077,2.724,0.0,2.131,22.163,,,345.5
BE,2006,E.coli-3rd_gen_cephalosporins,2.91021671,0.021,0.002,0.742,0.377,0.001,0.094,0.058,0.254,0.0,0.142,1.6909999999999998,,,347.8
BE,2007,E.coli-3rd_gen_cephalosporins,3.92832529,1.973,0.024,9.88,2.722,0.001,2.723,0.058,2.512,0.0,2.339,22.232,,,350.4
BE,2008,E.coli-3rd_gen_cephalosporins,4.18736692,2.213,0.021,11.155,2.353,0.001,2.897,0.049,2.632,0.0,2.475,23.796,,,353.1
BE,2009,E.coli-3rd_gen_cephalosporins,6.45363408,2.164,0.024,11.004,2.191,0.0,3.04,0.059,2.85,0.0,2.61,23.942,,,356.0
BE,2010,E.coli-3rd_gen_cephalosporins,5.17418032,2.124,0.035,11.804,1.962,0.0,3.02,0.048,2.933,0.0,2.656,24.582,,,359.5
BE,2011,E.coli-3rd_gen_cephalosporins,6.04767879,2.11,0.033,11.963,1.889,0.0,3.274,0.044,2.973,0.0,2.746,25.031999999999996,,,364.3
BE,2012,E.coli-3rd_gen_cephalosporins,6.88308518,2.128,0.034,12.248,1.911,0.0,3.497,0.048,3.0,0.0,2.779,25.645,,,366.3
BE,2013,E.coli-3rd_gen_cephalosporins,7.99802517,2.178,0.033,10.614,1.918,0.0,3.443,0.051,2.856,0.0,2.851,23.944,,,368.0
BE,2014,E.coli-3rd_gen_cephalosporins,9.74304068,2.117,0.029,10.655,1.804,0.0,3.498,0.043,2.761,0.0,2.899,23.806,,,369.6
BE,2015,E.coli-3rd_gen_cephalosporins,9.67990744,2.052,0.028,10.848,1.827,0.0,3.742,0.04,2.781,0.0,2.872,24.19,,,371.8
BE,2016,E.coli-3rd_gen_cephalosporins,10.48969761,2.012,0.019,10.96,1.694,0.241,3.729,0.038,2.604,0.0,2.883,24.18,2723.56,23.22,373.7
BE,2017,E.coli-3rd_gen_cephalosporins,9.73886986,1.933,0.018,10.483,1.544,0.223,3.526,0.036,2.362,0.0,2.642,22.767,2620.02,15.26,373.6
BE,2018,E.coli-3rd_gen_cephalosporins,9.02239448,1.89,0.017,10.859,1.622,0.25,3.673,0.034,1.333,0.0,2.627,22.305,2544.33,34.27,375.3
BE,2019,E.coli-3rd_gen_cephalosporins,9.98221996,1.878,0.017,10.532,1.576,0.259,3.621,0.034,0.731,0.0,2.724,21.372,2570.53,37.7,377.3
BE,2020,E.coli-3rd_gen_cephalosporins,9.88425925,1.645,0.011,7.613,1.133,0.265,2.754,0.032,0.595,0.0,2.613,16.661,2382.39,48.74,377.3
BE,2021,E.coli-3rd_gen_cephalosporins,8.26096166,1.825,0.011,8.155,1.144,0.284,2.749,0.031,0.581,0.0,2.649,17.429,2782.1,4.18,378.9
BE,2022,E.coli-3rd_gen_cephalosporins,8.75555555,1.74,0.014,10.341,1.303,0.3,3.47,0.029,0.614,0.0,2.677,20.488,2400.32,24.85,383.6
BE,2023,E.coli-3rd_gen_cephalosporins,10.08878127,1.804,0.015,10.641,1.177,0.33,3.715,0.026,0.607,0.0,2.343,20.658,2376.92,11.07,386.8
BE,2024,E.coli-3rd_gen_cephalosporins,11.91865938,1.901,0.014,9.962,1.085,0.334,3.793,0.024,1.301,0.0,2.711,21.125,2396.73,12.26,389.1
BG,2001,E.coli-3rd_gen_cephalosporins,6.66666666,3.637,0.148,10.968,2.503,1.306,0.605,1.549,1.603,0.0,0.346,22.665000000000003,,,72.3
BG,2002,E.coli-3rd_gen_cephalosporins,13.33333333,2.798,0.111,8.517,1.426,0.943,0.743,1.361,1.347,0.0,0.046,17.292,,,70.6
BG,2003,E.coli-3rd_gen_cephalosporins,18.35443037,3.067,0.081,6.666,1.433,1.077,1.436,1.207,0.439,0.0,0.136,15.541999999999998,,,70.0
BG,2004,E.coli-3rd_gen_cephalosporins,21.55688622,2.838,0.081,7.727,1.686,0.973,1.018,0.392,1.606,0.0,0.122,16.443,,,69.5
BG,2005,E.coli-3rd_gen_cephalosporins,28.07881773,2.611,0.081,5.691,2.077,0.879,1.362,0.347,2.28,0.0,0.23,15.558000000000002,,,69.0
BG,2006,E.coli-3rd_gen_cephalosporins,28.57142857,2.555,0.064,6.408,2.245,0.0,1.9,0.4130000000000001,1.916,0.0,0.042,15.543000000000001,,,68.5
BG,2007,E.coli-3rd_gen_cephalosporins,22.83464566,2.378,0.064,6.892,2.431,0.0,2.731,0.41,2.052,0.0,0.052,17.009999999999998,,,68.0
BG,2008,E.coli-3rd_gen_cephalosporins,29.25170068,2.194,0.057,6.928,2.761,0.0,3.308,0.391,2.189,0.0,0.067,17.895,,,67.5
BG,2009,E.coli-3rd_gen_cephalosporins,19.17098445,1.643,0.035,5.978,3.002,0.0,3.294,0.354,2.079,0.0,0.076,16.461000000000002,,,67.1
BG,2010,E.coli-3rd_gen_cephalosporins,24.8366013,1.731,0.04,5.669,3.101,0.0,3.279,0.328,2.086,0.0,0.065,16.299000000000003,,,67.9
BG,2011,E.coli-3rd_gen_cephalosporins,22.90502793,1.843,0.04,5.849,3.383,0.0,3.539,0.324,2.373,0.0,0.068,17.419,,,67.5
BG,2012,E.coli-3rd_gen_cephalosporins,38.11659192,1.792,0.039,5.417,3.248,0.0,3.289,0.275,2.522,0.0,0.015,16.597,,,67.1
BG,2013,E.coli-3rd_gen_cephalosporins,39.57219251,1.779,0.04,5.843,3.575,0.0,3.578,0.267,2.634,0.0,0.081,17.796999999999997,,,66.7
BG,2014,E.coli-3rd_gen_cephalosporins,40.36697247,1.816,0.04,5.698,4.172,0.0,4.068000000000001,0.287,3.011,0.0,0.017,19.109,,,66.3
BG,2015,E.coli-3rd_gen_cephalosporins,38.53658536,1.763,0.038,5.761,4.751,0.0,4.084000000000001,0.285,3.041,0.0,0.102,19.825000000000003,,,66.2
BG,2016,E.coli-3rd_gen_cephalosporins,41.59663865,1.753,0.001,4.897,4.964,0.807,3.896,0.265,3.018,0.0,0.219,19.82,2484.46,175.43,64.8
BG,2017,E.coli-3rd_gen_cephalosporins,41.29554655,1.708,0.035,5.687,5.207,0.887,4.075,0.26,3.11,0.0,0.259,21.228,2592.48,197.78,64.3
BG,2018,E.coli-3rd_gen_cephalosporins,38.69863013,1.702,0.034,5.887,5.619,0.908,4.303,0.269,3.123,0.0,0.204,22.049000000000003,2418.88,118.51,63.9
BG,2019,E.coli-3rd_gen_cephalosporins,38.63636363,1.786,0.034,5.761,5.48,0.822,4.337,0.267,3.081,0.0,0.17,21.738,2219.62,152.56,63.4
BG,2020,E.coli-3rd_gen_cephalosporins,41.37931034,2.357,0.034,5.112,5.266,0.685,6.293,0.274,3.886,0.0,0.142,24.049,2314.23,156.38,63.4
BG,2021,E.coli-3rd_gen_cephalosporins,37.26235741,2.775,0.033,5.22,6.096,0.697,5.963,0.26,4.513,0.216,0.116,25.889,2568.31,204.5,63.0
BG,2022,E.coli-3rd_gen_cephalosporins,40.16736401,2.57,0.032,6.384,6.857,0.851,6.127,0.236,3.73,0.211,0.095,27.092999999999996,2373.0,191.67,58.8
BG,2023,E.coli-3rd_gen_cephalosporins,37.25490196,2.504,0.03,6.38,7.375,0.797,5.403,0.256,3.276,0.194,0.076,26.290999999999997,2145.56,235.67,58.6
BG,2024,E.coli-3rd_gen_cephalosporins,34.52380952,2.028,0.024,5.536,7.079,0.617,4.837,0.269,2.736,0.186,0.102,23.413999999999998,2174.74,334.56,58.6
CY,2003,E.coli-3rd_gen_cephalosporins,,,,,,,,,,,,,,,77.7
CY,2004,E.coli-3rd_gen_cephalosporins,8.69565217,,,,,,,,,,,,,,78.7
CY,2005,E.coli-3rd_gen_cephalosporins,16.0,,,,,,,,,,,,,,79.8
CY,2006,E.coli-3rd_gen_cephalosporins,15.55555555,3.11,0.001,9.731,6.249,0.438,3.334,0.096,3.83,0.0,0.359,27.148000000000003,,,81.2
CY,2007,E.coli-3rd_gen_cephalosporins,18.34862385,2.51,0.001,10.625,7.013,0.352,3.59,0.4150000000000001,3.768,0.0,0.385,28.659,,,82.9
CY,2008,E.coli-3rd_gen_cephalosporins,19.32773109,,,,,,,,,,,,,,85.4
CY,2009,E.coli-3rd_gen_cephalosporins,13.97058823,2.874,0.001,10.758,6.447,0.456,3.985,0.096,4.102,0.0,0.442,29.160999999999998,,,87.7
CY,2010,E.coli-3rd_gen_cephalosporins,20.14388489,3.273,0.001,9.692,5.403,0.01,2.902,0.073,4.072,0.0,0.471,25.897000000000002,,,90.0
CY,2011,E.coli-3rd_gen_cephalosporins,36.23188405,1.399,0.0,5.232,3.07,0.007,1.575,0.033,1.907,0.0,0.229,13.452,,,92.3
CY,2012,E.coli-3rd_gen_cephalosporins,31.81818181,3.092,0.0,9.292,5.357,0.008,2.918,0.059,3.513,0.0,0.495,24.734,,,93.8
CY,2013,E.coli-3rd_gen_cephalosporins,38.88888888,,,,,,,,,,,,,,93.5
CY,2014,E.coli-3rd_gen_cephalosporins,28.75816993,3.296,0.0,7.804,4.461,0.004,2.457,0.057,3.211,0.0,0.5680000000000001,21.858,,,92.5
CY,2015,E.coli-3rd_gen_cephalosporins,28.45528455,3.549,0.0,8.81,5.162,0.006,3.213,0.063,4.482,0.0,0.675,25.96,,,92.0
CY,2016,E.coli-3rd_gen_cephalosporins,30.20134228,3.774,0.0,8.589,5.077,0.007,2.736,0.068,6.893,0.0,0.722,27.866000000000003,707.54,715.66,92.4
CY,2017,E.coli-3rd_gen_cephalosporins,30.76923076,3.444,0.0,9.168,5.705,0.285,2.843,0.072,6.099,0.0,0.765,28.381,747.94,689.02,93.3
CY,2018,E.coli-3rd_gen_cephalosporins,37.08609271,3.748,0.0,8.74,5.788,0.26,2.992,0.082,5.211,0.0,0.721,27.541999999999998,505.57,777.9,94.4
CY,2019,E.coli-3rd_gen_cephalosporins,20.65217391,3.725,0.0,9.57,6.294,0.189,3.127,0.076,5.726,0.0,0.932,29.639,729.19,738.12,95.7
CY,2020,E.coli-3rd_gen_cephalosporins,29.8245614,3.292,0.0,8.182,6.09,0.282,2.58,0.091,7.224,0.0,0.727,28.468,678.47,771.19,95.7
CY,2021,E.coli-3rd_gen_cephalosporins,32.8125,3.808,0.0,7.233,5.052,0.2,2.714,0.085,4.600000000000001,0.0,0.843,24.535,653.54,704.32,96.8
CY,2022,E.coli-3rd_gen_cephalosporins,32.44444444,1.534,0.0,15.19,6.308,0.186,3.685,0.09,4.442,0.0,1.213,32.647999999999996,741.05,671.11,100.6
CY,2023,E.coli-3rd_gen_cephalosporins,34.74320241,,,,,,,,,,,,577.0,744.01,104.0
CY,2024,E.coli-3rd_gen_cephalosporins,38.75,1.49,0.0,7.086,5.398,0.196,2.548,0.065,4.603,0.0,1.045,22.431000000000004,558.83,956.92,105.8
CZ,2001,E.coli-3rd_gen_cephalosporins,2.31362467,,,,,,,,,,,,,,132.2
CZ,2002,E.coli-3rd_gen_cephalosporins,1.19873817,,,,,,,,,,,,,,132.0
CZ,2003,E.coli-3rd_gen_cephalosporins,1.13700966,,,,,,,,,,,,,,131.9
CZ,2004,E.coli-3rd_gen_cephalosporins,1.67938931,,,,,,,,,,,,,,132.0
CZ,2005,E.coli-3rd_gen_cephalosporins,2.23914017,,,,,,,,,,,,,,132.2
CZ,2006,E.coli-3rd_gen_cephalosporins,5.13888888,,,,,,,,,,,,,,132.5
CZ,2007,E.coli-3rd_gen_cephalosporins,7.39509763,,,,,,,,,,,,,,133.3
CZ,2008,E.coli-3rd_gen_cephalosporins,9.86121256,,,,,,,,,,,,,,134.4
CZ,2009,E.coli-3rd_gen_cephalosporins,9.7861544,,,,,,,,,,,,,,135.2
CZ,2010,E.coli-3rd_gen_cephalosporins,10.35455278,,,,,,,,,,,,,,135.6
CZ,2011,E.coli-3rd_gen_cephalosporins,11.36363636,,,,,,,,,,,,,,135.9
CZ,2012,E.coli-3rd_gen_cephalosporins,11.4509246,,,,,,,,,,,,,,136.1
CZ,2013,E.coli-3rd_gen_cephalosporins,13.10088016,,,,,,,,,,,,,,136.1
CZ,2014,E.coli-3rd_gen_cephalosporins,13.96910678,,,,,,,,,,,,,,136.3
CZ,2015,E.coli-3rd_gen_cephalosporins,14.50189155,,,,,,,,,,,,,,136.6
CZ,2016,E.coli-3rd_gen_cephalosporins,15.06043776,,,,,,,,,,,,3285.11,9.9,136.8
CZ,2017,E.coli-3rd_gen_cephalosporins,14.22319474,,,,,,,,,,,,3348.9,21.52,137.2
CZ,2018,E.coli-3rd_gen_cephalosporins,15.2156001,,,,,,,,,,,,3029.83,44.26,137.7
CZ,2019,E.coli-3rd_gen_cephalosporins,15.91228563,2.0,0.002,6.018,2.543,0.896,3.598,0.087,0.686,0.0,1.092,16.921999999999997,3033.44,38.51,138.2
CZ,2020,E.coli-3rd_gen_cephalosporins,13.27994661,1.819,0.002,4.474,1.906,0.778,2.733,0.083,0.596,0.0,0.994,13.385000000000002,3112.48,5.96,138.2
CZ,2021,E.coli-3rd_gen_cephalosporins,14.41717791,1.563,0.002,4.673,2.009,0.754,2.838,0.077,0.598,0.0,1.21,13.724,3486.42,10.36,138.6
CZ,2022,E.coli-3rd_gen_cephalosporins,14.75042063,1.769,0.002,6.054,2.513,0.89,3.961,0.074,0.628,0.0,1.194,17.085,3115.35,26.34,138.2
CZ,2023,E.coli-3rd_gen_cephalosporins,15.87872559,1.689,0.002,6.975,2.972,0.899,3.857,0.073,0.514,0.0,1.286,18.267000000000003,2957.0,30.11,140.7
CZ,2024,E.coli-3rd_gen_cephalosporins,15.7882408,1.879,0.001,6.528,2.224,0.848,4.879,0.063,0.511,0.0,1.499,18.431999999999995,2812.31,42.33,141.2
DE,2000,E.coli-3rd_gen_cephalosporins,0.0,,,,,,,,,,,,,,230.3
DE,2001,E.coli-3rd_gen_cephalosporins,0.7154213,,,,,,,,,,,,,,230.7
DE,2002,E.coli-3rd_gen_cephalosporins,0.93984962,2.684,0.001,3.435,0.894,1.025,2.264,0.046,1.125,0.016,0.288,11.778,,,231.0
DE,2003,E.coli-3rd_gen_cephalosporins,0.6060606,3.483,0.001,3.509,1.206,0.962,2.301,0.044,1.054,0.025,0.323,12.908,,,231.2
DE,2004,E.coli-3rd_gen_cephalosporins,1.8961253,3.184,0.001,3.103,1.256,0.932,2.123,0.038,1.151,0.015,0.326,12.129000000000001,,,231.1
DE,2005,E.coli-3rd_gen_cephalosporins,1.67189132,,,,,,,,,,,,,,230.9
DE,2006,E.coli-3rd_gen_cephalosporins,4.24528301,,,,,,,,,,,,,,230.7
DE,2007,E.coli-3rd_gen_cephalosporins,7.70020533,,,,,,,,,,,,,,230.4
DE,2008,E.coli-3rd_gen_cephalosporins,4.83570985,,,,,,,,,,,,,,229.9
DE,2009,E.coli-3rd_gen_cephalosporins,8.15512866,,,,,,,,,,,,,,229.3
DE,2010,E.coli-3rd_gen_cephalosporins,8.35820895,,,,,,,,,,,,,,229.0
DE,2011,E.coli-3rd_gen_cephalosporins,7.96265788,,,,,,,,,,,,,,224.8
DE,2012,E.coli-3rd_gen_cephalosporins,8.83898709,,,,,,,,,,,,,,225.2
DE,2013,E.coli-3rd_gen_cephalosporins,10.74039362,,,,,,,,,,,,,,225.8
DE,2014,E.coli-3rd_gen_cephalosporins,10.53474223,,,,,,,,,,,,,,226.5
DE,2015,E.coli-3rd_gen_cephalosporins,10.29786291,,,,,,,,,,,,,,228.4
DE,2016,E.coli-3rd_gen_cephalosporins,11.09947643,,,,,,,,,,,,3018.69,15.74,233.1
DE,2017,E.coli-3rd_gen_cephalosporins,12.28139037,,,,,,,,,,,,2975.2,9.01,234.0
DE,2018,E.coli-3rd_gen_cephalosporins,12.19700759,,,,,,,,,,,,2784.88,51.94,234.7
DE,2019,E.coli-3rd_gen_cephalosporins,11.50642805,,,,,,,,,,,,2812.97,45.54,235.2
DE,2020,E.coli-3rd_gen_cephalosporins,10.3580338,,,,,,,,,,,,2754.54,25.29,235.2
DE,2021,E.coli-3rd_gen_cephalosporins,9.09686089,,,,,,,,,,,,3128.38,11.33,235.4
DE,2022,E.coli-3rd_gen_cephalosporins,9.41785861,,,,,,,,,,,,2748.46,33.23,235.4
DE,2023,E.coli-3rd_gen_cephalosporins,9.73319749,1.594,0.0,5.251,2.774,0.493,2.024,0.022,0.584,0.0,0.639,13.380999999999998,2675.87,19.14,235.8
DE,2024,E.coli-3rd_gen_cephalosporins,10.60872886,1.602,0.001,5.863,2.469,0.5720000000000001,2.149,0.021,0.53,0.0,0.64,13.847000000000001,2583.4,19.02,236.4
DK,2005,E.coli-3rd_gen_cephalosporins,1.14942528,1.285,0.0,9.512,0.275,0.884,2.428,0.065,0.464,0.0,0.85,15.763,,,125.7
DK,2006,E.coli-3rd_gen_cephalosporins,2.44698205,1.388,0.0,9.867,0.304,0.908,2.412,0.057,0.528,0.0,0.872,16.336000000000002,,,126.2
DK,2007,E.coli-3rd_gen_cephalosporins,3.24601366,1.485,0.0,10.44,0.353,0.833,2.545,0.046,0.627,0.0,0.622,16.951,,,126.7
DK,2008,E.coli-3rd_gen_cephalosporins,4.05785456,,,,,,,,,,,,,,127.5
DK,2009,E.coli-3rd_gen_cephalosporins,6.17375231,1.646,0.0,10.089,0.38,0.772,2.347,0.036,0.729,0.0,0.66,16.659000000000002,,,128.2
DK,2010,E.coli-3rd_gen_cephalosporins,7.59966777,1.722,0.0,10.432,0.374,0.785,2.471,0.021,0.713,0.0,0.945,17.463,,,128.7
DK,2011,E.coli-3rd_gen_cephalosporins,8.49131121,1.761,0.0,10.881,0.372,0.754,2.745,0.038,0.759,0.0,0.932,18.241999999999997,,,129.7
DK,2012,E.coli-3rd_gen_cephalosporins,7.860262,1.8,0.0,10.332,0.323,0.762,2.344,0.045,0.741,0.0,0.923,17.270000000000003,,,130.4
DK,2013,E.coli-3rd_gen_cephalosporins,8.07833537,1.993,0.0,10.729,0.386,0.766,1.925,0.054,0.7020000000000002,0.0,0.901,17.456,,,130.8
DK,2014,E.coli-3rd_gen_cephalosporins,7.00680272,1.694,0.0,10.704,0.421,0.775,1.938,0.041,0.678,0.0,0.809,17.06,,,131.5
DK,2015,E.coli-3rd_gen_cephalosporins,7.4764306,1.644,0.0,10.873,0.324,0.745,1.941,0.041,0.662,0.0,0.864,17.094,,,132.4
DK,2016,E.coli-3rd_gen_cephalosporins,6.56793303,1.651,0.0,10.788,0.294,0.8320000000000001,1.907,0.053,0.626,0.0,0.86,17.011,3152.32,0.31,136.4
DK,2017,E.coli-3rd_gen_cephalosporins,6.90149498,1.466,0.0,10.518,0.33,0.8240000000000002,1.749,0.06,0.584,0.0,0.715,16.246000000000002,3127.81,0.0,137.3
DK,2018,E.coli-3rd_gen_cephalosporins,7.65570039,1.443,0.0,10.228,0.285,0.79,1.607,0.054,0.547,0.0,0.606,15.56,3058.42,13.8,138.0
DK,2019,E.coli-3rd_gen_cephalosporins,7.54272245,1.538,0.0,9.926,0.263,0.712,1.577,0.061,0.493,0.0,0.734,15.304,3033.01,2.05,138.5
DK,2020,E.coli-3rd_gen_cephalosporins,6.6969353,1.739,0.0,9.054,0.241,0.673,1.314,0.046,0.438,0.0,0.759,14.264000000000001,2924.58,0.67,138.5
DK,2021,E.coli-3rd_gen_cephalosporins,6.16691285,1.693,0.0,9.291,0.231,0.656,1.267,0.051,0.417,0.0,0.807,14.413,3266.04,0.69,138.9
DK,2022,E.coli-3rd_gen_cephalosporins,6.62786331,1.751,0.0,9.911,0.232,0.63,1.32,0.048,0.442,0.0,0.822,15.155999999999999,3020.27,3.21,140.6
DK,2023,E.coli-3rd_gen_cephalosporins,6.31638846,1.797,0.0,10.844,0.213,0.648,1.479,0.05,0.425,0.0,0.721,16.177,3032.98,0.04,141.6
DK,2024,E.coli-3rd_gen_cephalosporins,6.76103557,1.887,0.0,10.256,0.207,0.588,1.784,0.055,0.401,0.0,0.867,16.045,2890.62,0.06,142.4
EE,2000,E.coli-3rd_gen_cephalosporins,,,,,,,,,,,,,,,32.2
EE,2001,E.coli-3rd_gen_cephalosporins,5.88235294,2.892,0.0,5.49,0.682,1.393,1.454,0.306,0.8230000000000002,0.0,1.331,14.370999999999999,,,32.0
EE,2002,E.coli-3rd_gen_cephalosporins,1.53846153,2.83,0.0,3.97,0.813,1.139,1.285,0.277,0.712,0.0,1.389,12.415,,,31.8
EE,2003,E.coli-3rd_gen_cephalosporins,1.03092783,2.893,0.0,3.808,0.842,0.914,1.204,0.252,0.793,0.0,1.339,12.045,,,31.6
EE,2004,E.coli-3rd_gen_cephalosporins,3.61445783,2.564,0.0,3.555,0.966,0.92,1.572,0.319,0.93,0.0,0.589,11.415000000000001,,,31.4
EE,2005,E.coli-3rd_gen_cephalosporins,1.29032258,2.521,0.0,3.786,1.06,0.991,1.879,0.205,1.011,0.0,1.377,12.83,,,31.2
EE,2006,E.coli-3rd_gen_cephalosporins,0.46948356,2.397,0.0,3.629,1.151,0.029,2.002,0.085,1.044,0.0,0.644,10.981,,,31.0
EE,2007,E.coli-3rd_gen_cephalosporins,1.38248847,2.4,0.0,3.858,1.223,0.029,2.453,0.13,1.067,0.0,0.5680000000000001,11.728,,,30.9
EE,2008,E.coli-3rd_gen_cephalosporins,4.58015267,2.271,0.0,3.777,1.314,0.023,2.451,0.116,1.201,0.0,0.613,11.766,,,30.8
EE,2009,E.coli-3rd_gen_cephalosporins,2.19435736,2.173,0.0,3.406,1.246,0.023,2.21,0.074,1.021,0.0,0.5640000000000001,10.717,,,30.7
EE,2010,E.coli-3rd_gen_cephalosporins,5.50161812,1.985,0.0,3.35,1.356,0.021,2.356,0.131,0.996,0.0,0.546,10.741,,,30.7
EE,2011,E.coli-3rd_gen_cephalosporins,12.22222222,2.176,0.0,3.591,1.501,0.022,2.678,0.064,1.044,0.0,0.58,11.656,,,30.6
EE,2012,E.coli-3rd_gen_cephalosporins,7.86885245,1.888,0.0,3.548,1.53,0.028,2.682,0.07,1.15,0.0,0.609,11.505,,,30.5
EE,2013,E.coli-3rd_gen_cephalosporins,7.35294117,1.691,0.0,3.543,1.641,0.03,2.642,0.06,1.085,0.0,0.622,11.314,,,30.3
EE,2014,E.coli-3rd_gen_cephalosporins,9.26829268,1.52,0.0,3.625,1.703,0.031,2.582,0.073,1.087,0.0,0.63,11.251000000000001,,,30.3
EE,2015,E.coli-3rd_gen_cephalosporins,11.38211382,1.497,0.0,3.742,1.782,0.03,2.604,0.044,1.078,0.0,0.647,11.424000000000001,,,30.3
EE,2016,E.coli-3rd_gen_cephalosporins,8.98716119,1.603,0.0,3.857,1.706,0.45,2.406,0.033,0.99,0.0,0.663,11.708000000000002,4215.88,1.53,30.3
EE,2017,E.coli-3rd_gen_cephalosporins,8.75634517,1.32,0.0,3.982,1.733,0.463,2.424,0.042,0.987,0.0,0.644,11.595,4218.11,0.0,30.3
EE,2018,E.coli-3rd_gen_cephalosporins,9.76470588,1.278,0.0,4.278,1.687,0.485,2.489,0.032,0.861,0.0,0.667,11.777,4070.6,25.77,30.4
EE,2019,E.coli-3rd_gen_cephalosporins,11.53846153,1.385,0.0,4.288,1.694,0.454,2.49,0.025,0.775,0.0,0.669,11.780000000000001,3890.15,1.32,30.5
EE,2020,E.coli-3rd_gen_cephalosporins,8.27374872,1.39,0.0,3.757,1.535,0.339,1.97,0.025,0.883,0.0,0.5630000000000001,10.462,3563.54,1.61,30.5
EE,2021,E.coli-3rd_gen_cephalosporins,8.07319698,1.332,0.0,3.74,1.393,0.367,1.861,0.022,0.704,0.0,0.652,10.071,4289.96,37.65,30.6
EE,2022,E.coli-3rd_gen_cephalosporins,11.76470588,1.547,0.0,4.881,1.672,0.425,2.435,0.024,0.719,0.0,0.69,12.392999999999999,4124.88,15.65,31.3
EE,2023,E.coli-3rd_gen_cephalosporins,11.43911439,1.642,0.0,5.013,1.588,0.536,2.618,0.019,0.7020000000000002,0.0,0.593,12.711,3992.11,7.02,31.8
EE,2024,E.coli-3rd_gen_cephalosporins,9.94623655,1.589,0.0,5.155,1.425,0.494,2.865,0.019,0.636,0.0,0.7030000000000002,12.886,3674.01,1.62,31.8
EL,2000,E.coli-3rd_gen_cephalosporins,3.60110803,2.851,0.003,7.758,7.286,0.744,7.084,0.319,1.912,0.022,0.4150000000000001,28.394,,,82.6
EL,2001,E.coli-3rd_gen_cephalosporins,5.44815465,2.828,0.004,7.508,7.252,0.638,7.146,0.263,2.286,0.021,0.464,28.409999999999997,,,83.0
EL,2002,E.coli-3rd_gen_cephalosporins,6.36833046,2.752,0.002,7.325,7.401,0.596,8.067,0.278,2.621,0.017,0.488,29.546999999999997,,,83.3
EL,2003,E.coli-3rd_gen_cephalosporins,5.60224089,2.589,0.002,7.609,6.865,0.658,9.637,0.293,2.008,0.012,0.4780000000000001,30.151000000000003,,,83.5
EL,2004,E.coli-3rd_gen_cephalosporins,6.03907637,2.646,0.002,7.162,7.144,0.683,9.771,0.281,1.83,0.003,0.289,29.811000000000003,,,83.7
EL,2005,E.coli-3rd_gen_cephalosporins,7.023705,2.563,0.002,7.667,7.86,0.693,10.081,0.277,1.843,0.0,0.158,31.144000000000002,,,84.0
EL,2006,E.coli-3rd_gen_cephalosporins,6.07513988,2.521,0.002,9.627,7.748,0.0,10.463,3.329,2.121,0.0,0.6,36.411,,,84.2
EL,2007,E.coli-3rd_gen_cephalosporins,7.62987012,2.456,0.002,8.991,8.917,0.0,12.009,2.512,2.929,0.0,0.669,38.485,,,84.5
EL,2008,E.coli-3rd_gen_cephalosporins,9.93150684,2.417,0.0,10.172,9.501,0.0,11.601,2.606,2.973,0.0,0.709,39.979000000000006,,,84.7
EL,2009,E.coli-3rd_gen_cephalosporins,10.13774104,2.052,0.001,10.283,9.303,0.0,11.85,0.253,2.855,0.0,0.637,37.234,,,84.9
EL,2010,E.coli-3rd_gen_cephalosporins,14.20039814,2.346,0.001,8.738,9.006,0.0,9.006,0.311,2.85,0.0,2.999,35.257000000000005,,,85.0
EL,2011,E.coli-3rd_gen_cephalosporins,14.91289198,2.486,0.001,8.686,8.293000000000001,0.0,9.746,0.166,2.843,0.0,0.837,33.05800000000001,,,84.1
EL,2012,E.coli-3rd_gen_cephalosporins,16.22397702,1.963,0.001,8.957,7.101,0.003,7.989,0.132,2.579,0.0,0.819,29.543999999999997,,,83.6
EL,2013,E.coli-3rd_gen_cephalosporins,17.21115537,1.875,0.0,8.965,7.939,0.346,7.416,0.124,2.239,0.0,0.946,29.85,,,83.0
EL,2014,E.coli-3rd_gen_cephalosporins,21.03386809,2.427,0.001,8.548,7.817,0.365,8.092,0.137,2.783,0.0,0.966,31.136000000000003,,,82.5
EL,2015,E.coli-3rd_gen_cephalosporins,19.83539094,2.639,0.001,10.374,8.069,0.432,7.712,0.119,2.909,0.0,1.041,33.296,,,82.7
EL,2016,E.coli-3rd_gen_cephalosporins,17.6380368,2.761,0.001,11.733,7.987,0.397,6.251,0.139,2.834,0.0,1.156,33.259,1543.43,330.5,82.4
EL,2017,E.coli-3rd_gen_cephalosporins,18.29931972,2.864,0.001,11.607,8.251,0.343,7.153,0.138,2.818,0.0,1.242,34.416999999999994,1687.31,335.59,82.2
EL,2018,E.coli-3rd_gen_cephalosporins,19.32926829,3.022,0.001,11.455,8.48,0.321,6.547,0.144,3.178,0.0,1.228,34.376000000000005,1449.59,288.92,82.5
EL,2019,E.coli-3rd_gen_cephalosporins,18.94736842,3.124,0.001,11.353,8.181000000000001,0.3490000000000001,6.797,0.143,3.266,0.0,1.165,34.379,1529.79,346.48,82.4
EL,2020,E.coli-3rd_gen_cephalosporins,21.86948853,3.075,0.001,9.079,6.365,0.465,5.309,0.127,2.827,0.0,1.149,28.397,1562.82,322.09,82.4
EL,2021,E.coli-3rd_gen_cephalosporins,21.73314993,3.051,0.001,7.872,5.014,0.347,3.75,0.129,2.393,0.0,1.267,23.823999999999998,1607.97,401.36,82.3
EL,2022,E.coli-3rd_gen_cephalosporins,23.31983805,2.986,0.001,10.137,7.458,0.354,7.303,0.084,3.337,0.0,1.223,32.883,1610.97,348.44,80.3
EL,2023,E.coli-3rd_gen_cephalosporins,22.82921219,1.953,0.001,9.232,6.664,0.173,6.072,0.083,3.437,0.0,0.947,28.561999999999998,1449.03,366.5,80.0
EL,2024,E.coli-3rd_gen_cephalosporins,25.50066755,2.019,0.001,10.057,7.114,0.322,5.883,0.12,3.527,0.0,0.984,30.027,1382.8,538.38,79.8
ES,2001,E.coli-3rd_gen_cephalosporins,0.61898211,,,,,,,,,,,,,,80.7
ES,2002,E.coli-3rd_gen_cephalosporins,1.57575757,,,,,,,,,,,,,,81.9
ES,2003,E.coli-3rd_gen_cephalosporins,4.22641509,,,,,,,,,,,,,,83.4
ES,2004,E.coli-3rd_gen_cephalosporins,6.5317919,,,,,,,,,,,,,,84.8
ES,2005,E.coli-3rd_gen_cephalosporins,7.7410744,,,,,,,,,,,,,,86.3
ES,2006,E.coli-3rd_gen_cephalosporins,7.13860797,,,,,,,,,,,,,,87.7
ES,2007,E.coli-3rd_gen_cephalosporins,7.44884038,,,,,,,,,,,,,,90.1
ES,2008,E.coli-3rd_gen_cephalosporins,9.01820187,,,,,,,,,,,,,,91.6
ES,2009,E.coli-3rd_gen_cephalosporins,11.30594085,,,,,,,,,,,,,,92.4
ES,2010,E.coli-3rd_gen_cephalosporins,12.11376404,,,,,,,,,,,,,,92.8
ES,2011,E.coli-3rd_gen_cephalosporins,11.98214285,,,,,,,,,,,,,,93.2
ES,2012,E.coli-3rd_gen_cephalosporins,13.50493653,,,,,,,,,,,,,,93.2
ES,2013,E.coli-3rd_gen_cephalosporins,13.30074173,,,,,,,,,,,,,,92.9
ES,2014,E.coli-3rd_gen_cephalosporins,12.3346504,,,,,,,,,,,,,,92.5
ES,2015,E.coli-3rd_gen_cephalosporins,11.62103298,,,,,,,,,,,,,,92.5
ES,2016,E.coli-3rd_gen_cephalosporins,14.97058823,1.494,0.0,15.427,2.67,0.292,3.315,0.087,3.241,0.0,0.676,27.202,1783.41,286.22,92.5
ES,2017,E.coli-3rd_gen_cephalosporins,12.80902604,1.486,0.0,14.844,2.676,0.463,3.211,0.081,3.119,0.0,0.65,26.53,1658.76,311.27,92.7
ES,2018,E.coli-3rd_gen_cephalosporins,13.75741512,1.49,0.0,14.392,2.751,0.471,3.178,0.082,2.966,0.0,0.665,25.994999999999997,1862.64,240.11,93.1
ES,2019,E.coli-3rd_gen_cephalosporins,14.11623726,1.515,0.0,13.737,2.76,0.459,2.95,0.077,2.527,0.184,0.691,24.9,1736.29,248.58,93.8
ES,2020,E.coli-3rd_gen_cephalosporins,14.07541322,1.483,0.0,10.379,2.329,0.45,2.222,0.078,1.974,0.163,0.675,19.753,1623.19,277.58,93.8
ES,2021,E.coli-3rd_gen_cephalosporins,13.15824915,1.683,0.0,10.382,2.384,0.483,2.187,0.078,1.894,0.151,0.725,19.967000000000002,1730.2,235.66,94.2
ES,2022,E.coli-3rd_gen_cephalosporins,14.87741262,1.533,0.0,12.255,2.77,0.512,3.004,0.072,2.163,0.133,0.782,23.223999999999997,1537.27,383.27,95.1
ES,2023,E.coli-3rd_gen_cephalosporins,16.21534146,1.491,0.0,12.967,2.904,0.544,2.987,0.064,2.223,0.118,0.81,24.107999999999997,1543.89,337.49,96.2
ES,2024,E.coli-3rd_gen_cephalosporins,16.83130334,1.597,0.0,12.686,2.858,0.58,3.323,0.056,2.153,0.124,0.818,24.195,1496.82,304.19,97.2
FI,2001,E.coli-3rd_gen_cephalosporins,0.16570008,4.849,0.0,5.423,3.138,2.196,2.481,0.035,1.45,0.0,2.911,22.483,,,17.0
FI,2002,E.coli-3rd_gen_cephalosporins,0.62992125,4.126,0.0,4.54,3.134,2.058,2.367,0.035,1.534,0.0,2.921,20.715,,,17.1
FI,2003,E.coli-3rd_gen_cephalosporins,1.03016924,4.12,0.0,5.088,3.128,1.993,2.637,0.029,1.272,0.0,2.849,21.116000000000003,,,17.1
FI,2004,E.coli-3rd_gen_cephalosporins,1.52314001,3.748,0.0,4.63,2.975,1.992,2.129,0.031,1.248,0.0,2.887,19.64,,,17.2
FI,2005,E.coli-3rd_gen_cephalosporins,1.77267987,4.194,0.0,5.06,3.108,1.878,2.056,0.03,1.241,0.0,2.849,20.416,,,17.2
FI,2006,E.coli-3rd_gen_cephalosporins,1.81526962,3.966,0.0,4.905,3.165,1.79,1.818,0.025,1.24,0.0,2.814,19.723000000000003,,,17.3
FI,2007,E.coli-3rd_gen_cephalosporins,1.54004106,4.172,0.0,5.275,3.274,1.754,1.829,0.022,1.277,0.0,2.644,20.247,,,17.4
FI,2008,E.coli-3rd_gen_cephalosporins,2.10828941,4.243,0.0,5.287,3.283,1.199,1.601,0.017,1.173,0.0,2.69,19.493000000000002,,,17.5
FI,2009,E.coli-3rd_gen_cephalosporins,2.80330882,4.25,0.0,5.285,3.284,1.199,1.626,0.017,1.246,0.0,2.69,19.597,,,17.6
FI,2010,E.coli-3rd_gen_cephalosporins,3.74651255,4.305,0.0,5.551,3.222,1.149,1.615,0.017,1.216,0.0,2.655,19.73,,,17.6
FI,2011,E.coli-3rd_gen_cephalosporins,5.0,4.978,0.0,5.533,3.335,1.191,1.979,0.017,1.286,0.0,2.662,20.980999999999998,,,17.7
FI,2012,E.coli-3rd_gen_cephalosporins,6.19860847,4.917,0.0,5.417,3.211,1.077,1.707,0.016,1.189,0.0,2.634,20.168,,,17.8
FI,2013,E.coli-3rd_gen_cephalosporins,7.06989247,4.537,0.0,5.366000000000001,3.19,1.014,1.42,0.009,1.132,0.0,2.436,19.104,,,17.9
FI,2014,E.coli-3rd_gen_cephalosporins,5.4627089,4.333,0.0,5.494,3.144,0.964,1.301,0.006,1.109,0.0,2.303,18.654,,,18.0
FI,2015,E.coli-3rd_gen_cephalosporins,6.05711653,4.125,0.0,5.387,2.991,0.91,1.175,0.016,0.988,0.0,2.086,17.678,,,18.0
FI,2016,E.coli-3rd_gen_cephalosporins,6.89582454,3.91,0.0,5.302,3.015,1.196,1.048,0.017,0.994,0.0,1.934,17.416,5343.23,0.0,18.1
FI,2017,E.coli-3rd_gen_cephalosporins,6.85429829,3.452,0.0,4.942,2.779,1.105,0.873,0.015,0.888,0.0,1.653,15.707,5525.81,0.0,18.1
FI,2018,E.coli-3rd_gen_cephalosporins,7.60956175,3.21,0.0,4.954,2.903,1.064,0.837,0.017,0.821,0.0,1.643,15.449000000000002,5365.18,8.84,18.1
FI,2019,E.coli-3rd_gen_cephalosporins,7.85146868,3.161,0.0,4.927,2.632,1.159,0.755,0.017,0.62,0.0,1.388,14.658999999999999,5500.24,0.9,18.2
FI,2020,E.coli-3rd_gen_cephalosporins,7.17346748,2.492,0.0,3.617,2.28,1.032,0.555,0.016,0.549,0.0,1.354,11.895,4887.41,0.42,18.1
FI,2021,E.coli-3rd_gen_cephalosporins,6.60458699,2.312,0.0,3.497,2.195,1.021,0.495,0.013,0.488,0.0,1.269,11.29,5636.13,7.84,18.2
FI,2022,E.coli-3rd_gen_cephalosporins,6.10770577,2.579,0.0,4.344,2.222,0.984,0.58,0.011,0.524,0.0,1.233,12.477000000000002,5289.78,2.4,18.3
FI,2023,E.coli-3rd_gen_cephalosporins,7.08587517,2.66,0.0,4.765,2.129,1.025,0.635,0.011,0.527,0.0,1.184,12.936,5448.45,1.49,18.4
FI,2024,E.coli-3rd_gen_cephalosporins,7.45401742,3.318,0.0,4.841,1.992,0.9480000000000002,0.776,0.009,0.487,0.0,1.236,13.607000000000001,5151.26,0.44,18.5
FR,2002,E.coli-3rd_gen_cephalosporins,0.76152304,3.635,0.002,12.754,3.99,0.528,5.449,0.15,2.403,0.0,1.508,30.419,,,97.4
FR,2003,E.coli-3rd_gen_cephalosporins,0.97087378,3.543,0.002,10.79,3.559,0.494,4.984,0.121,2.381,0.0,1.001,26.875,,,98.1
FR,2004,E.coli-3rd_gen_cephalosporins,0.95120662,3.645,0.001,9.774,3.293,0.511,4.46,0.127,2.408,0.0,0.927,25.146,,,98.8
FR,2005,E.coli-3rd_gen_cephalosporins,1.3881748,3.638,0.001,10.766,3.488,0.52,4.681,0.13,2.514,0.036,0.722,26.496000000000002,,,99.6
FR,2006,E.coli-3rd_gen_cephalosporins,1.96516301,3.496,0.001,10.752,3.014,0.508,4.059,0.129,2.515,0.029,0.655,25.157999999999998,,,100.2
FR,2007,E.coli-3rd_gen_cephalosporins,2.48724489,3.364,0.004,10.976,3.198,0.527,4.232,0.129,2.602,0.023,0.647,25.702,,,100.9
FR,2008,E.coli-3rd_gen_cephalosporins,3.81727158,3.465,0.001,10.895,2.77,0.515,4.278,0.125,2.396,0.012,0.669,25.126,,,101.4
FR,2009,E.coli-3rd_gen_cephalosporins,6.72268907,3.415,0.003,11.752,3.183,0.465,4.274,0.124,2.311,0.0,0.688,26.215,,,101.9
FR,2010,E.coli-3rd_gen_cephalosporins,7.24894701,3.187,0.001,11.454,2.973,0.459,3.861,0.107,2.291,0.0,0.7010000000000002,25.034,,,102.4
FR,2011,E.coli-3rd_gen_cephalosporins,8.17313362,3.115,0.001,11.994,2.82,0.422,3.963,0.103,2.036,0.0,0.644,25.098,,,102.9
FR,2012,E.coli-3rd_gen_cephalosporins,9.95503503,3.31,0.001,12.599,2.676,0.486,3.81,0.091,2.182,0.0,0.583,25.738,,,103.4
FR,2013,E.coli-3rd_gen_cephalosporins,9.52334055,3.374,0.001,13.275,2.548,0.32,3.604,0.089,2.09,0.013,0.584,25.898000000000003,,,103.9
FR,2014,E.coli-3rd_gen_cephalosporins,9.94298966,3.244,0.001,13.031,2.368,0.522,3.125,0.093,1.99,0.007,0.537,24.918000000000003,,,104.6
FR,2015,E.coli-3rd_gen_cephalosporins,10.97638222,3.28,0.001,13.546,2.441,0.449,3.343,0.092,1.826,0.0,0.589,25.566999999999997,,,105.1
FR,2016,E.coli-3rd_gen_cephalosporins,11.22602315,3.261,0.001,14.174,2.269,0.451,3.085,0.089,1.731,0.0,0.582,25.643,2424.12,48.87,105.3
FR,2017,E.coli-3rd_gen_cephalosporins,10.22318753,3.03,0.001,13.843,1.918,0.484,3.159,0.081,1.56,0.0,0.627,24.702999999999996,2362.84,67.3,105.6
FR,2018,E.coli-3rd_gen_cephalosporins,9.59251625,3.174,0.001,14.168,1.727,0.461,3.001,0.072,1.528,0.632,0.587,25.351,2209.97,65.0,105.9
FR,2019,E.coli-3rd_gen_cephalosporins,8.84860588,3.243,0.001,14.186,1.608,0.479,2.938,0.069,1.378,0.589,0.599,25.09,2274.73,86.97,106.1
FR,2020,E.coli-3rd_gen_cephalosporins,9.4659808,2.962,0.001,10.803,1.199,0.51,2.493,0.06,1.246,0.537,0.528,20.339,2064.45,75.76,106.3
FR,2021,E.coli-3rd_gen_cephalosporins,8.34267413,3.156,0.001,11.776,1.225,0.554,2.49,0.055,1.164,0.534,0.591,21.546,2439.61,30.18,106.6
FR,2022,E.coli-3rd_gen_cephalosporins,8.44148515,2.799,0.001,13.887,1.419,0.5740000000000001,3.233,0.051,1.311,0.437,0.599,24.311000000000003,2058.81,115.48,107.6
FR,2024,E.coli-3rd_gen_cephalosporins,10.46973591,3.171,0.001,16.013,1.3,0.491,3.413,0.045,1.128,0.321,0.637,26.520000000000007,2102.8,61.64,108.5
HR,2001,E.coli-3rd_gen_cephalosporins,1.64835164,1.526,0.001,7.415,3.753,1.831,2.065,0.172,1.533,0.0,0.051,18.346999999999998,,,76.1
HR,2002,E.coli-3rd_gen_cephalosporins,2.85714285,1.986,0.001,9.698,4.352,2.047,2.095,0.196,1.769,0.0,0.085,22.229,,,76.1
HR,2003,E.coli-3rd_gen_cephalosporins,4.38596491,2.095,0.001,10.04,4.658,1.918,2.323,0.139,1.783,0.0,0.117,23.074,,,76.1
HR,2004,E.coli-3rd_gen_cephalosporins,2.61682242,2.042,0.0,9.285,4.037,1.768,2.422,0.118,1.66,0.0,0.609,21.941000000000003,,,76.1
HR,2005,E.coli-3rd_gen_cephalosporins,0.78492935,2.154,0.001,9.214,4.244,1.693,2.998,0.122,1.768,0.0,0.693,22.887000000000004,,,76.2
HR,2006,E.coli-3rd_gen_cephalosporins,1.41570141,1.88,0.0,8.115,3.918,1.479,2.931,0.12,1.779,0.0,0.748,20.970000000000002,,,76.2
HR,2007,E.coli-3rd_gen_cephalosporins,2.6744186,1.933,0.001,8.32,4.202,0.001,3.601,0.109,1.624,0.0,0.586,20.377,,,76.2
HR,2008,E.coli-3rd_gen_cephalosporins,3.82932166,1.889,0.0,8.307,4.545,0.002,3.543,0.123,1.673,0.0,0.771,20.853,,,76.2
HR,2010,E.coli-3rd_gen_cephalosporins,8.73015873,1.196,0.001,7.063,3.941,0.003,3.17,0.144,1.525,0.0,0.815,17.858,,,75.9
HR,2011,E.coli-3rd_gen_cephalosporins,9.56256358,1.448,0.001,7.153,3.474,0.002,3.022,0.109,1.513,0.0,0.707,17.429,,,75.7
HR,2012,E.coli-3rd_gen_cephalosporins,7.61589403,1.248,0.001,8.23,4.069,0.001,3.132,0.113,1.681,0.0,0.816,19.291,,,75.4
HR,2013,E.coli-3rd_gen_cephalosporins,8.75,1.238,0.001,8.22,3.471,0.0,2.948,0.101,1.662,0.0,0.843,18.483999999999998,,,75.2
HR,2014,E.coli-3rd_gen_cephalosporins,10.84337349,1.165,0.001,8.397,3.331,0.0,3.045,0.137,1.696,0.0,0.939,18.711,,,74.9
HR,2015,E.coli-3rd_gen_cephalosporins,12.52390057,1.183,0.001,8.546,3.283,0.001,3.249,0.102,1.705,0.0,0.995,19.065,,,74.4
HR,2016,E.coli-3rd_gen_cephalosporins,14.7368421,1.06,0.001,8.329,2.994,0.633,2.862,0.098,1.701,0.0,1.045,18.723,2295.64,111.19,74.6
HR,2017,E.coli-3rd_gen_cephalosporins,16.46341463,1.032,0.001,8.279,3.021,0.591,2.904,0.096,1.731,0.0,0.922,18.577,2354.95,202.95,73.9
HR,2018,E.coli-3rd_gen_cephalosporins,14.81164383,1.013,0.001,8.307,3.053,0.535,2.994,0.101,1.723,0.0,1.078,18.805,2166.74,145.94,73.2
HR,2019,E.coli-3rd_gen_cephalosporins,15.94470046,0.965,0.001,8.388,3.11,0.53,2.971,0.091,1.601,0.0,1.135,18.792,2106.64,186.64,72.8
HR,2020,E.coli-3rd_gen_cephalosporins,16.56590084,0.82,0.0,6.552,2.593,0.47,2.628,0.072,1.417,0.0,1.108,15.66,2170.86,124.56,72.8
HR,2021,E.coli-3rd_gen_cephalosporins,18.59504132,1.005,0.0,7.337,2.961,0.513,3.259,0.088,1.678,0.0,1.314,18.155,2399.07,190.55,72.4
HR,2022,E.coli-3rd_gen_cephalosporins,17.42654508,0.964,0.0,8.296,3.328,0.524,3.809,0.091,1.744,0.0,1.406,20.162,2146.64,202.43,69.0
HR,2023,E.coli-3rd_gen_cephalosporins,20.01527883,1.052,0.0,8.763,3.556,0.559,3.914,0.114,1.761,0.0,1.5,21.218999999999998,1984.3,176.62,69.0
HR,2024,E.coli-3rd_gen_cephalosporins,19.39451277,1.089,0.0,9.297,3.509,0.5730000000000001,4.103,0.097,1.7,0.0,1.595,21.963,1942.27,312.07,69.2
HU,2001,E.coli-3rd_gen_cephalosporins,0.38167938,2.274,0.001,6.856,2.593,1.234,3.272,0.05,1.281,0.0,0.032,17.593,,,109.5
HU,2002,E.coli-3rd_gen_cephalosporins,2.0,2.007,0.001,6.167,2.435,1.052,2.93,0.057,1.578,0.0,0.047,16.274,,,109.2
HU,2003,E.coli-3rd_gen_cephalosporins,0.95124851,2.006,0.0,7.159,2.537,1.293,3.3,0.048,1.749,0.0,0.057,18.148999999999997,,,108.9
HU,2004,E.coli-3rd_gen_cephalosporins,3.22580645,1.836,0.0,6.517,2.457,1.134,3.314,0.05,1.862,0.0,0.062,17.232000000000003,,,108.6
HU,2005,E.coli-3rd_gen_cephalosporins,3.74639769,1.802,0.0,6.626,2.574,1.041,4.083,0.055,2.157,0.0,0.069,18.407,,,108.4
HU,2006,E.coli-3rd_gen_cephalosporins,4.964539,1.502,0.0,5.519,2.349,0.864,3.619,0.054,2.051,0.0,0.339,16.297,,,108.3
HU,2007,E.coli-3rd_gen_cephalosporins,5.41012216,1.458,0.0,5.305,1.872,0.767,3.022,0.045,1.729,0.0,0.328,14.526,,,108.1
HU,2008,E.coli-3rd_gen_cephalosporins,9.17691579,1.456,0.0,4.605,2.109,0.728,3.206,0.045,2.003,0.0,0.34,14.492,,,107.9
HU,2009,E.coli-3rd_gen_cephalosporins,12.92775665,1.383,0.0,5.294,2.233,0.688,3.14,0.043,2.045,0.0,0.182,15.008000000000001,,,107.7
HU,2010,E.coli-3rd_gen_cephalosporins,19.45046999,1.416,0.0,4.989,2.205,0.641,3.164,0.043,2.239,0.0,0.14,14.837,,,107.5
HU,2011,E.coli-3rd_gen_cephalosporins,15.11437908,1.312,0.0,5.184,2.179,0.588,3.16,0.042,2.168,0.0,0.248,14.880999999999998,,,107.2
HU,2012,E.coli-3rd_gen_cephalosporins,17.43444365,1.213,0.0,4.913,2.058,0.562,2.854,0.043,2.184,0.0,0.28,14.107000000000001,,,106.6
HU,2013,E.coli-3rd_gen_cephalosporins,18.85873347,1.215,0.0,4.967000000000001,2.12,0.5650000000000001,2.932,0.042,2.323,0.0,0.312,14.476,,,106.4
HU,2014,E.coli-3rd_gen_cephalosporins,16.42989499,1.216,0.0,4.964,2.196,0.538,3.257,0.042,2.644,0.0,0.34,15.197,,,108.1
HU,2015,E.coli-3rd_gen_cephalosporins,16.73247778,1.248,0.0,5.082,2.316,0.548,3.44,0.041,2.932,0.0,0.272,15.879,,,107.9
HU,2016,E.coli-3rd_gen_cephalosporins,16.70847967,1.14,0.0,4.7,2.397,0.52,2.942,0.04,2.598,0.0,0.148,14.485,2715.27,62.86,107.6
HU,2017,E.coli-3rd_gen_cephalosporins,20.11661807,1.106,0.0,4.825,2.472,0.48,2.938,0.04,2.624,0.0,0.167,14.652000000000001,2752.31,141.1,107.3
HU,2018,E.coli-3rd_gen_cephalosporins,22.61603375,1.15,0.0,4.933,2.514,0.4750000000000001,2.972,0.026,2.516,0.0,0.352,14.937999999999999,2476.88,123.08,107.1
HU,2019,E.coli-3rd_gen_cephalosporins,20.5967675,1.242,0.0,4.923,2.462,0.48,2.938,0.03,2.086,0.0,0.379,14.539999999999997,2389.46,147.71,107.1
HU,2020,E.coli-3rd_gen_cephalosporins,20.13251783,1.235,0.0,3.421,1.819,0.416,2.45,0.037,1.56,0.0,0.403,11.341000000000001,2553.61,69.64,107.1
HU,2021,E.coli-3rd_gen_cephalosporins,20.40485829,1.3,0.0,3.537,1.729,0.408,3.083,0.031,1.55,0.0,0.41,12.048,2808.93,165.31,106.9
HU,2022,E.coli-3rd_gen_cephalosporins,22.57309941,1.176,0.0,4.683,1.931,0.463,3.931,0.028,1.788,0.0,0.513,14.513,2556.51,162.1,105.3
HU,2023,E.coli-3rd_gen_cephalosporins,21.3352685,1.132,0.0,4.768,2.142,0.454,3.465,0.036,1.643,0.0,0.5760000000000001,14.216000000000001,2330.28,120.4,105.1
HU,2024,E.coli-3rd_gen_cephalosporins,20.73687642,1.031,0.0,4.844,2.208,0.425,3.299,0.036,1.361,0.0,0.5710000000000001,13.775,2292.36,271.54,104.8
IE,2002,E.coli-3rd_gen_cephalosporins,2.18579234,,,,,,,,,,,,,,57.5
IE,2003,E.coli-3rd_gen_cephalosporins,2.18068535,,,,,,,,,,,,,,58.4
IE,2004,E.coli-3rd_gen_cephalosporins,1.92629815,3.852,0.001,7.443,1.968,0.86,2.985,0.039,0.803,0.0,0.305,18.256,,,59.5
IE,2005,E.coli-3rd_gen_cephalosporins,3.56125356,3.278,0.001,7.734,1.874,0.935,3.234,0.037,0.909,0.0,0.378,18.380000000000003,,,60.8
IE,2006,E.coli-3rd_gen_cephalosporins,3.50338045,3.386,0.001,8.412,2.029,0.988,3.845,0.078,1.138,0.0,0.253,20.130000000000003,,,62.5
IE,2007,E.coli-3rd_gen_cephalosporins,5.40229885,3.332,0.001,8.823,2.043,0.722,4.288,0.043,1.161,0.0,0.21,20.623,,,64.3
IE,2008,E.coli-3rd_gen_cephalosporins,5.91715976,3.209,0.001,8.898,1.685,1.04,4.347,0.123,1.195,0.0,0.239,20.737,,,65.6
IE,2009,E.coli-3rd_gen_cephalosporins,6.49546827,2.757,0.001,8.322000000000001,1.437,1.169,3.987,0.115,1.039,0.0,0.204,19.031,,,66.3
IE,2010,E.coli-3rd_gen_cephalosporins,7.69230769,2.617,0.001,8.52,1.356,0.876,3.923,0.071,1.027,0.0,0.239,18.63,,,66.7
IE,2011,E.coli-3rd_gen_cephalosporins,8.95660203,2.807,0.001,9.599,1.351,0.912,4.445,0.067,1.046,0.0,0.231,20.459000000000003,,,67.0
IE,2012,E.coli-3rd_gen_cephalosporins,9.17832167,2.952,0.001,9.763,1.384,0.909,4.428,0.068,0.986,0.0,0.215,20.706,,,67.3
IE,2013,E.coli-3rd_gen_cephalosporins,10.64516129,2.986,0.001,10.15,1.517,0.707,4.655,0.071,0.98,0.0,0.248,21.315,,,67.6
IE,2014,E.coli-3rd_gen_cephalosporins,10.73950204,2.748,0.001,10.25,1.274,0.728,4.424,0.062,0.94,0.0,0.241,20.668,,,67.8
IE,2015,E.coli-3rd_gen_cephalosporins,11.3722517,2.611,0.001,12.139,1.34,0.906,4.468,0.088,1.033,0.0,0.225,22.811,,,68.5
IE,2016,E.coli-3rd_gen_cephalosporins,11.39028475,2.579,0.001,11.035,1.34,1.152,4.648,0.089,0.976,0.0,0.222,22.042,2763.23,0.0,69.3
IE,2017,E.coli-3rd_gen_cephalosporins,11.98333867,2.825,0.001,10.272,1.264,0.899,4.41,0.101,0.902,0.0,0.214,20.887999999999998,2687.76,0.0,70.0
IE,2018,E.coli-3rd_gen_cephalosporins,12.88229842,2.647,0.001,10.505,1.331,1.079,4.255,0.1,0.859,0.0,1.547,22.324,2772.27,0.0,70.9
IE,2019,E.coli-3rd_gen_cephalosporins,12.07056638,3.012,0.001,10.831,1.367,1.061,4.056,0.105,0.622,0.0,1.58,22.634999999999998,2725.23,0.0,71.9
IE,2020,E.coli-3rd_gen_cephalosporins,11.8245614,2.993,0.001,7.959,1.152,1.102,3.082,0.078,0.473,0.0,1.556,18.396,2762.76,0.0,71.9
IE,2021,E.coli-3rd_gen_cephalosporins,9.95521873,2.97,0.001,7.842,1.146,1.007,2.626,0.071,0.422,0.0,1.511,17.596,2663.39,0.16,72.6
IE,2022,E.coli-3rd_gen_cephalosporins,9.67741935,3.802,0.001,10.976,1.521,0.934,3.466,0.071,0.44,0.0,1.51,22.721000000000004,2566.8,0.02,75.9
IE,2023,E.coli-3rd_gen_cephalosporins,10.4233483,3.995,0.001,11.375,0.769,0.9530000000000002,3.296,0.071,0.431,0.0,1.537,22.427999999999997,2417.79,0.01,77.4
IE,2024,E.coli-3rd_gen_cephalosporins,11.91385897,4.265,0.001,11.33,1.116,0.886,3.505,0.077,0.395,0.0,1.397,22.971999999999998,2617.79,0.0,78.6
IS,2001,E.coli-3rd_gen_cephalosporins,0.0,4.631,0.0,10.122,0.526,2.131,1.525,0.038,0.711,0.0,0.319,20.002999999999997,,,2.8
IS,2002,E.coli-3rd_gen_cephalosporins,0.0,4.814,0.0,10.694,0.539,1.966,1.546,0.037,0.715,0.0,0.336,20.647,,,2.9
IS,2003,E.coli-3rd_gen_cephalosporins,1.01010101,4.762,0.0,9.68,0.496,1.924,0.821,0.041,0.713,0.0,0.306,18.743,,,2.9
IS,2004,E.coli-3rd_gen_cephalosporins,0.0,5.184,0.0,8.995000000000001,0.434,1.909,1.678,0.039,0.645,0.0,0.506,19.39,,,2.9
IS,2005,E.coli-3rd_gen_cephalosporins,0.0,5.46,0.0,9.633,0.51,1.968,1.827,0.049,0.786,0.0,0.663,20.895999999999997,,,3.0
IS,2006,E.coli-3rd_gen_cephalosporins,0.0,,,,,,,,,,,,,,3.0
IS,2007,E.coli-3rd_gen_cephalosporins,1.9047619,,,,,,,,,,,,,,3.1
IS,2008,E.coli-3rd_gen_cephalosporins,0.81300813,,,,,,,,,,,,,,3.2
IS,2009,E.coli-3rd_gen_cephalosporins,1.81818181,,,,,,,,,,,,,,3.2
IS,2010,E.coli-3rd_gen_cephalosporins,3.84615384,5.054,0.0,9.6,0.612,0.42,1.559,0.0,1.016,0.0,1.032,19.293,,,3.2
IS,2011,E.coli-3rd_gen_cephalosporins,6.15384615,4.891,0.0,9.654,0.625,0.503,1.577,0.018,1.054,0.0,1.042,19.364,,,3.2
IS,2012,E.coli-3rd_gen_cephalosporins,5.07246376,4.78,0.0,9.606,0.689,0.486,1.66,0.024,1.012,0.0,0.928,19.185,,,3.2
IS,2013,E.coli-3rd_gen_cephalosporins,4.95867768,4.667,0.0,9.226,0.765,0.453,1.71,0.022,1.124,0.0,1.119,19.086000000000002,,,3.2
IS,2014,E.coli-3rd_gen_cephalosporins,3.28947368,,,,,,,,,,,,,,3.3
IS,2015,E.coli-3rd_gen_cephalosporins,1.73410404,,,,,,,,,,,,,,3.3
IS,2016,E.coli-3rd_gen_cephalosporins,4.16666666,,,,,,,,,,,,,,3.3
IS,2017,E.coli-3rd_gen_cephalosporins,6.10328638,5.219,0.0,9.773,0.891,0.535,1.841,0.026,0.913,0.0,1.519,20.717,,,3.4
IS,2018,E.coli-3rd_gen_cephalosporins,8.08080808,5.225000000000001,0.0,9.747,0.862,0.5680000000000001,1.792,0.027,0.907,0.0,1.257,20.385,,,3.5
IS,2019,E.coli-3rd_gen_cephalosporins,7.00389105,5.346,0.0,9.085,0.799,0.5730000000000001,1.567,0.026,0.616,0.0,1.283,19.295,,,3.6
IS,2020,E.coli-3rd_gen_cephalosporins,11.02040816,4.841,0.0,7.432,0.754,0.536,1.293,0.032,0.532,0.0,1.069,16.489,,,3.6
IS,2021,E.coli-3rd_gen_cephalosporins,10.43165467,4.437,0.0,7.95,0.8290000000000002,0.5630000000000001,1.193,0.022,0.496,0.0,1.265,16.755000000000003,,,3.6
IS,2022,E.coli-3rd_gen_cephalosporins,9.78723404,4.648,0.0,9.13,1.038,0.553,1.39,0.021,0.505,0.0,1.321,18.606,,,3.8
IS,2023,E.coli-3rd_gen_cephalosporins,12.01550387,4.133,0.0,9.131,1.238,0.582,1.479,0.029,0.471,0.0,1.47,18.532999999999998,,,3.8
IS,2024,E.coli-3rd_gen_cephalosporins,14.13793103,4.834000000000001,0.0,9.384,1.054,0.635,1.814,0.029,0.449,0.0,1.644,19.843,,,3.8
IT,2002,E.coli-3rd_gen_cephalosporins,2.93159609,,,,,,,,,,,,,,193.3
IT,2003,E.coli-3rd_gen_cephalosporins,6.17551462,,,,,,,,,,,,,,194.2
IT,2004,E.coli-3rd_gen_cephalosporins,5.3291536,,,,,,,,,,,,,,195.5
IT,2005,E.coli-3rd_gen_cephalosporins,8.48026868,0.473,0.066,8.952,3.135,0.595,4.997,0.058,3.331,0.0,0.646,22.253,,,196.4
IT,2006,E.coli-3rd_gen_cephalosporins,7.36263736,,,,,,,,,,,,,,197.0
IT,2007,E.coli-3rd_gen_cephalosporins,11.45281018,0.512,0.073,10.523,2.946,0.553,5.028,0.081,3.781,0.0,0.807,24.304,,,198.0
IT,2008,E.coli-3rd_gen_cephalosporins,15.90612777,0.557,0.047,10.817,3.118,0.002,5.482,0.121,3.909,0.0,0.934,24.987000000000002,,,199.3
IT,2009,E.coli-3rd_gen_cephalosporins,17.03056768,,,,,,,,,,,,,,200.2
IT,2010,E.coli-3rd_gen_cephalosporins,21.04175279,0.5630000000000001,0.059,10.423,2.917,0.003,5.281,0.087,3.924,0.0,0.92,24.177,,,200.9
IT,2011,E.coli-3rd_gen_cephalosporins,19.83957219,0.538,0.064,11.015,2.891,0.002,5.113,0.067,3.894,0.0,1.108,24.692000000000004,,,201.2
IT,2012,E.coli-3rd_gen_cephalosporins,26.29295962,0.558,0.061,10.911,2.781,0.001,4.883,0.079,3.914,0.0,1.027,24.215000000000003,,,201.8
IT,2013,E.coli-3rd_gen_cephalosporins,26.19047619,0.579,0.065,11.386,2.896,0.0,4.987,0.075,3.976,0.0,0.834,24.798,,,199.4
IT,2014,E.coli-3rd_gen_cephalosporins,28.66811044,0.608,0.064,11.086,2.748,0.0,4.86,0.072,3.806,0.0,0.849,24.093,,,206.0
IT,2015,E.coli-3rd_gen_cephalosporins,30.07868383,0.5760000000000001,0.059,11.005,2.69,0.0,4.803,0.286,3.804,0.0,0.856,24.079,,,205.8
IT,2016,E.coli-3rd_gen_cephalosporins,29.77433479,0.591,0.054,10.921,2.559,0.4140000000000001,4.518,0.487,3.627,0.0,0.851,24.022,1868.47,183.68,205.4
IT,2017,E.coli-3rd_gen_cephalosporins,29.48989684,0.51,0.052,9.36,2.331,0.781,3.936,0.069,3.073,0.0,0.799,20.910999999999998,1991.03,284.26,203.3
IT,2018,E.coli-3rd_gen_cephalosporins,28.69624069,0.55,0.053,9.477,2.501,0.851,4.051,0.068,3.013,0.0,0.845,21.409,1848.86,220.66,202.9
IT,2019,E.coli-3rd_gen_cephalosporins,30.8653376,0.593,0.056,9.81,2.729,1.018,4.261,0.058,2.245,0.0,0.922,21.692000000000004,1931.26,276.73,201.5
IT,2020,E.coli-3rd_gen_cephalosporins,26.41066666,0.624,0.042,7.836,2.132,1.05,3.879,0.057,1.874,0.0,0.927,18.421,1863.17,223.82,200.6
IT,2021,E.coli-3rd_gen_cephalosporins,24.37776864,0.685,0.026,7.571,2.006,1.033,3.416,0.054,1.771,0.0,0.97,17.532,2024.69,273.46,199.6
IT,2022,E.coli-3rd_gen_cephalosporins,24.24384159,0.673,0.021,9.51,2.6,1.077,4.917,0.049,1.974,0.0,1.035,21.855999999999998,1821.07,358.04,198.1
IT,2023,E.coli-3rd_gen_cephalosporins,26.67647161,0.7000000000000002,0.015,10.831,2.955,1.214,4.338,0.051,1.932,0.0,1.046,23.081999999999997,1758.88,287.11,198.1
IT,2024,E.coli-3rd_gen_cephalosporins,27.73332489,0.713,0.012,10.495,2.8,1.23,4.277,0.047,1.783,0.0,1.004,22.361,1678.29,365.17,198.0
LI,2022,E.coli-3rd_gen_cephalosporins,,,,,,,,,,,,,,,250.0
LI,2023,E.coli-3rd_gen_cephalosporins,,,,,,,,,,,,,,,252.2
LI,2024,E.coli-3rd_gen_cephalosporins,,,,,,,,,,,,,,,256.0
LT,2006,E.coli-3rd_gen_cephalosporins,4.67836257,1.721,0.049,14.505,0.87,0.011,1.107,1.551,0.834,0.0,1.444,22.092,,,52.2
LT,2007,E.coli-3rd_gen_cephalosporins,6.80851063,2.47,0.001,9.512,1.805,0.011,1.922,0.36,1.457,0.0,2.188,19.726,,,51.6
LT,2008,E.coli-3rd_gen_cephalosporins,5.59210526,2.366,0.0,8.921,3.203,0.009,2.044,0.382,1.553,0.0,2.521,20.999,,,51.0
LT,2009,E.coli-3rd_gen_cephalosporins,7.84982935,2.002,0.0,6.805,1.263,0.006,1.927,0.243,1.222,0.0,2.733,16.201,,,50.5
LT,2010,E.coli-3rd_gen_cephalosporins,8.7087087,1.681,0.0,6.377,1.089,0.009,1.667,0.15,1.085,0.0,1.984,14.041999999999998,,,49.4
LT,2011,E.coli-3rd_gen_cephalosporins,7.01298701,1.646,0.0,6.914,1.321,0.008,1.91,0.147,1.191,0.0,1.972,15.109,,,48.3
LT,2012,E.coli-3rd_gen_cephalosporins,4.76190476,1.599,0.0,6.823,1.489,0.009,1.943,0.193,1.37,0.0,1.499,14.925000000000002,,,47.7
LT,2013,E.coli-3rd_gen_cephalosporins,7.60368663,1.612,0.0,7.91,1.835,0.009,2.45,0.139,1.128,0.0,1.56,16.643,,,47.2
LT,2014,E.coli-3rd_gen_cephalosporins,8.08080808,1.444,0.0,6.718,1.723,0.011,1.966,0.102,1.084,0.0,1.625,14.673000000000002,,,46.8
LT,2015,E.coli-3rd_gen_cephalosporins,16.00688468,1.389,0.0,7.166,1.885,0.011,1.981,0.106,1.191,0.0,1.633,15.361999999999998,,,46.4
LT,2016,E.coli-3rd_gen_cephalosporins,14.71698113,1.511,0.0,7.204,1.973,0.01,2.039,0.085,1.155,0.0,1.679,15.655999999999999,3833.02,7.59,45.8
LT,2017,E.coli-3rd_gen_cephalosporins,16.78403755,1.454,0.0,7.4,2.071,0.671,2.152,0.075,1.108,0.0,1.423,16.354,3764.21,4.59,45.2
LT,2018,E.coli-3rd_gen_cephalosporins,15.32912533,1.39,0.0,7.182,2.106,0.706,2.184,0.065,1.065,0.0,1.434,16.132,3692.16,24.68,44.7
LT,2019,E.coli-3rd_gen_cephalosporins,13.86925795,1.474,0.0,6.949,2.178,0.834,2.187,0.065,1.018,0.0,1.594,16.299,3394.26,11.47,44.6
LT,2020,E.coli-3rd_gen_cephalosporins,15.93695271,1.539,0.0,5.536,1.992,0.662,1.776,0.049,0.925,0.0,1.719,14.198,3310.44,1.14,44.6
LT,2021,E.coli-3rd_gen_cephalosporins,13.61665221,1.4,0.0,6.129,1.93,0.778,1.55,0.049,0.779,0.0,1.473,14.088000000000001,4022.5,48.74,44.6
LT,2022,E.coli-3rd_gen_cephalosporins,15.43162719,1.622,0.0,8.51,2.391,0.958,2.341,0.06,0.858,0.0,1.756,18.496000000000002,3778.37,18.95,45.2
LT,2023,E.coli-3rd_gen_cephalosporins,16.95945945,1.864,0.0,7.377,2.772,1.078,2.925,0.058,0.945,0.0,1.702,18.720999999999997,3467.03,16.43,45.8
LT,2024,E.coli-3rd_gen_cephalosporins,15.82278481,1.849,0.0,8.532,2.179,0.336,4.064,0.052,0.868,0.0,1.609,19.489000000000004,3232.22,10.13,46.1
LU,2001,E.coli-3rd_gen_cephalosporins,0.53475935,2.762,0.001,7.779,5.823,0.531,5.044,0.092,2.815,0.097,1.365,26.309,,,170.7
LU,2002,E.coli-3rd_gen_cephalosporins,0.52083333,2.633,0.001,8.312,5.819,0.491,4.565,0.101,2.695,0.027,1.564,26.208000000000002,,,172.5
LU,2003,E.coli-3rd_gen_cephalosporins,0.88105726,2.429,0.001,9.154,6.123,0.463,4.535,0.094,3.022,0.002,1.243,27.066,,,174.6
LU,2004,E.coli-3rd_gen_cephalosporins,0.46296296,2.303,0.001,7.902,5.44,0.41,2.908,0.086,2.719,0.002,1.59,23.360999999999997,,,177.1
LU,2005,E.coli-3rd_gen_cephalosporins,3.19148936,2.237,0.001,8.51,5.799,0.396,3.211,0.097,2.92,0.001,1.42,24.592,,,179.9
LU,2006,E.coli-3rd_gen_cephalosporins,1.79640718,2.019,0.001,8.365,4.952,0.366,3.53,0.09,2.829,0.0,1.051,23.203,,,182.8
LU,2007,E.coli-3rd_gen_cephalosporins,4.04411764,2.115,0.001,9.15,5.186,0.377,3.954,0.091,3.067,0.0,1.175,25.116000000000003,,,185.6
LU,2008,E.coli-3rd_gen_cephalosporins,6.29139072,2.175,0.001,9.191,4.924,0.384,3.962,0.084,3.025,0.0,1.217,24.963,,,189.0
LU,2009,E.coli-3rd_gen_cephalosporins,8.30564784,2.093,0.001,9.685,5.002,0.4,4.044,0.072,3.074,0.0,1.325,25.696,,,192.5
LU,2010,E.coli-3rd_gen_cephalosporins,9.32203389,1.977,0.001,9.631,4.694,0.38,3.887,0.072,3.114,0.0,1.337,25.093,,,196.0
LU,2011,E.coli-3rd_gen_cephalosporins,8.21529745,1.996,0.001,9.634,4.442,0.369,4.056,0.063,3.094,0.0,1.522,25.177,,,200.4
LU,2012,E.coli-3rd_gen_cephalosporins,11.3772455,1.887,0.002,9.802,4.256,0.354,4.175,0.071,3.009,0.0,1.426,24.981999999999996,,,205.3
LU,2013,E.coli-3rd_gen_cephalosporins,10.63122923,1.863,0.002,9.815,4.41,0.393,4.107,0.058,2.878,0.0,1.437,24.963,,,210.1
LU,2014,E.coli-3rd_gen_cephalosporins,11.95652173,1.734,0.001,9.19,3.925,0.335,3.813,0.079,2.778,0.0,1.391,23.245999999999995,,,215.1
LU,2015,E.coli-3rd_gen_cephalosporins,12.68011527,1.699,0.002,9.565,3.99,0.304,3.791,0.057,2.678,0.0,1.377,23.462999999999997,,,220.3
LU,2016,E.coli-3rd_gen_cephalosporins,13.63636363,1.786,0.001,8.931000000000001,3.911,0.297,3.993,0.057,2.618,0.0,1.349,22.943,3050.44,11.09,225.1
LU,2017,E.coli-3rd_gen_cephalosporins,9.69976905,1.102,0.054,7.369,2.863,0.596,5.648,0.061,2.961,0.0,1.902,22.556,3010.9,11.11,230.6
LU,2018,E.coli-3rd_gen_cephalosporins,12.5,2.086,0.004,9.015,3.288,0.307,3.577,0.046,2.211,0.0,1.552,22.086,2818.52,31.41,235.1
LU,2019,E.coli-3rd_gen_cephalosporins,12.60162601,2.055,0.005,8.806000000000001,3.187,0.333,3.421,0.044,1.716,0.0,1.572,21.139,2959.01,34.97,239.8
LU,2020,E.coli-3rd_gen_cephalosporins,11.44859813,1.606,0.004,6.477,2.156,0.347,2.603,0.022,1.387,0.0,1.51,16.112000000000002,2761.9,39.88,239.8
LU,2021,E.coli-3rd_gen_cephalosporins,11.29943502,1.589,0.004,6.456,2.01,0.3500000000000001,2.504,0.023,1.379,0.0,1.58,15.895000000000001,3178.78,1.45,243.8
LU,2022,E.coli-3rd_gen_cephalosporins,10.44776119,1.447,0.001,8.372,2.382,0.366,3.362,0.031,1.477,0.0,1.617,19.055000000000003,2775.63,16.53,252.6
LU,2023,E.coli-3rd_gen_cephalosporins,11.71366594,1.671,0.001,9.181,2.379,0.419,3.609,0.042,1.462,0.0,1.468,20.232,2746.25,2.55,257.7
LU,2024,E.coli-3rd_gen_cephalosporins,12.97709923,1.696,0.001,9.535,2.371,0.442,4.385,0.031,1.465,0.0,1.644,21.57,2778.44,9.48,261.8
LV,2006,E.coli-3rd_gen_cephalosporins,6.4516129,2.751,0.0,4.743,1.709,0.002,1.133,0.419,1.375,0.0,0.659,12.791,,,35.6
LV,2007,E.coli-3rd_gen_cephalosporins,14.47368421,2.945,0.0,5.037,1.939,0.004,1.446,0.45,1.397,0.0,0.68,13.898,,,35.3
LV,2008,E.coli-3rd_gen_cephalosporins,11.11111111,2.366,0.0,4.203,1.635,0.932,1.088,0.428,1.348,0.0,0.481,12.481,,,35.0
LV,2009,E.coli-3rd_gen_cephalosporins,11.62790697,2.265,0.0,3.948,1.179,1.199,0.999,0.318,1.198,0.0,0.392,11.498,,,34.4
LV,2010,E.coli-3rd_gen_cephalosporins,12.24489795,2.477,0.0,4.209000000000001,1.757,0.003,1.262,0.325,1.244,0.0,0.3500000000000001,11.627,,,33.7
LV,2011,E.coli-3rd_gen_cephalosporins,15.9090909,1.571,0.001,2.405,0.525,0.003,0.836,0.072,0.775,0.0,0.402,6.59,,,33.1
LV,2012,E.coli-3rd_gen_cephalosporins,12.98701298,2.699,0.001,4.564,1.113,0.005,1.679,0.117,1.332,0.0,0.751,12.260999999999997,,,32.7
LV,2013,E.coli-3rd_gen_cephalosporins,13.97058823,2.474,0.001,4.79,1.181,0.006,1.884,0.105,1.371,0.0,0.8,12.612,,,32.4
LV,2014,E.coli-3rd_gen_cephalosporins,10.9090909,2.319,0.001,4.471,1.145,0.009,1.765,0.094,1.351,0.0,0.889,12.043999999999999,,,32.0
LV,2015,E.coli-3rd_gen_cephalosporins,17.91044776,2.288,0.001,4.78,1.186,0.007,1.993,0.091,1.32,0.0,0.935,12.600999999999999,,,31.8
LV,2016,E.coli-3rd_gen_cephalosporins,24.11067193,2.283,0.001,4.686,1.21,0.884,1.944,0.082,1.308,0.0,0.96,13.358,4011.73,5.12,31.0
LV,2017,E.coli-3rd_gen_cephalosporins,21.95121951,2.282,0.001,5.066,1.303,0.897,2.117,0.08,1.272,0.0,0.923,13.941,4009.3,0.86,30.7
LV,2018,E.coli-3rd_gen_cephalosporins,20.40229885,2.223,0.0,5.011,1.223,0.8300000000000002,2.288,0.074,1.227,0.0,0.91,13.786000000000001,3870.56,24.16,30.4
LV,2019,E.coli-3rd_gen_cephalosporins,19.68325791,2.338,0.001,5.068000000000001,1.272,0.842,2.277,0.065,1.07,0.0,0.96,13.893000000000004,3633.98,3.22,30.2
LV,2020,E.coli-3rd_gen_cephalosporins,24.07407407,2.428,0.001,4.0,1.093,0.559,1.83,0.061,0.926,0.0,1.001,11.899,3413.39,1.52,30.2
LV,2021,E.coli-3rd_gen_cephalosporins,18.32061068,2.773,0.001,3.797,0.992,0.455,1.742,0.044,0.814,0.0,1.028,11.646,4151.13,41.45,30.0
LV,2022,E.coli-3rd_gen_cephalosporins,20.04132231,2.745,0.001,5.517,1.228,0.682,2.413,0.044,0.939,0.0,1.322,14.890999999999998,4022.19,13.13,29.7
LV,2023,E.coli-3rd_gen_cephalosporins,25.54112554,2.715,0.001,5.386,1.314,0.617,2.342,0.04,0.886,0.0,1.474,14.775,3765.14,8.49,30.2
LV,2024,E.coli-3rd_gen_cephalosporins,28.86115444,2.613,0.001,5.437,1.373,0.591,3.031,0.042,0.833,0.0,1.488,15.408999999999999,3445.66,3.16,30.0
MT,2001,E.coli-3rd_gen_cephalosporins,0.0,,,,,,,,,,,,,,1245.4
MT,2002,E.coli-3rd_gen_cephalosporins,2.7027027,,,,,,,,,,,,,,1254.7
MT,2003,E.coli-3rd_gen_cephalosporins,2.19780219,,,,,,,,,,,,,,1263.0
MT,2004,E.coli-3rd_gen_cephalosporins,4.39560439,,,,,,,,,,,,,,1271.5
MT,2005,E.coli-3rd_gen_cephalosporins,1.17647058,,,,,,,,,,,,,,1279.6
MT,2006,E.coli-3rd_gen_cephalosporins,4.25531914,,,,,,,,,,,,,,1284.3
MT,2007,E.coli-3rd_gen_cephalosporins,12.82051282,0.958,0.001,6.197,3.275,0.208,3.403,0.055,1.821,0.0,0.288,16.206,,,1288.8
MT,2008,E.coli-3rd_gen_cephalosporins,20.96774193,1.144,0.001,6.403,5.241000000000001,0.214,3.955,0.057,1.925,0.0,0.268,19.208000000000002,,,1295.5
MT,2009,E.coli-3rd_gen_cephalosporins,14.55696202,1.135,0.001,6.407,5.836,0.203,4.117,0.046,1.811,0.0,0.295,19.851000000000003,,,1305.3
MT,2010,E.coli-3rd_gen_cephalosporins,15.625,1.12,0.001,7.009,5.41,0.309,3.436,0.079,2.021,0.12,0.399,19.904000000000003,,,1311.7
MT,2011,E.coli-3rd_gen_cephalosporins,12.78538812,1.108,0.001,7.276,6.023,0.32,3.889,0.097,2.059,0.291,0.544,21.608,,,1317.3
MT,2012,E.coli-3rd_gen_cephalosporins,12.91866028,1.748,0.001,6.388,5.514,0.232,3.91,0.064,2.217,0.291,0.455,20.82,,,1329.2
MT,2013,E.coli-3rd_gen_cephalosporins,8.67768595,1.077,0.001,6.9,5.76,0.222,4.178,0.086,3.166,0.311,0.534,22.235,,,1348.0
MT,2014,E.coli-3rd_gen_cephalosporins,10.82089552,1.333,0.001,7.096,4.808,0.318,4.016,0.107,3.421,0.66,0.648,22.408,,,1375.2
MT,2015,E.coli-3rd_gen_cephalosporins,11.76470588,0.918,0.001,6.637,4.350000000000001,0.342,4.36,0.113,3.119,0.25,1.209,21.299000000000003,,,1408.4
MT,2016,E.coli-3rd_gen_cephalosporins,14.63414634,2.08,0.001,6.99,3.802,0.32,4.233,0.088,2.678,0.273,0.48,20.945,341.35,592.37,1450.2
MT,2017,E.coli-3rd_gen_cephalosporins,15.60509554,1.776,0.001,8.67,3.405,0.454,4.794,0.081,2.486,0.291,0.665,22.622999999999998,569.46,661.06,1495.2
MT,2018,E.coli-3rd_gen_cephalosporins,15.36144578,1.618,0.001,6.949,2.944,0.368,4.63,0.081,2.603,0.282,0.784,20.26,386.91,613.66,1548.3
MT,2019,E.coli-3rd_gen_cephalosporins,17.46987951,1.861,0.001,7.527,3.12,0.448,4.491,0.098,2.124,0.249,0.815,20.734,540.06,744.94,1595.1
MT,2020,E.coli-3rd_gen_cephalosporins,12.27436823,2.234,0.001,6.029,2.251,0.352,2.685,0.055,1.637,0.176,1.129,16.549,418.24,657.53,1610.4
MT,2021,E.coli-3rd_gen_cephalosporins,13.71237458,2.19,0.001,6.198,1.653,0.49,2.547,0.066,1.47,0.183,0.994,15.792000000000002,482.13,778.79,1646.4
MT,2022,E.coli-3rd_gen_cephalosporins,11.34969325,2.453,0.001,9.681,2.954,0.48,5.115,0.049,1.907,0.174,1.189,24.003,557.81,828.76,1696.8
MT,2023,E.coli-3rd_gen_cephalosporins,11.29807692,2.615,0.001,9.201,2.993,0.367,4.776,0.069,1.724,0.028,1.139,22.913,414.17,731.92,1766.0
MT,2024,E.coli-3rd_gen_cephalosporins,24.7464503,2.572,0.001,9.765,2.427,0.345,5.84,0.049,1.682,0.161,1.031,23.873,306.21,791.57,1817.4
NL,2000,E.coli-3rd_gen_cephalosporins,0.10235414,2.492,0.001,3.029,0.151,0.745,1.215,0.028,0.895,0.0,0.774,9.330000000000002,,,470.2
NL,2001,E.coli-3rd_gen_cephalosporins,0.55325034,2.409,0.001,3.026,0.137,0.726,1.307,0.029,0.885,0.0,0.803,9.323,,,473.7
NL,2002,E.coli-3rd_gen_cephalosporins,1.00300902,2.349,0.001,3.099,0.147,0.712,1.347,0.039,0.872,0.0,0.822,9.388,,,476.7
NL,2003,E.coli-3rd_gen_cephalosporins,1.45945945,,,,,,,,,,,,,,480.3
NL,2004,E.coli-3rd_gen_cephalosporins,1.42857142,,,,,,,,,,,,,,481.9
NL,2005,E.coli-3rd_gen_cephalosporins,2.48021108,,,,,,,,,,,,,,483.1
NL,2006,E.coli-3rd_gen_cephalosporins,3.28425821,,,,,,,,,,,,,,483.8
NL,2007,E.coli-3rd_gen_cephalosporins,4.28122545,,,,,,,,,,,,,,485.3
NL,2008,E.coli-3rd_gen_cephalosporins,4.62147887,,,,,,,,,,,,,,487.2
NL,2009,E.coli-3rd_gen_cephalosporins,4.2652027,,,,,,,,,,,,,,489.7
NL,2010,E.coli-3rd_gen_cephalosporins,4.92711968,2.684,0.001,3.538,0.197,0.591,1.523,0.092,0.988,0.002,1.333,10.949000000000002,,,492.2
NL,2011,E.coli-3rd_gen_cephalosporins,5.83793738,2.629,0.001,3.568,0.199,0.5750000000000001,1.566,0.086,0.947,0.0,1.416,10.987,,,494.5
NL,2012,E.coli-3rd_gen_cephalosporins,6.07753512,2.517,0.0,3.584,0.21,0.553,1.573,0.08,0.923,0.0,1.502,10.942,,,496.9
NL,2013,E.coli-3rd_gen_cephalosporins,6.07651912,2.349,0.001,3.499,0.217,0.495,1.451,0.08,0.868,0.0,1.498,10.458,,,498.4
NL,2014,E.coli-3rd_gen_cephalosporins,6.12015721,2.258,0.001,3.399,0.227,0.463,1.415,0.074,0.893,0.0,1.54,10.27,,,500.9
NL,2015,E.coli-3rd_gen_cephalosporins,6.07859768,2.276,0.001,3.456,0.237,0.452,1.452,0.074,0.871,0.0,1.542,10.360999999999999,,,503.1
NL,2016,E.coli-3rd_gen_cephalosporins,6.59310344,2.12,0.0,3.42,0.235,0.45,1.433,0.065,0.841,0.0,1.541,10.105,2676.94,13.97,498.1
NL,2017,E.coli-3rd_gen_cephalosporins,6.36569449,2.006,0.001,3.238,0.244,0.45,1.438,0.056,0.82,0.0,1.528,9.781,2537.97,5.75,501.1
NL,2018,E.coli-3rd_gen_cephalosporins,7.31559854,1.961,0.0,3.17,0.256,0.458,1.502,0.055,0.813,0.0,1.521,9.736,2530.56,30.89,504.0
NL,2019,E.coli-3rd_gen_cephalosporins,7.52054794,1.85,0.0,3.125,0.26,0.482,1.502,0.05,0.742,0.0,1.468,9.479,2515.46,39.82,507.3
NL,2020,E.coli-3rd_gen_cephalosporins,6.64531625,1.561,0.0,2.664,0.257,0.479,1.412,0.044,0.705,0.0,1.413,8.535,2387.24,40.42,507.3
NL,2021,E.coli-3rd_gen_cephalosporins,6.64638783,1.436,0.001,2.651,0.261,0.4780000000000001,1.353,0.044,0.7000000000000002,0.0,1.412,8.336,2723.7,4.38,510.2
NL,2022,E.coli-3rd_gen_cephalosporins,7.74774774,1.563,0.0,3.141,0.259,0.49,1.45,0.041,0.733,0.0,1.399,9.076,2396.93,18.74,517.8
NL,2023,E.coli-3rd_gen_cephalosporins,7.97193877,1.749,0.0,3.339,0.267,0.514,1.522,0.041,0.752,0.0,1.389,9.573,2319.9,10.68,526.0
NL,2024,E.coli-3rd_gen_cephalosporins,9.09698251,1.867,0.0,3.327,0.301,0.525,1.642,0.044,0.741,0.0,1.374,9.821,2275.73,6.73,529.5
NO,2000,E.coli-3rd_gen_cephalosporins,0.32679738,,,,,,,,,,,,,,14.7
NO,2001,E.coli-3rd_gen_cephalosporins,0.31120331,3.108,0.003,6.869,0.523,1.158,1.796,0.054,0.388,0.0,2.512,16.411,,,14.7
NO,2002,E.coli-3rd_gen_cephalosporins,0.17889087,3.119,0.003,6.876,0.552,1.151,1.974,0.059,0.433,0.0,2.559,16.726000000000003,,,14.8
NO,2003,E.coli-3rd_gen_cephalosporins,0.2548853,3.02,0.003,6.927,0.544,1.079,1.912,0.061,0.468,0.0,2.615,16.628999999999998,,,14.9
NO,2004,E.coli-3rd_gen_cephalosporins,0.66061106,2.957,0.002,6.878,0.516,1.089,1.881,0.059,0.511,0.0,2.813,16.706,,,15.1
NO,2005,E.coli-3rd_gen_cephalosporins,0.82831325,3.1,0.002,7.272,0.472,1.054,2.117,0.066,0.556,0.0,3.036,17.675,,,15.2
NO,2006,E.coli-3rd_gen_cephalosporins,1.39860139,2.813,0.001,6.678,0.482,0.862,2.079,0.07,0.533,0.0,2.467,15.985000000000001,,,15.3
NO,2007,E.coli-3rd_gen_cephalosporins,2.15995329,2.912,0.001,6.966,0.485,0.843,2.145,0.068,0.5740000000000001,0.0,2.639,16.633,,,15.5
NO,2008,E.coli-3rd_gen_cephalosporins,2.55697609,2.866,0.002,7.189,0.47,0.834,1.988,0.072,0.609,0.0,2.852,16.881999999999998,,,15.6
NO,2009,E.coli-3rd_gen_cephalosporins,2.27518959,2.764,0.001,6.906,0.444,0.779,1.76,0.068,0.602,0.0,2.982,16.305999999999997,,,15.8
NO,2010,E.coli-3rd_gen_cephalosporins,3.69230769,2.829,0.001,7.045,0.436,0.742,1.863,0.07,0.633,0.0,3.188,16.807,,,16.0
NO,2011,E.coli-3rd_gen_cephalosporins,3.64645263,3.156,0.001,7.133,0.43,0.734,2.078,0.071,0.644,0.0,3.288,17.534999999999997,,,16.2
NO,2012,E.coli-3rd_gen_cephalosporins,4.90228552,3.512,0.001,7.079,0.42,0.719,2.075,0.074,0.637,0.0,3.416,17.933,,,16.5
NO,2013,E.coli-3rd_gen_cephalosporins,5.52486187,3.306,0.001,6.803,0.407,0.714,1.771,0.07,0.608,0.0,3.509,17.189,,,16.7
NO,2014,E.coli-3rd_gen_cephalosporins,5.78778135,3.187,0.001,6.751,0.376,0.735,1.536,0.072,0.5700000000000001,0.0,3.682,16.91,,,16.9
NO,2015,E.coli-3rd_gen_cephalosporins,6.02847621,3.151,0.001,6.758,0.354,0.728,1.378,0.074,0.514,0.0,3.837,16.794999999999998,,,17.1
NO,2016,E.coli-3rd_gen_cephalosporins,5.55709151,2.959,0.001,6.514,0.335,0.717,1.215,0.073,0.463,0.0,3.96,16.237000000000002,5354.12,0.0,16.9
NO,2017,E.coli-3rd_gen_cephalosporins,5.8650241,2.802,0.001,6.3,0.33,0.714,1.074,0.084,0.4,0.0,4.04,15.745000000000001,5495.64,0.0,17.1
NO,2018,E.coli-3rd_gen_cephalosporins,6.75431812,2.695,0.001,6.087,0.324,0.743,0.9530000000000002,0.09,0.361,0.0,4.03,15.283999999999999,5401.77,1.34,17.2
NO,2019,E.coli-3rd_gen_cephalosporins,6.18404907,2.784,0.001,6.324,0.309,0.786,0.933,0.096,0.315,0.0,3.368,14.915999999999999,5487.8,1.06,17.3
NO,2020,E.coli-3rd_gen_cephalosporins,5.79479,2.549,0.001,5.329,0.283,0.763,0.708,0.085,0.272,0.0,3.933,13.922999999999998,5087.63,0.15,17.3
NO,2021,E.coli-3rd_gen_cephalosporins,5.49622297,2.567,0.001,5.408,0.292,0.769,0.624,0.081,0.247,0.0,4.002,13.991,5535.12,0.05,17.4
NO,2022,E.coli-3rd_gen_cephalosporins,5.83043594,2.707,0.001,6.413,0.311,0.791,0.654,0.087,0.245,0.0,4.056,15.265,5285.41,0.32,15.0
NO,2023,E.coli-3rd_gen_cephalosporins,5.62248995,2.718,0.001,6.51,0.303,0.802,0.669,0.09,0.236,0.0,4.165,15.494,5567.91,0.01,15.2
NO,2024,E.coli-3rd_gen_cephalosporins,6.79074446,3.238,0.001,6.332,0.295,0.806,0.728,0.092,0.221,0.0,4.343,16.055999999999997,5119.82,0.06,15.3
PL,2001,E.coli-3rd_gen_cephalosporins,7.07070707,4.403,0.0,8.786,2.762,2.79,2.711,0.3500000000000001,1.166,0.0,0.835,23.803,,,122.3
PL,2002,E.coli-3rd_gen_cephalosporins,6.15384615,4.14,0.0,7.395,2.451,1.328,2.462,0.249,1.21,0.0,0.599,19.834,,,122.3
PL,2003,E.coli-3rd_gen_cephalosporins,4.06504065,,,,,,,,,,,,,,122.2
PL,2004,E.coli-3rd_gen_cephalosporins,5.23560209,2.851,0.0,4.909,2.53,0.588,2.988,0.055,1.005,0.0,1.948,16.874,,,122.1
PL,2005,E.coli-3rd_gen_cephalosporins,4.54545454,,,,,,,,,,,,,,122.1
PL,2006,E.coli-3rd_gen_cephalosporins,4.36893203,,,,,,,,,,,,,,122.0
PL,2007,E.coli-3rd_gen_cephalosporins,2.34375,,,,,,,,,,,,,,121.9
PL,2008,E.coli-3rd_gen_cephalosporins,2.38095238,,,,,,,,,,,,,,121.9
PL,2009,E.coli-3rd_gen_cephalosporins,9.07534246,,,,,,,,,,,,,,124.6
PL,2010,E.coli-3rd_gen_cephalosporins,7.52688172,,,,,,,,,,,,,,124.2
PL,2011,E.coli-3rd_gen_cephalosporins,11.72707889,,,,,,,,,,,,,,124.3
PL,2012,E.coli-3rd_gen_cephalosporins,12.92189006,,,,,,,,,,,,,,124.3
PL,2013,E.coli-3rd_gen_cephalosporins,10.9073359,,,,,,,,,,,,,,124.2
PL,2014,E.coli-3rd_gen_cephalosporins,10.50691244,2.462,0.001,6.395,2.727,0.5750000000000001,3.875,0.094,1.352,0.0,3.725,21.206000000000003,,,123.7
PL,2015,E.coli-3rd_gen_cephalosporins,11.92546583,2.46,0.0,7.429,3.201,0.649,4.686,0.086,1.542,0.0,4.065,24.118000000000002,,,123.6
PL,2016,E.coli-3rd_gen_cephalosporins,13.71827877,2.345,0.0,7.187,3.197,0.62,4.258,0.047,1.621,0.0,2.715,21.990000000000002,3288.51,16.64,123.6
PL,2017,E.coli-3rd_gen_cephalosporins,16.67829727,2.455,0.001,7.015,4.632,0.51,4.546,0.079,1.662,0.0,4.511,25.410999999999998,3290.5,19.52,123.6
PL,2018,E.coli-3rd_gen_cephalosporins,17.59541984,2.336,0.001,7.073,3.453,0.596,6.103,0.077,1.66,0.0,3.09,24.389,3126.18,29.8,123.6
PL,2019,E.coli-3rd_gen_cephalosporins,17.12450945,2.212,0.001,6.69,4.065,0.555,4.001,0.072,1.517,0.0,4.539,23.652,2954.0,48.7,123.6
PL,2020,E.coli-3rd_gen_cephalosporins,17.44935543,1.805,0.0,4.651,2.854,0.4750000000000001,2.868,0.06,1.296,0.0,4.503,18.512,3011.03,11.19,123.6
PL,2021,E.coli-3rd_gen_cephalosporins,18.72627583,1.782,0.0,5.567,2.859,0.301,3.827,0.059,1.456,0.0,4.78,20.631,3497.15,28.79,123.4
PL,2022,E.coli-3rd_gen_cephalosporins,18.6882655,1.985,0.0,7.365,3.536,0.588,4.743,0.065,1.5,0.0,4.285,24.067,3205.03,40.52,119.8
PL,2023,E.coli-3rd_gen_cephalosporins,19.56309096,1.919,0.0,7.971,3.5,0.399,4.481,0.064,1.427,0.0,3.475,23.236000000000004,2977.66,25.71,119.4
PL,2024,E.coli-3rd_gen_cephalosporins,18.81295943,1.906,0.0,6.892,3.249,0.393,5.303,0.061,1.374,0.0,3.52,22.698,2742.81,42.15,119.0
PT,2001,E.coli-3rd_gen_cephalosporins,2.87081339,,,,,,,,,,,,,,112.7
PT,2002,E.coli-3rd_gen_cephalosporins,5.65610859,,,,,,,,,,,,,,113.3
PT,2003,E.coli-3rd_gen_cephalosporins,7.12468193,,,,,,,,,,,,,,113.7
PT,2004,E.coli-3rd_gen_cephalosporins,8.07799442,,,,,,,,,,,,,,114.0
PT,2005,E.coli-3rd_gen_cephalosporins,11.71003717,,,,,,,,,,,,,,114.0
PT,2006,E.coli-3rd_gen_cephalosporins,9.84908657,,,,,,,,,,,,,,114.3
PT,2007,E.coli-3rd_gen_cephalosporins,9.7037037,,,,,,,,,,,,,,114.5
PT,2008,E.coli-3rd_gen_cephalosporins,10.1010101,,,,,,,,,,,,,,114.6
PT,2009,E.coli-3rd_gen_cephalosporins,9.20502092,0.734,0.001,8.618,2.344,0.021,3.986,0.082,3.128,0.0,10.497,29.411,,,114.6
PT,2010,E.coli-3rd_gen_cephalosporins,10.4253112,0.73,0.001,8.652000000000001,2.202,0.021,3.549,0.077,3.062,0.0,1.089,19.383,,,114.7
PT,2011,E.coli-3rd_gen_cephalosporins,11.25723303,1.037,0.0,8.824,2.044,0.026,3.544,0.071,2.78,0.0,1.481,19.807000000000002,,,114.5
PT,2012,E.coli-3rd_gen_cephalosporins,13.5097493,1.094,0.001,8.862,1.951,0.02,3.37,0.069,2.559,0.0,1.552,19.478,,,114.0
PT,2013,E.coli-3rd_gen_cephalosporins,14.93651979,0.769,0.001,8.018,1.834,0.016,2.905,0.076,2.343,0.0,1.152,17.114,,,113.4
PT,2014,E.coli-3rd_gen_cephalosporins,16.42117834,0.843,0.001,8.339,1.841,0.022,2.942,0.07,2.266,0.0,1.211,17.534999999999997,,,112.8
PT,2015,E.coli-3rd_gen_cephalosporins,16.09002976,0.842,0.001,8.757,1.962,0.016,3.223,0.069,2.184,0.0,1.252,18.305999999999997,,,112.3
PT,2016,E.coli-3rd_gen_cephalosporins,16.0615491,0.8230000000000002,0.001,9.107,1.949,0.489,3.255,0.067,2.043,0.0,1.267,19.000999999999998,1278.04,276.68,113.5
PT,2017,E.coli-3rd_gen_cephalosporins,15.58764167,0.843,0.001,9.136,2.037,0.479,2.598,0.062,1.858,0.0,1.291,18.304999999999996,1090.94,265.88,113.2
PT,2018,E.coli-3rd_gen_cephalosporins,14.70838292,0.872,0.001,9.713,2.014,0.4130000000000001,2.84,0.06,1.82,0.0,1.337,19.069999999999997,1350.22,233.14,113.0
PT,2019,E.coli-3rd_gen_cephalosporins,16.10328638,0.878,0.001,9.567,2.04,0.436,3.285,0.058,1.638,0.0,1.399,19.302,1150.19,165.18,113.0
PT,2020,E.coli-3rd_gen_cephalosporins,14.44847229,0.82,0.001,7.055,1.708,0.408,2.156,0.053,1.272,0.0,1.361,14.834,1051.38,264.53,113.0
PT,2021,E.coli-3rd_gen_cephalosporins,13.08993766,0.932,0.001,6.892,1.818,0.441,1.998,0.052,1.217,0.0,1.372,14.723,1105.62,133.84,113.2
PT,2022,E.coli-3rd_gen_cephalosporins,14.09699601,0.916,0.001,8.758000000000001,2.124,0.42,2.855,0.046,1.315,0.0,1.414,17.849000000000004,1009.97,285.45,115.0
PT,2023,E.coli-3rd_gen_cephalosporins,17.19506481,0.937,0.001,9.334,1.999,0.484,2.987,0.044,1.324,0.0,1.483,18.593,1093.43,232.85,116.3
PT,2024,E.coli-3rd_gen_cephalosporins,18.71056241,1.07,0.001,9.508,2.105,0.538,3.355,0.044,1.334,0.0,1.494,19.448999999999998,1013.14,205.63,117.6
RO,2002,E.coli-3rd_gen_cephalosporins,17.85714285,,,,,,,,,,,,,,94.8
RO,2003,E.coli-3rd_gen_cephalosporins,18.75,,,,,,,,,,,,,,94.5
RO,2004,E.coli-3rd_gen_cephalosporins,22.91666666,,,,,,,,,,,,,,94.3
RO,2005,E.coli-3rd_gen_cephalosporins,16.66666666,,,,,,,,,,,,,,94.1
RO,2006,E.coli-3rd_gen_cephalosporins,41.02564102,,,,,,,,,,,,,,93.9
RO,2007,E.coli-3rd_gen_cephalosporins,27.41935483,,,,,,,,,,,,,,93.7
RO,2008,E.coli-3rd_gen_cephalosporins,23.63636363,,,,,,,,,,,,,,93.6
RO,2009,E.coli-3rd_gen_cephalosporins,13.55932203,0.142,0.002,4.987,2.963,0.196,1.91,0.252,1.586,0.0,0.077,12.115,,,93.4
RO,2010,E.coli-3rd_gen_cephalosporins,20.58823529,,,,,,,,,,,,,,93.2
RO,2011,E.coli-3rd_gen_cephalosporins,21.05263157,1.344,0.013,13.22,4.062,0.964,2.917,0.465,3.388,0.0,0.109,26.482,,,93.0
RO,2012,E.coli-3rd_gen_cephalosporins,25.13089005,1.333,0.012,12.77,4.362,0.895,2.67,0.418,3.363,0.0,0.122,25.944999999999997,,,87.1
RO,2013,E.coli-3rd_gen_cephalosporins,22.81879194,1.19,0.01,13.068,4.814,0.937,2.753,0.387,3.469,0.0,0.141,26.768999999999995,,,86.9
RO,2014,E.coli-3rd_gen_cephalosporins,29.4117647,1.133,0.008,12.078,5.328,0.881,2.912,0.401,3.72,0.0,0.163,26.624,,,86.6
RO,2015,E.coli-3rd_gen_cephalosporins,26.82926829,1.104,0.01,13.549,5.273,0.89,3.185,0.364,3.504,0.0,0.187,28.066,,,86.1
RO,2016,E.coli-3rd_gen_cephalosporins,23.44497607,0.933,0.007,11.493,4.943000000000001,0.812,2.815,0.294,2.895,0.0,0.238,24.43,2953.68,105.53,85.6
RO,2017,E.coli-3rd_gen_cephalosporins,18.72586872,0.848,0.008,11.225,4.954,0.878,2.892,0.214,3.25,0.0,0.242,24.511,2952.08,128.25,85.2
RO,2018,E.coli-3rd_gen_cephalosporins,20.18348623,0.9490000000000002,0.009,11.355,5.172,0.8320000000000001,3.003,0.196,3.297,0.0,0.269,25.081999999999997,2772.9,81.98,83.1
RO,2019,E.coli-3rd_gen_cephalosporins,20.3313253,0.913,0.007,11.624,5.39,0.855,3.149,0.187,3.321,0.0,0.326,25.772000000000002,2596.56,120.66,82.7
RO,2020,E.coli-3rd_gen_cephalosporins,19.69026548,1.054,0.004,10.651,4.495,0.742,4.703,0.159,3.125,0.0,0.246,25.179,2696.85,94.25,82.7
RO,2021,E.coli-3rd_gen_cephalosporins,18.78787878,1.053,0.004,10.733,4.653,0.744,4.733000000000001,0.15,3.331,0.0,0.265,25.666,3026.96,134.37,82.2
RO,2022,E.coli-3rd_gen_cephalosporins,17.82608695,1.015,0.003,11.783,5.032,0.992,4.866,0.165,3.476,0.0,0.251,27.583,2784.38,142.04,81.3
RO,2023,E.coli-3rd_gen_cephalosporins,19.09090909,0.928,0.003,12.102,5.02,0.945,4.513,0.16,3.438,0.0,0.259,27.368000000000002,2538.88,149.96,81.4
RO,2024,E.coli-3rd_gen_cephalosporins,20.67164179,0.81,0.001,10.93,5.558,0.712,3.884,0.13,2.84,0.0,0.303,25.168,2514.35,254.48,81.3
SE,2000,E.coli-3rd_gen_cephalosporins,,3.432,0.001,7.345,0.808,0.8230000000000002,0.978,0.017,1.221,0.0,1.82,16.445,,,21.6
SE,2001,E.coli-3rd_gen_cephalosporins,0.34259611,3.423,0.001,7.535,0.781,0.819,1.035,0.017,1.272,0.0,1.851,16.733999999999998,,,21.7
SE,2002,E.coli-3rd_gen_cephalosporins,0.32658393,3.253,0.001,7.268,0.742,0.803,0.9510000000000002,0.016,1.17,0.0,1.908,16.112000000000002,,,21.8
SE,2003,E.coli-3rd_gen_cephalosporins,0.4241139,3.194,0.001,6.885,0.713,0.805,0.897,0.015,1.167,0.0,1.98,15.657,,,21.8
SE,2004,E.coli-3rd_gen_cephalosporins,0.72926162,3.229,0.001,6.68,0.673,0.793,0.887,0.02,1.151,0.0,2.146,15.580000000000002,,,21.9
SE,2005,E.coli-3rd_gen_cephalosporins,1.28125,3.434,0.001,6.765,0.665,0.762,0.926,0.021,1.165,0.0,2.199,15.938,,,22.0
SE,2006,E.coli-3rd_gen_cephalosporins,1.52585476,3.514,0.001,7.152,0.663,0.77,0.946,0.023,1.158,0.0,2.223,16.45,,,22.1
SE,2007,E.coli-3rd_gen_cephalosporins,2.26848145,3.549,0.001,7.2,0.578,0.846,0.942,0.02,1.067,0.0,2.18,16.383,,,22.3
SE,2008,E.coli-3rd_gen_cephalosporins,2.25806451,3.416,0.001,7.596,0.543,0.66,0.509,0.025,0.987,0.0,1.984,15.720999999999998,,,22.5
SE,2009,E.coli-3rd_gen_cephalosporins,,3.198,0.001,7.255,0.438,0.324,0.816,0.021,0.937,0.0,1.842,14.831999999999999,,,22.7
SE,2010,E.coli-3rd_gen_cephalosporins,2.9082774,3.504,0.001,7.394,0.389,0.283,0.812,0.022,0.934,0.0,1.744,15.083,,,22.9
SE,2011,E.coli-3rd_gen_cephalosporins,3.64562916,3.744,0.0,7.44,0.355,0.248,0.67,0.023,0.935,0.0,1.711,15.126,,,23.0
SE,2012,E.coli-3rd_gen_cephalosporins,4.4608994,3.648,0.001,7.429,0.353,0.222,0.694,0.025,0.909,0.0,1.712,14.993,,,23.4
SE,2013,E.coli-3rd_gen_cephalosporins,5.20446096,3.04,0.001,7.086,0.355,0.191,0.685,0.028,0.87,0.0,1.7,13.956,,,23.6
SE,2014,E.coli-3rd_gen_cephalosporins,5.56064772,2.836,0.0,7.135,0.31,0.166,0.67,0.027,0.849,0.0,1.686,13.678999999999998,,,23.8
SE,2015,E.coli-3rd_gen_cephalosporins,6.23853211,2.745,0.0,6.804,0.305,0.154,0.666,0.016,0.844,0.0,1.678,13.212,,,24.1
SE,2016,E.coli-3rd_gen_cephalosporins,8.26386892,2.585,0.0,6.815,0.303,0.438,0.609,0.028,0.82,0.0,1.636,13.233999999999998,5111.62,0.03,24.4
SE,2017,E.coli-3rd_gen_cephalosporins,7.35751295,2.526,0.0,6.689,0.244,0.312,0.604,0.027,0.776,0.0,1.599,12.777,5204.01,0.0,24.7
SE,2018,E.coli-3rd_gen_cephalosporins,8.33024118,2.32,0.0,6.649,0.237,0.316,0.56,0.025,0.749,0.0,1.582,12.438,5139.24,4.8,25.0
SE,2019,E.coli-3rd_gen_cephalosporins,7.82460983,2.289,0.0,6.312,0.224,0.328,0.579,0.024,0.694,0.0,1.354,11.804000000000002,5138.93,0.84,25.2
SE,2020,E.coli-3rd_gen_cephalosporins,7.86642306,2.052,0.0,5.277,0.21,0.312,0.561,0.023,0.624,0.0,1.28,10.338999999999999,4616.81,0.07,25.2
SE,2021,E.coli-3rd_gen_cephalosporins,7.11934543,1.956,0.0,5.173,0.219,0.314,0.517,0.02,0.62,0.0,1.249,10.068000000000001,5220.65,0.89,25.4
SE,2022,E.coli-3rd_gen_cephalosporins,7.50733693,,,,,,,,,,,,4939.74,1.36,25.7
SE,2023,E.coli-3rd_gen_cephalosporins,7.92540792,,,,,,,,,,,,5201.02,0.03,25.9
SE,2024,E.coli-3rd_gen_cephalosporins,9.4353994,,,,,,,,,,,,4817.57,0.05,26.0
SI,2001,E.coli-3rd_gen_cephalosporins,0.25125628,0.792,0.001,8.445,0.857,1.267,3.461,0.081,1.548,0.0,0.094,16.546,,,98.9
SI,2002,E.coli-3rd_gen_cephalosporins,1.22249388,0.712,0.001,7.766,1.029,1.153,3.116,0.082,1.64,0.0,0.086,15.584999999999999,,,99.0
SI,2003,E.coli-3rd_gen_cephalosporins,0.74812967,0.727,0.001,8.214,1.064,1.22,3.329,0.085,1.424,0.0,0.079,16.143,,,99.1
SI,2004,E.coli-3rd_gen_cephalosporins,1.39616055,0.623,0.001,7.965,1.073,1.304,3.364,0.093,1.354,0.0,0.087,15.864,,,99.2
SI,2005,E.coli-3rd_gen_cephalosporins,1.67427701,0.584,0.001,7.448,1.082,1.271,3.395,0.082,1.41,0.0,0.086,15.359000000000004,,,99.3
SI,2006,E.coli-3rd_gen_cephalosporins,1.67364016,0.56,0.001,7.152,0.897,1.222,2.668,0.083,1.332,0.0,0.088,14.002999999999998,,,99.6
SI,2007,E.coli-3rd_gen_cephalosporins,4.23031727,0.586,0.0,7.899,0.919,0.007,2.798,0.073,1.369,0.0,0.084,13.735,,,99.8
SI,2008,E.coli-3rd_gen_cephalosporins,4.23340961,0.535,0.001,7.496,0.807,0.005,2.612,0.071,1.338,0.0,0.087,12.952,,,100.4
SI,2009,E.coli-3rd_gen_cephalosporins,4.59126539,0.061,0.001,7.6,0.808,0.006,2.465,0.07,1.312,0.0,0.093,12.415999999999999,,,101.3
SI,2010,E.coli-3rd_gen_cephalosporins,6.61764705,0.107,0.0,7.632,0.747,0.007,2.234,0.073,1.343,0.0,0.107,12.249999999999998,,,101.7
SI,2011,E.coli-3rd_gen_cephalosporins,8.78243512,0.338,0.0,7.673,0.677,0.005,2.088,0.065,1.314,0.0,0.168,12.327999999999998,,,101.9
SI,2012,E.coli-3rd_gen_cephalosporins,9.50342465,0.439,0.0,7.66,0.613,0.007,1.911,0.056,1.289,0.0,0.212,12.187,,,102.2
SI,2013,E.coli-3rd_gen_cephalosporins,8.74183006,0.473,0.0,7.738,0.595,0.006,1.895,0.053,1.307,0.0,0.281,12.348,,,102.3
SI,2014,E.coli-3rd_gen_cephalosporins,12.74671052,0.465,0.0,7.496,0.584,0.011,1.889,0.062,1.322,0.0,0.359,12.188,,,102.4
SI,2015,E.coli-3rd_gen_cephalosporins,13.65007541,0.429,0.0,7.567,0.614,0.01,1.984,0.062,1.377,0.0,0.472,12.515,,,102.4
SI,2016,E.coli-3rd_gen_cephalosporins,12.53521126,0.502,0.0,7.43,0.632,0.798,1.718,0.064,1.35,0.0,0.4760000000000001,12.97,2756.05,39.63,102.5
SI,2017,E.coli-3rd_gen_cephalosporins,12.47386759,0.492,0.0,7.505,0.683,0.734,1.812,0.063,1.31,0.0,0.508,13.107,2828.15,91.15,102.6
SI,2018,E.coli-3rd_gen_cephalosporins,11.33093525,0.533,0.0,7.511,0.627,0.749,1.912,0.06,1.302,0.0,0.471,13.165,2587.4,59.27,102.9
SI,2019,E.coli-3rd_gen_cephalosporins,9.81366459,0.562,0.0,7.354,0.709,0.679,1.863,0.062,1.167,0.0,0.605,13.001000000000001,2602.14,81.36,103.7
SI,2020,E.coli-3rd_gen_cephalosporins,10.57513914,0.544,0.0,5.294,0.6980000000000002,0.581,1.439,0.055,0.972,0.0,0.585,10.168,2678.32,34.66,103.7
SI,2021,E.coli-3rd_gen_cephalosporins,9.28019036,0.562,0.0,5.165,0.787,0.588,1.364,0.055,0.978,0.0,0.671,10.17,2965.26,70.04,104.4
SI,2022,E.coli-3rd_gen_cephalosporins,9.33734939,0.611,0.0,6.911,0.85,0.591,1.675,0.051,1.013,0.0,0.736,12.438,2633.38,86.99,104.8
SI,2023,E.coli-3rd_gen_cephalosporins,8.6638194,0.629,0.0,7.66,0.706,0.581,1.844,0.048,1.101,0.0,0.8250000000000002,13.393999999999998,2494.76,75.38,105.3
SI,2024,E.coli-3rd_gen_cephalosporins,9.06963136,0.6990000000000002,0.0,7.92,0.979,0.535,2.299,0.052,1.057,0.0,0.846,14.386999999999999,2457.15,136.9,105.6
SK,2001,E.coli-3rd_gen_cephalosporins,6.66666666,2.327,0.006,13.99,3.011,1.261,3.526,0.19,1.937,0.0,0.818,27.066,,,109.7
SK,2002,E.coli-3rd_gen_cephalosporins,1.86915887,2.404,0.005,12.469,2.777,1.089,3.584,0.148,1.863,0.0,0.838,25.177,,,109.7
SK,2003,E.coli-3rd_gen_cephalosporins,0.41841004,2.526,0.003,12.444,2.487,0.846,3.817,0.075,1.583,0.0,0.72,24.500999999999998,,,109.6
SK,2004,E.coli-3rd_gen_cephalosporins,7.14285714,2.401,0.002,10.652,2.486,0.839,3.457,0.079,1.546,0.0,0.032,21.494,,,109.6
SK,2005,E.coli-3rd_gen_cephalosporins,8.24742268,2.332,0.002,10.94,3.918,0.77,4.025,0.082,1.938,0.0,0.04,24.046999999999997,,,109.6
SK,2011,E.coli-3rd_gen_cephalosporins,30.94594594,1.452,0.001,6.897,3.881,0.405,5.761,0.171,2.413,0.0,0.391,21.372,,,110.1
SK,2012,E.coli-3rd_gen_cephalosporins,30.73593073,1.397,0.001,6.469,4.013,0.372,5.009,0.072,2.198,0.0,0.192,19.723,,,110.3
SK,2013,E.coli-3rd_gen_cephalosporins,29.73977695,1.613,0.001,7.133,5.15,0.42,6.037,0.082,2.45,0.0,0.276,23.162000000000003,,,110.4
SK,2014,E.coli-3rd_gen_cephalosporins,31.8335208,1.706,0.001,6.952,5.053,0.453,5.75,0.084,0.922,0.0,0.259,21.18,,,110.5
SK,2015,E.coli-3rd_gen_cephalosporins,30.0111982,1.77,0.001,7.105,5.447,0.487,6.357,0.092,2.709,0.0,0.238,24.206,,,110.6
SK,2016,E.coli-3rd_gen_cephalosporins,29.7330097,1.711,0.001,6.803,5.372,1.244,5.589,0.079,2.551,0.0,0.269,23.619,3222.12,25.18,111.5
SK,2017,E.coli-3rd_gen_cephalosporins,30.91954022,1.658,0.001,5.369,5.004,0.407,4.813,0.086,2.4,0.0,0.242,19.98,3338.74,56.43,111.7
SK,2018,E.coli-3rd_gen_cephalosporins,30.11305241,1.746,0.001,5.344,6.702,0.406,4.854,0.121,2.344,0.0,0.483,22.001,2963.43,48.34,111.8
SK,2019,E.coli-3rd_gen_cephalosporins,23.04964539,1.726,0.001,5.143,5.264,0.486,4.723,0.082,1.663,0.0,0.263,19.351000000000003,2946.23,61.06,112.0
SK,2020,E.coli-3rd_gen_cephalosporins,27.09766162,1.697,0.001,3.554,3.69,0.439,3.462,0.072,1.317,0.0,0.194,14.426,3089.05,19.01,112.0
SK,2021,E.coli-3rd_gen_cephalosporins,23.11248073,1.799,0.001,3.542,3.997,0.488,4.463,0.074,1.359,0.0,0.247,15.969999999999999,3423.3,60.39,112.1
SK,2022,E.coli-3rd_gen_cephalosporins,23.69791666,1.794,0.001,4.849,5.385,0.578,6.483,0.065,1.433,0.0,0.209,20.797,3083.08,65.52,111.5
SK,2023,E.coli-3rd_gen_cephalosporins,21.55172413,1.825,0.001,5.295,4.765,0.646,5.788,0.066,1.448,0.0,0.232,20.066,2879.8,45.52,111.4
SK,2024,E.coli-3rd_gen_cephalosporins,24.58172458,1.452,0.001,5.167,5.109,0.67,6.331,0.055,1.376,0.0,0.232,20.393,2701.84,123.04,111.3
UK,2001,E.coli-3rd_gen_cephalosporins,1.21317157,,,,,,,,,,,,,,243.8
UK,2002,E.coli-3rd_gen_cephalosporins,2.05519671,,,,,,,,,,,,,,244.8
UK,2003,E.coli-3rd_gen_cephalosporins,3.27056491,,,,,,,,,,,,,,246.0
UK,2004,E.coli-3rd_gen_cephalosporins,3.20378151,,,,,,,,,,,,,,247.4
UK,2005,E.coli-3rd_gen_cephalosporins,6.28964059,,,,,,,,,,,,,,249.1
UK,2006,E.coli-3rd_gen_cephalosporins,7.67494356,,,,,,,,,,,,,,250.9
UK,2007,E.coli-3rd_gen_cephalosporins,9.40919037,,,,,,,,,,,,,,252.9
UK,2008,E.coli-3rd_gen_cephalosporins,6.93114455,,,,,,,,,,,,,,254.9
UK,2009,E.coli-3rd_gen_cephalosporins,9.35835658,,,,,,,,,,,,,,256.8
UK,2010,E.coli-3rd_gen_cephalosporins,8.97294919,,,,,,,,,,,,,,258.8
UK,2011,E.coli-3rd_gen_cephalosporins,9.62948668,,,,,,,,,,,,,,260.9
UK,2012,E.coli-3rd_gen_cephalosporins,13.13791276,,,,,,,,,,,,,,262.7
UK,2013,E.coli-3rd_gen_cephalosporins,14.71302763,5.109,0.002,7.949,0.484,1.983,3.494,0.126,0.582,,1.127,20.855999999999998,,,264.4
UK,2014,E.coli-3rd_gen_cephalosporins,10.31988426,5.257,0.003,8.06,0.4750000000000001,1.657,3.545,0.129,0.587,0.0,1.144,20.857,,,266.4
UK,2015,E.coli-3rd_gen_cephalosporins,11.25943122,5.192,0.002,7.789,0.433,1.454,3.406,0.123,0.5690000000000001,0.0,1.2,20.168,,,268.5
UK,2016,E.coli-3rd_gen_cephalosporins,9.23738899,5.09,0.003,7.665,0.396,1.35,3.313,0.12,0.554,0.0,1.25,19.741,3003.93,0.6,270.6
UK,2017,E.coli-3rd_gen_cephalosporins,10.25604297,5.053,0.002,7.456,0.398,1.162,3.209,0.13,0.5700000000000001,0.0,1.442,19.422,2892.87,0.26,272.4
UK,2018,E.coli-3rd_gen_cephalosporins,10.96697701,4.896,0.002,7.344,0.383,0.986,2.953,0.132,0.5710000000000001,0.0,1.518,18.785,2956.3,1.21,273.8
UK,2019,E.coli-3rd_gen_cephalosporins,11.51430827,5.015,0.002,7.039,0.373,0.915,2.804,0.133,0.515,,1.473,18.269,2957.5,2.13,
AT,2001,E.coli-fluoroquinolones,7.03517587,,,,,,,,,,,,,,97.5
AT,2002,E.coli-fluoroquinolones,10.16949152,,,,,,,,,,,,,,98.0
AT,2003,E.coli-fluoroquinolones,14.12487205,,,,,,,,,,,,,,98.5
AT,2004,E.coli-fluoroquinolones,16.72060409,,,,,,,,,,,,,,99.1
AT,2005,E.coli-fluoroquinolones,19.37530502,,,,,,,,,,,,,,99.8
AT,2006,E.coli-fluoroquinolones,22.08688591,,,,,,,,,,,,,,100.3
AT,2007,E.coli-fluoroquinolones,25.68154879,,,,,,,,,,,,,,100.6
AT,2008,E.coli-fluoroquinolones,22.92436974,,,,,,,,,,,,,,100.9
AT,2009,E.coli-fluoroquinolones,20.48929663,,,,,,,,,,,,,,101.2
AT,2010,E.coli-fluoroquinolones,20.88888888,,,,,,,,,,,,,,101.5
AT,2011,E.coli-fluoroquinolones,22.26438962,,,,,,,,,,,,,,101.8
AT,2012,E.coli-fluoroquinolones,20.55401662,,,,,,,,,,,,,,102.3
AT,2013,E.coli-fluoroquinolones,21.96774947,,,,,,,,,,,,,,102.9
AT,2014,E.coli-fluoroquinolones,19.81904351,,,,,,,,,,,,,,103.7
AT,2015,E.coli-fluoroquinolones,20.02911813,,,,,,,,,,,,,,104.9
AT,2016,E.coli-fluoroquinolones,19.83705949,,,,,,,,,,,,3480.26,12.26,106.0
AT,2017,E.coli-fluoroquinolones,20.45835662,,,,,,,,,,,,3559.94,34.86,106.8
AT,2018,E.coli-fluoroquinolones,21.8524388,,,,,,,,,,,,3251.71,32.12,107.1
AT,2019,E.coli-fluoroquinolones,18.21305841,,,,,,,,,,,,3334.77,39.63,107.6
AT,2020,E.coli-fluoroquinolones,17.3459892,,,,,,,,,,,,3370.17,9.8,107.6
AT,2021,E.coli-fluoroquinolones,15.07492327,,,,,,,,,,,,3688.56,23.21,108.1
AT,2022,E.coli-fluoroquinolones,13.93065998,,,,,,,,,,,,3283.96,28.98,109.6
AT,2023,E.coli-fluoroquinolones,15.03050471,,,,,,,,,,,,3208.85,36.81,110.7
AT,2024,E.coli-fluoroquinolones,15.50452564,,,,,,,,,,,,3087.92,55.62,111.3
BE,2001,E.coli-fluoroquinolones,8.90052356,2.971,0.036,7.226,3.64,0.522,3.447,0.085,2.881,0.0,1.874,22.682,,,339.2
BE,2002,E.coli-fluoroquinolones,13.23529411,2.665,0.031,7.415,3.83,0.473,3.338,0.083,2.954,0.0,1.896,22.685000000000002,,,340.7
BE,2003,E.coli-fluoroquinolones,11.56685808,2.322,0.03,7.976,3.719,0.42,3.108,0.088,3.009,0.0,1.907,22.579,,,342.1
BE,2004,E.coli-fluoroquinolones,15.37884471,2.077,0.025,8.07,3.539,0.385,2.427,0.084,2.718,0.0,1.959,21.284000000000002,,,343.6
BE,2005,E.coli-fluoroquinolones,16.83778234,1.973,0.026,8.811,3.44,0.376,2.605,0.077,2.724,0.0,2.131,22.163,,,345.5
BE,2006,E.coli-fluoroquinolones,19.36936936,0.021,0.002,0.742,0.377,0.001,0.094,0.058,0.254,0.0,0.142,1.6909999999999998,,,347.8
BE,2007,E.coli-fluoroquinolones,19.16726489,1.973,0.024,9.88,2.722,0.001,2.723,0.058,2.512,0.0,2.339,22.232,,,350.4
BE,2008,E.coli-fluoroquinolones,16.8429003,2.213,0.021,11.155,2.353,0.001,2.897,0.049,2.632,0.0,2.475,23.796,,,353.1
BE,2009,E.coli-fluoroquinolones,19.94680851,2.164,0.024,11.004,2.191,0.0,3.04,0.059,2.85,0.0,2.61,23.942,,,356.0
BE,2010,E.coli-fluoroquinolones,21.54882154,2.124,0.035,11.804,1.962,0.0,3.02,0.048,2.933,0.0,2.656,24.582,,,359.5
BE,2011,E.coli-fluoroquinolones,21.52719075,2.11,0.033,11.963,1.889,0.0,3.274,0.044,2.973,0.0,2.746,25.031999999999996,,,364.3
BE,2012,E.coli-fluoroquinolones,22.16216216,2.128,0.034,12.248,1.911,0.0,3.497,0.048,3.0,0.0,2.779,25.645,,,366.3
BE,2013,E.coli-fluoroquinolones,22.95161682,2.178,0.033,10.614,1.918,0.0,3.443,0.051,2.856,0.0,2.851,23.944,,,368.0
BE,2014,E.coli-fluoroquinolones,26.70257791,2.117,0.029,10.655,1.804,0.0,3.498,0.043,2.761,0.0,2.899,23.806,,,369.6
BE,2015,E.coli-fluoroquinolones,26.58869395,2.052,0.028,10.848,1.827,0.0,3.742,0.04,2.781,0.0,2.872,24.19,,,371.8
BE,2016,E.coli-fluoroquinolones,24.54592631,2.012,0.019,10.96,1.694,0.241,3.729,0.038,2.604,0.0,2.883,24.18,2723.56,23.22,373.7
BE,2017,E.coli-fluoroquinolones,23.80191693,1.933,0.018,10.483,1.544,0.223,3.526,0.036,2.362,0.0,2.642,22.767,2620.02,15.26,373.6
BE,2018,E.coli-fluoroquinolones,21.80004749,1.89,0.017,10.859,1.622,0.25,3.673,0.034,1.333,0.0,2.627,22.305,2544.33,34.27,375.3
BE,2019,E.coli-fluoroquinolones,19.05732484,1.878,0.017,10.532,1.576,0.259,3.621,0.034,0.731,0.0,2.724,21.372,2570.53,37.7,377.3
BE,2020,E.coli-fluoroquinolones,18.0787037,1.645,0.011,7.613,1.133,0.265,2.754,0.032,0.595,0.0,2.613,16.661,2382.39,48.74,377.3
BE,2021,E.coli-fluoroquinolones,18.53420885,1.825,0.011,8.155,1.144,0.284,2.749,0.031,0.581,0.0,2.649,17.429,2782.1,4.18,378.9
BE,2022,E.coli-fluoroquinolones,17.54850088,1.74,0.014,10.341,1.303,0.3,3.47,0.029,0.614,0.0,2.677,20.488,2400.32,24.85,383.6
BE,2023,E.coli-fluoroquinolones,18.23683679,1.804,0.015,10.641,1.177,0.33,3.715,0.026,0.607,0.0,2.343,20.658,2376.92,11.07,386.8
BE,2024,E.coli-fluoroquinolones,20.38396386,1.901,0.014,9.962,1.085,0.334,3.793,0.024,1.301,0.0,2.711,21.125,2396.73,12.26,389.1
BG,2001,E.coli-fluoroquinolones,7.86516853,3.637,0.148,10.968,2.503,1.306,0.605,1.549,1.603,0.0,0.346,22.665000000000003,,,72.3
BG,2002,E.coli-fluoroquinolones,14.07407407,2.798,0.111,8.517,1.426,0.943,0.743,1.361,1.347,0.0,0.046,17.292,,,70.6
BG,2003,E.coli-fluoroquinolones,19.3548387,3.067,0.081,6.666,1.433,1.077,1.436,1.207,0.439,0.0,0.136,15.541999999999998,,,70.0
BG,2004,E.coli-fluoroquinolones,23.92638036,2.838,0.081,7.727,1.686,0.973,1.018,0.392,1.606,0.0,0.122,16.443,,,69.5
BG,2005,E.coli-fluoroquinolones,28.57142857,2.611,0.081,5.691,2.077,0.879,1.362,0.347,2.28,0.0,0.23,15.558000000000002,,,69.0
BG,2006,E.coli-fluoroquinolones,26.17801047,2.555,0.064,6.408,2.245,0.0,1.9,0.4130000000000001,1.916,0.0,0.042,15.543000000000001,,,68.5
BG,2007,E.coli-fluoroquinolones,34.64566929,2.378,0.064,6.892,2.431,0.0,2.731,0.41,2.052,0.0,0.052,17.009999999999998,,,68.0
BG,2008,E.coli-fluoroquinolones,31.50684931,2.194,0.057,6.928,2.761,0.0,3.308,0.391,2.189,0.0,0.067,17.895,,,67.5
BG,2009,E.coli-fluoroquinolones,27.97927461,1.643,0.035,5.978,3.002,0.0,3.294,0.354,2.079,0.0,0.076,16.461000000000002,,,67.1
BG,2010,E.coli-fluoroquinolones,33.11258278,1.731,0.04,5.669,3.101,0.0,3.279,0.328,2.086,0.0,0.065,16.299000000000003,,,67.9
BG,2011,E.coli-fluoroquinolones,30.16759776,1.843,0.04,5.849,3.383,0.0,3.539,0.324,2.373,0.0,0.068,17.419,,,67.5
BG,2012,E.coli-fluoroquinolones,34.08071748,1.792,0.039,5.417,3.248,0.0,3.289,0.275,2.522,0.0,0.015,16.597,,,67.1
BG,2013,E.coli-fluoroquinolones,37.43315508,1.779,0.04,5.843,3.575,0.0,3.578,0.267,2.634,0.0,0.081,17.796999999999997,,,66.7
BG,2014,E.coli-fluoroquinolones,38.60465116,1.816,0.04,5.698,4.172,0.0,4.068000000000001,0.287,3.011,0.0,0.017,19.109,,,66.3
BG,2015,E.coli-fluoroquinolones,35.29411764,1.763,0.038,5.761,4.751,0.0,4.084000000000001,0.285,3.041,0.0,0.102,19.825000000000003,,,66.2
BG,2016,E.coli-fluoroquinolones,42.19409282,1.753,0.001,4.897,4.964,0.807,3.896,0.265,3.018,0.0,0.219,19.82,2484.46,175.43,64.8
BG,2017,E.coli-fluoroquinolones,42.10526315,1.708,0.035,5.687,5.207,0.887,4.075,0.26,3.11,0.0,0.259,21.228,2592.48,197.78,64.3
BG,2018,E.coli-fluoroquinolones,41.78082191,1.702,0.034,5.887,5.619,0.908,4.303,0.269,3.123,0.0,0.204,22.049000000000003,2418.88,118.51,63.9
BG,2019,E.coli-fluoroquinolones,38.63636363,1.786,0.034,5.761,5.48,0.822,4.337,0.267,3.081,0.0,0.17,21.738,2219.62,152.56,63.4
BG,2020,E.coli-fluoroquinolones,42.91187739,2.357,0.034,5.112,5.266,0.685,6.293,0.274,3.886,0.0,0.142,24.049,2314.23,156.38,63.4
BG,2021,E.coli-fluoroquinolones,33.46007604,2.775,0.033,5.22,6.096,0.697,5.963,0.26,4.513,0.216,0.116,25.889,2568.31,204.5,63.0
BG,2022,E.coli-fluoroquinolones,40.58577405,2.57,0.032,6.384,6.857,0.851,6.127,0.236,3.73,0.211,0.095,27.092999999999996,2373.0,191.67,58.8
BG,2023,E.coli-fluoroquinolones,39.86928104,2.504,0.03,6.38,7.375,0.797,5.403,0.256,3.276,0.194,0.076,26.290999999999997,2145.56,235.67,58.6
BG,2024,E.coli-fluoroquinolones,28.27380952,2.028,0.024,5.536,7.079,0.617,4.837,0.269,2.736,0.186,0.102,23.413999999999998,2174.74,334.56,58.6
CY,2003,E.coli-fluoroquinolones,,,,,,,,,,,,,,,77.7
CY,2004,E.coli-fluoroquinolones,21.73913043,,,,,,,,,,,,,,78.7
CY,2005,E.coli-fluoroquinolones,28.76712328,,,,,,,,,,,,,,79.8
CY,2006,E.coli-fluoroquinolones,34.83146067,3.11,0.001,9.731,6.249,0.438,3.334,0.096,3.83,0.0,0.359,27.148000000000003,,,81.2
CY,2007,E.coli-fluoroquinolones,39.44954128,2.51,0.001,10.625,7.013,0.352,3.59,0.4150000000000001,3.768,0.0,0.385,28.659,,,82.9
CY,2008,E.coli-fluoroquinolones,45.37815126,,,,,,,,,,,,,,85.4
CY,2009,E.coli-fluoroquinolones,43.38235294,2.874,0.001,10.758,6.447,0.456,3.985,0.096,4.102,0.0,0.442,29.160999999999998,,,87.7
CY,2010,E.coli-fluoroquinolones,42.75362318,3.273,0.001,9.692,5.403,0.01,2.902,0.073,4.072,0.0,0.471,25.897000000000002,,,90.0
CY,2011,E.coli-fluoroquinolones,47.44525547,1.399,0.0,5.232,3.07,0.007,1.575,0.033,1.907,0.0,0.229,13.452,,,92.3
CY,2012,E.coli-fluoroquinolones,42.04545454,3.092,0.0,9.292,5.357,0.008,2.918,0.059,3.513,0.0,0.495,24.734,,,93.8
CY,2013,E.coli-fluoroquinolones,51.85185185,,,,,,,,,,,,,,93.5
CY,2014,E.coli-fluoroquinolones,46.40522875,3.296,0.0,7.804,4.461,0.004,2.457,0.057,3.211,0.0,0.5680000000000001,21.858,,,92.5
CY,2015,E.coli-fluoroquinolones,45.52845528,3.549,0.0,8.81,5.162,0.006,3.213,0.063,4.482,0.0,0.675,25.96,,,92.0
CY,2016,E.coli-fluoroquinolones,46.97986577,3.774,0.0,8.589,5.077,0.007,2.736,0.068,6.893,0.0,0.722,27.866000000000003,707.54,715.66,92.4
CY,2017,E.coli-fluoroquinolones,42.94871794,3.444,0.0,9.168,5.705,0.285,2.843,0.072,6.099,0.0,0.765,28.381,747.94,689.02,93.3
CY,2018,E.coli-fluoroquinolones,42.38410596,3.748,0.0,8.74,5.788,0.26,2.992,0.082,5.211,0.0,0.721,27.541999999999998,505.57,777.9,94.4
CY,2019,E.coli-fluoroquinolones,43.47826086,3.725,0.0,9.57,6.294,0.189,3.127,0.076,5.726,0.0,0.932,29.639,729.19,738.12,95.7
CY,2020,E.coli-fluoroquinolones,48.24561403,3.292,0.0,8.182,6.09,0.282,2.58,0.091,7.224,0.0,0.727,28.468,678.47,771.19,95.7
CY,2021,E.coli-fluoroquinolones,51.5625,3.808,0.0,7.233,5.052,0.2,2.714,0.085,4.600000000000001,0.0,0.843,24.535,653.54,704.32,96.8
CY,2022,E.coli-fluoroquinolones,46.36363636,1.534,0.0,15.19,6.308,0.186,3.685,0.09,4.442,0.0,1.213,32.647999999999996,741.05,671.11,100.6
CY,2023,E.coli-fluoroquinolones,42.90030211,,,,,,,,,,,,577.0,744.01,104.0
CY,2024,E.coli-fluoroquinolones,49.25,1.49,0.0,7.086,5.398,0.196,2.548,0.065,4.603,0.0,1.045,22.431000000000004,558.83,956.92,105.8
CZ,2001,E.coli-fluoroquinolones,8.09199318,,,,,,,,,,,,,,132.2
CZ,2002,E.coli-fluoroquinolones,10.40353089,,,,,,,,,,,,,,132.0
CZ,2003,E.coli-fluoroquinolones,13.20861678,,,,,,,,,,,,,,131.9
CZ,2004,E.coli-fluoroquinolones,15.92875318,,,,,,,,,,,,,,132.0
CZ,2005,E.coli-fluoroquinolones,20.24182713,,,,,,,,,,,,,,132.2
CZ,2006,E.coli-fluoroquinolones,23.22761194,,,,,,,,,,,,,,132.5
CZ,2007,E.coli-fluoroquinolones,24.14796342,,,,,,,,,,,,,,133.3
CZ,2008,E.coli-fluoroquinolones,26.02339181,,,,,,,,,,,,,,134.4
CZ,2009,E.coli-fluoroquinolones,23.16896301,,,,,,,,,,,,,,135.2
CZ,2010,E.coli-fluoroquinolones,22.73276904,,,,,,,,,,,,,,135.6
CZ,2011,E.coli-fluoroquinolones,23.48993288,,,,,,,,,,,,,,135.9
CZ,2012,E.coli-fluoroquinolones,20.96831612,,,,,,,,,,,,,,136.1
CZ,2013,E.coli-fluoroquinolones,20.75855062,,,,,,,,,,,,,,136.1
CZ,2014,E.coli-fluoroquinolones,21.60618279,,,,,,,,,,,,,,136.3
CZ,2015,E.coli-fluoroquinolones,22.59083728,,,,,,,,,,,,,,136.6
CZ,2016,E.coli-fluoroquinolones,27.63802678,,,,,,,,,,,,3285.11,9.9,136.8
CZ,2017,E.coli-fluoroquinolones,24.47639887,,,,,,,,,,,,3348.9,21.52,137.2
CZ,2018,E.coli-fluoroquinolones,24.27157778,,,,,,,,,,,,3029.83,44.26,137.7
CZ,2019,E.coli-fluoroquinolones,23.04445694,2.0,0.002,6.018,2.543,0.896,3.598,0.087,0.686,0.0,1.092,16.921999999999997,3033.44,38.51,138.2
CZ,2020,E.coli-fluoroquinolones,20.18685352,1.819,0.002,4.474,1.906,0.778,2.733,0.083,0.596,0.0,0.994,13.385000000000002,3112.48,5.96,138.2
CZ,2021,E.coli-fluoroquinolones,19.70006816,1.563,0.002,4.673,2.009,0.754,2.838,0.077,0.598,0.0,1.21,13.724,3486.42,10.36,138.6
CZ,2022,E.coli-fluoroquinolones,18.2379349,1.769,0.002,6.054,2.513,0.89,3.961,0.074,0.628,0.0,1.194,17.085,3115.35,26.34,138.2
CZ,2023,E.coli-fluoroquinolones,17.17665209,1.689,0.002,6.975,2.972,0.899,3.857,0.073,0.514,0.0,1.286,18.267000000000003,2957.0,30.11,140.7
CZ,2024,E.coli-fluoroquinolones,19.18931583,1.879,0.001,6.528,2.224,0.848,4.879,0.063,0.511,0.0,1.499,18.431999999999995,2812.31,42.33,141.2
DE,2000,E.coli-fluoroquinolones,7.77777777,,,,,,,,,,,,,,230.3
DE,2001,E.coli-fluoroquinolones,11.24694376,,,,,,,,,,,,,,230.7
DE,2002,E.coli-fluoroquinolones,14.51310861,2.684,0.001,3.435,0.894,1.025,2.264,0.046,1.125,0.016,0.288,11.778,,,231.0
DE,2003,E.coli-fluoroquinolones,13.9607032,3.483,0.001,3.509,1.206,0.962,2.301,0.044,1.054,0.025,0.323,12.908,,,231.2
DE,2004,E.coli-fluoroquinolones,24.34928631,3.184,0.001,3.103,1.256,0.932,2.123,0.038,1.151,0.015,0.326,12.129000000000001,,,231.1
DE,2005,E.coli-fluoroquinolones,23.40647857,,,,,,,,,,,,,,230.9
DE,2006,E.coli-fluoroquinolones,29.27981109,,,,,,,,,,,,,,230.7
DE,2007,E.coli-fluoroquinolones,29.73251028,,,,,,,,,,,,,,230.4
DE,2008,E.coli-fluoroquinolones,23.41614906,,,,,,,,,,,,,,229.9
DE,2009,E.coli-fluoroquinolones,23.40272792,,,,,,,,,,,,,,229.3
DE,2010,E.coli-fluoroquinolones,24.75969506,,,,,,,,,,,,,,229.0
DE,2011,E.coli-fluoroquinolones,23.73487348,,,,,,,,,,,,,,224.8
DE,2012,E.coli-fluoroquinolones,21.10792741,,,,,,,,,,,,,,225.2
DE,2013,E.coli-fluoroquinolones,22.07326283,,,,,,,,,,,,,,225.8
DE,2014,E.coli-fluoroquinolones,20.59062145,,,,,,,,,,,,,,226.5
DE,2015,E.coli-fluoroquinolones,19.38130613,,,,,,,,,,,,,,228.4
DE,2016,E.coli-fluoroquinolones,19.44638287,,,,,,,,,,,,3018.69,15.74,233.1
DE,2017,E.coli-fluoroquinolones,20.74978204,,,,,,,,,,,,2975.2,9.01,234.0
DE,2018,E.coli-fluoroquinolones,19.828764,,,,,,,,,,,,2784.88,51.94,234.7
DE,2019,E.coli-fluoroquinolones,17.53230084,,,,,,,,,,,,2812.97,45.54,235.2
DE,2020,E.coli-fluoroquinolones,16.53659565,,,,,,,,,,,,2754.54,25.29,235.2
DE,2021,E.coli-fluoroquinolones,14.66013725,,,,,,,,,,,,3128.38,11.33,235.4
DE,2022,E.coli-fluoroquinolones,15.18159592,,,,,,,,,,,,2748.46,33.23,235.4
DE,2023,E.coli-fluoroquinolones,16.67172623,1.594,0.0,5.251,2.774,0.493,2.024,0.022,0.584,0.0,0.639,13.380999999999998,2675.87,19.14,235.8
DE,2024,E.coli-fluoroquinolones,16.95305504,1.602,0.001,5.863,2.469,0.5720000000000001,2.149,0.021,0.53,0.0,0.64,13.847000000000001,2583.4,19.02,236.4
DK,2005,E.coli-fluoroquinolones,4.74934036,1.285,0.0,9.512,0.275,0.884,2.428,0.065,0.464,0.0,0.85,15.763,,,125.7
DK,2006,E.coli-fluoroquinolones,6.62447257,1.388,0.0,9.867,0.304,0.908,2.412,0.057,0.528,0.0,0.872,16.336000000000002,,,126.2
DK,2007,E.coli-fluoroquinolones,9.29737402,1.485,0.0,10.44,0.353,0.833,2.545,0.046,0.627,0.0,0.622,16.951,,,126.7
DK,2008,E.coli-fluoroquinolones,10.17229953,,,,,,,,,,,,,,127.5
DK,2009,E.coli-fluoroquinolones,13.1826189,1.646,0.0,10.089,0.38,0.772,2.347,0.036,0.729,0.0,0.66,16.659000000000002,,,128.2
DK,2010,E.coli-fluoroquinolones,13.73973468,1.722,0.0,10.432,0.374,0.785,2.471,0.021,0.713,0.0,0.945,17.463,,,128.7
DK,2011,E.coli-fluoroquinolones,14.06642478,1.761,0.0,10.881,0.372,0.754,2.745,0.038,0.759,0.0,0.932,18.241999999999997,,,129.7
DK,2012,E.coli-fluoroquinolones,14.12184552,1.8,0.0,10.332,0.323,0.762,2.344,0.045,0.741,0.0,0.923,17.270000000000003,,,130.4
DK,2013,E.coli-fluoroquinolones,12.44007065,1.993,0.0,10.729,0.386,0.766,1.925,0.054,0.7020000000000002,0.0,0.901,17.456,,,130.8
DK,2014,E.coli-fluoroquinolones,12.25217197,1.694,0.0,10.704,0.421,0.775,1.938,0.041,0.678,0.0,0.809,17.06,,,131.5
DK,2015,E.coli-fluoroquinolones,11.90371991,1.644,0.0,10.873,0.324,0.745,1.941,0.041,0.662,0.0,0.864,17.094,,,132.4
DK,2016,E.coli-fluoroquinolones,11.0420551,1.651,0.0,10.788,0.294,0.8320000000000001,1.907,0.053,0.626,0.0,0.86,17.011,3152.32,0.31,136.4
DK,2017,E.coli-fluoroquinolones,12.78547725,1.466,0.0,10.518,0.33,0.8240000000000002,1.749,0.06,0.584,0.0,0.715,16.246000000000002,3127.81,0.0,137.3
DK,2018,E.coli-fluoroquinolones,13.25659116,1.443,0.0,10.228,0.285,0.79,1.607,0.054,0.547,0.0,0.606,15.56,3058.42,13.8,138.0
DK,2019,E.coli-fluoroquinolones,11.47190008,1.538,0.0,9.926,0.263,0.712,1.577,0.061,0.493,0.0,0.734,15.304,3033.01,2.05,138.5
DK,2020,E.coli-fluoroquinolones,11.2265758,1.739,0.0,9.054,0.241,0.673,1.314,0.046,0.438,0.0,0.759,14.264000000000001,2924.58,0.67,138.5
DK,2021,E.coli-fluoroquinolones,10.47207446,1.693,0.0,9.291,0.231,0.656,1.267,0.051,0.417,0.0,0.807,14.413,3266.04,0.69,138.9
DK,2022,E.coli-fluoroquinolones,10.70943652,1.751,0.0,9.911,0.232,0.63,1.32,0.048,0.442,0.0,0.822,15.155999999999999,3020.27,3.21,140.6
DK,2023,E.coli-fluoroquinolones,10.46671242,1.797,0.0,10.844,0.213,0.648,1.479,0.05,0.425,0.0,0.721,16.177,3032.98,0.04,141.6
DK,2024,E.coli-fluoroquinolones,10.71668909,1.887,0.0,10.256,0.207,0.588,1.784,0.055,0.401,0.0,0.867,16.045,2890.62,0.06,142.4
EE,2000,E.coli-fluoroquinolones,,,,,,,,,,,,,,,32.2
EE,2001,E.coli-fluoroquinolones,0.0,2.892,0.0,5.49,0.682,1.393,1.454,0.306,0.8230000000000002,0.0,1.331,14.370999999999999,,,32.0
EE,2002,E.coli-fluoroquinolones,4.91803278,2.83,0.0,3.97,0.813,1.139,1.285,0.277,0.712,0.0,1.389,12.415,,,31.8
EE,2003,E.coli-fluoroquinolones,4.59770114,2.893,0.0,3.808,0.842,0.914,1.204,0.252,0.793,0.0,1.339,12.045,,,31.6
EE,2004,E.coli-fluoroquinolones,6.41025641,2.564,0.0,3.555,0.966,0.92,1.572,0.319,0.93,0.0,0.589,11.415000000000001,,,31.4
EE,2005,E.coli-fluoroquinolones,5.29801324,2.521,0.0,3.786,1.06,0.991,1.879,0.205,1.011,0.0,1.377,12.83,,,31.2
EE,2006,E.coli-fluoroquinolones,6.56565656,2.397,0.0,3.629,1.151,0.029,2.002,0.085,1.044,0.0,0.644,10.981,,,31.0
EE,2007,E.coli-fluoroquinolones,6.73076923,2.4,0.0,3.858,1.223,0.029,2.453,0.13,1.067,0.0,0.5680000000000001,11.728,,,30.9
EE,2008,E.coli-fluoroquinolones,6.74603174,2.271,0.0,3.777,1.314,0.023,2.451,0.116,1.201,0.0,0.613,11.766,,,30.8
EE,2009,E.coli-fluoroquinolones,8.27814569,2.173,0.0,3.406,1.246,0.023,2.21,0.074,1.021,0.0,0.5640000000000001,10.717,,,30.7
EE,2010,E.coli-fluoroquinolones,8.36501901,1.985,0.0,3.35,1.356,0.021,2.356,0.131,0.996,0.0,0.546,10.741,,,30.7
EE,2011,E.coli-fluoroquinolones,9.93589743,2.176,0.0,3.591,1.501,0.022,2.678,0.064,1.044,0.0,0.58,11.656,,,30.6
EE,2012,E.coli-fluoroquinolones,14.14473684,1.888,0.0,3.548,1.53,0.028,2.682,0.07,1.15,0.0,0.609,11.505,,,30.5
EE,2013,E.coli-fluoroquinolones,11.83431952,1.691,0.0,3.543,1.641,0.03,2.642,0.06,1.085,0.0,0.622,11.314,,,30.3
EE,2014,E.coli-fluoroquinolones,12.28501228,1.52,0.0,3.625,1.703,0.031,2.582,0.073,1.087,0.0,0.63,11.251000000000001,,,30.3
EE,2015,E.coli-fluoroquinolones,15.234375,1.497,0.0,3.742,1.782,0.03,2.604,0.044,1.078,0.0,0.647,11.424000000000001,,,30.3
EE,2016,E.coli-fluoroquinolones,13.87696709,1.603,0.0,3.857,1.706,0.45,2.406,0.033,0.99,0.0,0.663,11.708000000000002,4215.88,1.53,30.3
EE,2017,E.coli-fluoroquinolones,17.41357234,1.32,0.0,3.982,1.733,0.463,2.424,0.042,0.987,0.0,0.644,11.595,4218.11,0.0,30.3
EE,2018,E.coli-fluoroquinolones,17.61158021,1.278,0.0,4.278,1.687,0.485,2.489,0.032,0.861,0.0,0.667,11.777,4070.6,25.77,30.4
EE,2019,E.coli-fluoroquinolones,17.05685618,1.385,0.0,4.288,1.694,0.454,2.49,0.025,0.775,0.0,0.669,11.780000000000001,3890.15,1.32,30.5
EE,2020,E.coli-fluoroquinolones,14.07716371,1.39,0.0,3.757,1.535,0.339,1.97,0.025,0.883,0.0,0.5630000000000001,10.462,3563.54,1.61,30.5
EE,2021,E.coli-fluoroquinolones,13.44902386,1.332,0.0,3.74,1.393,0.367,1.861,0.022,0.704,0.0,0.652,10.071,4289.96,37.65,30.6
EE,2022,E.coli-fluoroquinolones,16.31205673,1.547,0.0,4.881,1.672,0.425,2.435,0.024,0.719,0.0,0.69,12.392999999999999,4124.88,15.65,31.3
EE,2023,E.coli-fluoroquinolones,13.28273244,1.642,0.0,5.013,1.588,0.536,2.618,0.019,0.7020000000000002,0.0,0.593,12.711,3992.11,7.02,31.8
EE,2024,E.coli-fluoroquinolones,14.61397058,1.589,0.0,5.155,1.425,0.494,2.865,0.019,0.636,0.0,0.7030000000000002,12.886,3674.01,1.62,31.8
EL,2000,E.coli-fluoroquinolones,4.28571428,2.851,0.003,7.758,7.286,0.744,7.084,0.319,1.912,0.022,0.4150000000000001,28.394,,,82.6
EL,2001,E.coli-fluoroquinolones,9.4619666,2.828,0.004,7.508,7.252,0.638,7.146,0.263,2.286,0.021,0.464,28.409999999999997,,,83.0
EL,2002,E.coli-fluoroquinolones,13.13993174,2.752,0.002,7.325,7.401,0.596,8.067,0.278,2.621,0.017,0.488,29.546999999999997,,,83.3
EL,2003,E.coli-fluoroquinolones,12.2659176,2.589,0.002,7.609,6.865,0.658,9.637,0.293,2.008,0.012,0.4780000000000001,30.151000000000003,,,83.5
EL,2004,E.coli-fluoroquinolones,11.61751563,2.646,0.002,7.162,7.144,0.683,9.771,0.281,1.83,0.003,0.289,29.811000000000003,,,83.7
EL,2005,E.coli-fluoroquinolones,12.32394366,2.563,0.002,7.667,7.86,0.693,10.081,0.277,1.843,0.0,0.158,31.144000000000002,,,84.0
EL,2006,E.coli-fluoroquinolones,14.48,2.521,0.002,9.627,7.748,0.0,10.463,3.329,2.121,0.0,0.6,36.411,,,84.2
EL,2007,E.coli-fluoroquinolones,19.15240423,2.456,0.002,8.991,8.917,0.0,12.009,2.512,2.929,0.0,0.669,38.485,,,84.5
EL,2008,E.coli-fluoroquinolones,22.406639,2.417,0.0,10.172,9.501,0.0,11.601,2.606,2.973,0.0,0.709,39.979000000000006,,,84.7
EL,2009,E.coli-fluoroquinolones,23.42192691,2.052,0.001,10.283,9.303,0.0,11.85,0.253,2.855,0.0,0.637,37.234,,,84.9
EL,2010,E.coli-fluoroquinolones,24.40633245,2.346,0.001,8.738,9.006,0.0,9.006,0.311,2.85,0.0,2.999,35.257000000000005,,,85.0
EL,2011,E.coli-fluoroquinolones,26.5875785,2.486,0.001,8.686,8.293000000000001,0.0,9.746,0.166,2.843,0.0,0.837,33.05800000000001,,,84.1
EL,2012,E.coli-fluoroquinolones,29.08163265,1.963,0.001,8.957,7.101,0.003,7.989,0.132,2.579,0.0,0.819,29.543999999999997,,,83.6
EL,2013,E.coli-fluoroquinolones,30.88709677,1.875,0.0,8.965,7.939,0.346,7.416,0.124,2.239,0.0,0.946,29.85,,,83.0
EL,2014,E.coli-fluoroquinolones,32.76018099,2.427,0.001,8.548,7.817,0.365,8.092,0.137,2.783,0.0,0.966,31.136000000000003,,,82.5
EL,2015,E.coli-fluoroquinolones,30.56255247,2.639,0.001,10.374,8.069,0.432,7.712,0.119,2.909,0.0,1.041,33.296,,,82.7
EL,2016,E.coli-fluoroquinolones,32.13190184,2.761,0.001,11.733,7.987,0.397,6.251,0.139,2.834,0.0,1.156,33.259,1543.43,330.5,82.4
EL,2017,E.coli-fluoroquinolones,32.92349726,2.864,0.001,11.607,8.251,0.343,7.153,0.138,2.818,0.0,1.242,34.416999999999994,1687.31,335.59,82.2
EL,2018,E.coli-fluoroquinolones,30.77866339,3.022,0.001,11.455,8.48,0.321,6.547,0.144,3.178,0.0,1.228,34.376000000000005,1449.59,288.92,82.5
EL,2019,E.coli-fluoroquinolones,29.55665024,3.124,0.001,11.353,8.181000000000001,0.3490000000000001,6.797,0.143,3.266,0.0,1.165,34.379,1529.79,346.48,82.4
EL,2020,E.coli-fluoroquinolones,32.74336283,3.075,0.001,9.079,6.365,0.465,5.309,0.127,2.827,0.0,1.149,28.397,1562.82,322.09,82.4
EL,2021,E.coli-fluoroquinolones,33.92857142,3.051,0.001,7.872,5.014,0.347,3.75,0.129,2.393,0.0,1.267,23.823999999999998,1607.97,401.36,82.3
EL,2022,E.coli-fluoroquinolones,37.77239709,2.986,0.001,10.137,7.458,0.354,7.303,0.084,3.337,0.0,1.223,32.883,1610.97,348.44,80.3
EL,2023,E.coli-fluoroquinolones,37.77538957,1.953,0.001,9.232,6.664,0.173,6.072,0.083,3.437,0.0,0.947,28.561999999999998,1449.03,366.5,80.0
EL,2024,E.coli-fluoroquinolones,36.34085213,2.019,0.001,10.057,7.114,0.322,5.883,0.12,3.527,0.0,0.984,30.027,1382.8,538.38,79.8
ES,2001,E.coli-fluoroquinolones,17.25181598,,,,,,,,,,,,,,80.7
ES,2002,E.coli-fluoroquinolones,19.28974979,,,,,,,,,,,,,,81.9
ES,2003,E.coli-fluoroquinolones,20.9928003,,,,,,,,,,,,,,83.4
ES,2004,E.coli-fluoroquinolones,25.38949798,,,,,,,,,,,,,,84.8
ES,2005,E.coli-fluoroquinolones,28.16572001,,,,,,,,,,,,,,86.3
ES,2006,E.coli-fluoroquinolones,28.00595238,,,,,,,,,,,,,,87.7
ES,2007,E.coli-fluoroquinolones,30.4454769,,,,,,,,,,,,,,90.1
ES,2008,E.coli-fluoroquinolones,32.52077562,,,,,,,,,,,,,,91.6
ES,2009,E.coli-fluoroquinolones,31.49606299,,,,,,,,,,,,,,92.4
ES,2010,E.coli-fluoroquinolones,32.75983146,,,,,,,,,,,,,,92.8
ES,2011,E.coli-fluoroquinolones,34.48275862,,,,,,,,,,,,,,93.2
ES,2012,E.coli-fluoroquinolones,33.85214007,,,,,,,,,,,,,,93.2
ES,2013,E.coli-fluoroquinolones,34.89706378,,,,,,,,,,,,,,92.9
ES,2014,E.coli-fluoroquinolones,34.0323135,,,,,,,,,,,,,,92.5
ES,2015,E.coli-fluoroquinolones,31.55459592,,,,,,,,,,,,,,92.5
ES,2016,E.coli-fluoroquinolones,32.82330439,1.494,0.0,15.427,2.67,0.292,3.315,0.087,3.241,0.0,0.676,27.202,1783.41,286.22,92.5
ES,2017,E.coli-fluoroquinolones,32.50302715,1.486,0.0,14.844,2.676,0.463,3.211,0.081,3.119,0.0,0.65,26.53,1658.76,311.27,92.7
ES,2018,E.coli-fluoroquinolones,32.11659663,1.49,0.0,14.392,2.751,0.471,3.178,0.082,2.966,0.0,0.665,25.994999999999997,1862.64,240.11,93.1
ES,2019,E.coli-fluoroquinolones,29.52880859,1.515,0.0,13.737,2.76,0.459,2.95,0.077,2.527,0.184,0.691,24.9,1736.29,248.58,93.8
ES,2020,E.coli-fluoroquinolones,28.60623156,1.483,0.0,10.379,2.329,0.45,2.222,0.078,1.974,0.163,0.675,19.753,1623.19,277.58,93.8
ES,2021,E.coli-fluoroquinolones,26.61471404,1.683,0.0,10.382,2.384,0.483,2.187,0.078,1.894,0.151,0.725,19.967000000000002,1730.2,235.66,94.2
ES,2022,E.coli-fluoroquinolones,28.60965428,1.533,0.0,12.255,2.77,0.512,3.004,0.072,2.163,0.133,0.782,23.223999999999997,1537.27,383.27,95.1
ES,2023,E.coli-fluoroquinolones,27.55537069,1.491,0.0,12.967,2.904,0.544,2.987,0.064,2.223,0.118,0.81,24.107999999999997,1543.89,337.49,96.2
ES,2024,E.coli-fluoroquinolones,29.9793246,1.597,0.0,12.686,2.858,0.58,3.323,0.056,2.153,0.124,0.818,24.195,1496.82,304.19,97.2
FI,2001,E.coli-fluoroquinolones,5.40315876,4.849,0.0,5.423,3.138,2.196,2.481,0.035,1.45,0.0,2.911,22.483,,,17.0
FI,2002,E.coli-fluoroquinolones,6.34184068,4.126,0.0,4.54,3.134,2.058,2.367,0.035,1.534,0.0,2.921,20.715,,,17.1
FI,2003,E.coli-fluoroquinolones,5.10204081,4.12,0.0,5.088,3.128,1.993,2.637,0.029,1.272,0.0,2.849,21.116000000000003,,,17.1
FI,2004,E.coli-fluoroquinolones,7.25952813,3.748,0.0,4.63,2.975,1.992,2.129,0.031,1.248,0.0,2.887,19.64,,,17.2
FI,2005,E.coli-fluoroquinolones,7.4010327,4.194,0.0,5.06,3.108,1.878,2.056,0.03,1.241,0.0,2.849,20.416,,,17.2
FI,2006,E.coli-fluoroquinolones,8.21333333,3.966,0.0,4.905,3.165,1.79,1.818,0.025,1.24,0.0,2.814,19.723000000000003,,,17.3
FI,2007,E.coli-fluoroquinolones,7.69625448,4.172,0.0,5.275,3.274,1.754,1.829,0.022,1.277,0.0,2.644,20.247,,,17.4
FI,2008,E.coli-fluoroquinolones,8.72451398,4.243,0.0,5.287,3.283,1.199,1.601,0.017,1.173,0.0,2.69,19.493000000000002,,,17.5
FI,2009,E.coli-fluoroquinolones,9.17678812,4.25,0.0,5.285,3.284,1.199,1.626,0.017,1.246,0.0,2.69,19.597,,,17.6
FI,2010,E.coli-fluoroquinolones,9.21568627,4.305,0.0,5.551,3.222,1.149,1.615,0.017,1.216,0.0,2.655,19.73,,,17.6
FI,2011,E.coli-fluoroquinolones,10.9602649,4.978,0.0,5.533,3.335,1.191,1.979,0.017,1.286,0.0,2.662,20.980999999999998,,,17.7
FI,2012,E.coli-fluoroquinolones,11.73308032,4.917,0.0,5.417,3.211,1.077,1.707,0.016,1.189,0.0,2.634,20.168,,,17.8
FI,2013,E.coli-fluoroquinolones,13.23935876,4.537,0.0,5.366000000000001,3.19,1.014,1.42,0.009,1.132,0.0,2.436,19.104,,,17.9
FI,2014,E.coli-fluoroquinolones,11.03586656,4.333,0.0,5.494,3.144,0.964,1.301,0.006,1.109,0.0,2.303,18.654,,,18.0
FI,2015,E.coli-fluoroquinolones,11.17166212,4.125,0.0,5.387,2.991,0.91,1.175,0.016,0.988,0.0,2.086,17.678,,,18.0
FI,2016,E.coli-fluoroquinolones,11.46006655,3.91,0.0,5.302,3.015,1.196,1.048,0.017,0.994,0.0,1.934,17.416,5343.23,0.0,18.1
FI,2017,E.coli-fluoroquinolones,12.00754005,3.452,0.0,4.942,2.779,1.105,0.873,0.015,0.888,0.0,1.653,15.707,5525.81,0.0,18.1
FI,2018,E.coli-fluoroquinolones,11.48126115,3.21,0.0,4.954,2.903,1.064,0.837,0.017,0.821,0.0,1.643,15.449000000000002,5365.18,8.84,18.1
FI,2019,E.coli-fluoroquinolones,11.44177449,3.161,0.0,4.927,2.632,1.159,0.755,0.017,0.62,0.0,1.388,14.658999999999999,5500.24,0.9,18.2
FI,2020,E.coli-fluoroquinolones,10.53418005,2.492,0.0,3.617,2.28,1.032,0.555,0.016,0.549,0.0,1.354,11.895,4887.41,0.42,18.1
FI,2021,E.coli-fluoroquinolones,9.56566701,2.312,0.0,3.497,2.195,1.021,0.495,0.013,0.488,0.0,1.269,11.29,5636.13,7.84,18.2
FI,2022,E.coli-fluoroquinolones,9.90813648,2.579,0.0,4.344,2.222,0.984,0.58,0.011,0.524,0.0,1.233,12.477000000000002,5289.78,2.4,18.3
FI,2023,E.coli-fluoroquinolones,10.30274583,2.66,0.0,4.765,2.129,1.025,0.635,0.011,0.527,0.0,1.184,12.936,5448.45,1.49,18.4
FI,2024,E.coli-fluoroquinolones,9.85233599,3.318,0.0,4.841,1.992,0.9480000000000002,0.776,0.009,0.487,0.0,1.236,13.607000000000001,5151.26,0.44,18.5
FR,2002,E.coli-fluoroquinolones,8.18948213,3.635,0.002,12.754,3.99,0.528,5.449,0.15,2.403,0.0,1.508,30.419,,,97.4
FR,2003,E.coli-fluoroquinolones,9.32390631,3.543,0.002,10.79,3.559,0.494,4.984,0.121,2.381,0.0,1.001,26.875,,,98.1
FR,2004,E.coli-fluoroquinolones,8.22695035,3.645,0.001,9.774,3.293,0.511,4.46,0.127,2.408,0.0,0.927,25.146,,,98.8
FR,2005,E.coli-fluoroquinolones,11.01526211,3.638,0.001,10.766,3.488,0.52,4.681,0.13,2.514,0.036,0.722,26.496000000000002,,,99.6
FR,2006,E.coli-fluoroquinolones,13.82224234,3.496,0.001,10.752,3.014,0.508,4.059,0.129,2.515,0.029,0.655,25.157999999999998,,,100.2
FR,2007,E.coli-fluoroquinolones,14.79208416,3.364,0.004,10.976,3.198,0.527,4.232,0.129,2.602,0.023,0.647,25.702,,,100.9
FR,2008,E.coli-fluoroquinolones,15.69806279,3.465,0.001,10.895,2.77,0.515,4.278,0.125,2.396,0.012,0.669,25.126,,,101.4
FR,2009,E.coli-fluoroquinolones,18.55620735,3.415,0.003,11.752,3.183,0.465,4.274,0.124,2.311,0.0,0.688,26.215,,,101.9
FR,2010,E.coli-fluoroquinolones,17.54191184,3.187,0.001,11.454,2.973,0.459,3.861,0.107,2.291,0.0,0.7010000000000002,25.034,,,102.4
FR,2011,E.coli-fluoroquinolones,17.92040487,3.115,0.001,11.994,2.82,0.422,3.963,0.103,2.036,0.0,0.644,25.098,,,102.9
FR,2012,E.coli-fluoroquinolones,17.84582893,3.31,0.001,12.599,2.676,0.486,3.81,0.091,2.182,0.0,0.583,25.738,,,103.4
FR,2013,E.coli-fluoroquinolones,16.73453173,3.374,0.001,13.275,2.548,0.32,3.604,0.089,2.09,0.013,0.584,25.898000000000003,,,103.9
FR,2014,E.coli-fluoroquinolones,17.64820025,3.244,0.001,13.031,2.368,0.522,3.125,0.093,1.99,0.007,0.537,24.918000000000003,,,104.6
FR,2015,E.coli-fluoroquinolones,17.74868157,3.28,0.001,13.546,2.441,0.449,3.343,0.092,1.826,0.0,0.589,25.566999999999997,,,105.1
FR,2016,E.coli-fluoroquinolones,16.65629721,3.261,0.001,14.174,2.269,0.451,3.085,0.089,1.731,0.0,0.582,25.643,2424.12,48.87,105.3
FR,2017,E.coli-fluoroquinolones,15.0210084,3.03,0.001,13.843,1.918,0.484,3.159,0.081,1.56,0.0,0.627,24.702999999999996,2362.84,67.3,105.6
FR,2018,E.coli-fluoroquinolones,16.32243028,3.174,0.001,14.168,1.727,0.461,3.001,0.072,1.528,0.632,0.587,25.351,2209.97,65.0,105.9
FR,2019,E.coli-fluoroquinolones,15.97051597,3.243,0.001,14.186,1.608,0.479,2.938,0.069,1.378,0.589,0.599,25.09,2274.73,86.97,106.1
FR,2020,E.coli-fluoroquinolones,15.92439011,2.962,0.001,10.803,1.199,0.51,2.493,0.06,1.246,0.537,0.528,20.339,2064.45,75.76,106.3
FR,2021,E.coli-fluoroquinolones,14.75658679,3.156,0.001,11.776,1.225,0.554,2.49,0.055,1.164,0.534,0.591,21.546,2439.61,30.18,106.6
FR,2022,E.coli-fluoroquinolones,14.70571444,2.799,0.001,13.887,1.419,0.5740000000000001,3.233,0.051,1.311,0.437,0.599,24.311000000000003,2058.81,115.48,107.6
FR,2024,E.coli-fluoroquinolones,13.80411306,3.171,0.001,16.013,1.3,0.491,3.413,0.045,1.128,0.321,0.637,26.520000000000007,2102.8,61.64,108.5
HR,2001,E.coli-fluoroquinolones,4.51977401,1.526,0.001,7.415,3.753,1.831,2.065,0.172,1.533,0.0,0.051,18.346999999999998,,,76.1
HR,2002,E.coli-fluoroquinolones,5.30612244,1.986,0.001,9.698,4.352,2.047,2.095,0.196,1.769,0.0,0.085,22.229,,,76.1
HR,2003,E.coli-fluoroquinolones,7.1297989,2.095,0.001,10.04,4.658,1.918,2.323,0.139,1.783,0.0,0.117,23.074,,,76.1
HR,2004,E.coli-fluoroquinolones,8.23970037,2.042,0.0,9.285,4.037,1.768,2.422,0.118,1.66,0.0,0.609,21.941000000000003,,,76.1
HR,2005,E.coli-fluoroquinolones,8.79120879,2.154,0.001,9.214,4.244,1.693,2.998,0.122,1.768,0.0,0.693,22.887000000000004,,,76.2
HR,2006,E.coli-fluoroquinolones,15.46391752,1.88,0.0,8.115,3.918,1.479,2.931,0.12,1.779,0.0,0.748,20.970000000000002,,,76.2
HR,2007,E.coli-fluoroquinolones,13.13953488,1.933,0.001,8.32,4.202,0.001,3.601,0.109,1.624,0.0,0.586,20.377,,,76.2
HR,2008,E.coli-fluoroquinolones,14.98905908,1.889,0.0,8.307,4.545,0.002,3.543,0.123,1.673,0.0,0.771,20.853,,,76.2
HR,2010,E.coli-fluoroquinolones,17.00913242,1.196,0.001,7.063,3.941,0.003,3.17,0.144,1.525,0.0,0.815,17.858,,,75.9
HR,2011,E.coli-fluoroquinolones,20.27310924,1.448,0.001,7.153,3.474,0.002,3.022,0.109,1.513,0.0,0.707,17.429,,,75.7
HR,2012,E.coli-fluoroquinolones,17.04035874,1.248,0.001,8.23,4.069,0.001,3.132,0.113,1.681,0.0,0.816,19.291,,,75.4
HR,2013,E.coli-fluoroquinolones,20.17543859,1.238,0.001,8.22,3.471,0.0,2.948,0.101,1.662,0.0,0.843,18.483999999999998,,,75.2
HR,2014,E.coli-fluoroquinolones,20.05597014,1.165,0.001,8.397,3.331,0.0,3.045,0.137,1.696,0.0,0.939,18.711,,,74.9
HR,2015,E.coli-fluoroquinolones,23.9884393,1.183,0.001,8.546,3.283,0.001,3.249,0.102,1.705,0.0,0.995,19.065,,,74.4
HR,2016,E.coli-fluoroquinolones,27.85782901,1.06,0.001,8.329,2.994,0.633,2.862,0.098,1.701,0.0,1.045,18.723,2295.64,111.19,74.6
HR,2017,E.coli-fluoroquinolones,28.17391304,1.032,0.001,8.279,3.021,0.591,2.904,0.096,1.731,0.0,0.922,18.577,2354.95,202.95,73.9
HR,2018,E.coli-fluoroquinolones,30.02502085,1.013,0.001,8.307,3.053,0.535,2.994,0.101,1.723,0.0,1.078,18.805,2166.74,145.94,73.2
HR,2019,E.coli-fluoroquinolones,27.25631768,0.965,0.001,8.388,3.11,0.53,2.971,0.091,1.601,0.0,1.135,18.792,2106.64,186.64,72.8
HR,2020,E.coli-fluoroquinolones,29.66101694,0.82,0.0,6.552,2.593,0.47,2.628,0.072,1.417,0.0,1.108,15.66,2170.86,124.56,72.8
HR,2021,E.coli-fluoroquinolones,28.98751733,1.005,0.0,7.337,2.961,0.513,3.259,0.088,1.678,0.0,1.314,18.155,2399.07,190.55,72.4
HR,2022,E.coli-fluoroquinolones,30.25641025,0.964,0.0,8.296,3.328,0.524,3.809,0.091,1.744,0.0,1.406,20.162,2146.64,202.43,69.0
HR,2023,E.coli-fluoroquinolones,29.66101694,1.052,0.0,8.763,3.556,0.559,3.914,0.114,1.761,0.0,1.5,21.218999999999998,1984.3,176.62,69.0
HR,2024,E.coli-fluoroquinolones,29.13085004,1.089,0.0,9.297,3.509,0.5730000000000001,4.103,0.097,1.7,0.0,1.595,21.963,1942.27,312.07,69.2
HU,2001,E.coli-fluoroquinolones,5.05836575,2.274,0.001,6.856,2.593,1.234,3.272,0.05,1.281,0.0,0.032,17.593,,,109.5
HU,2002,E.coli-fluoroquinolones,10.36585365,2.007,0.001,6.167,2.435,1.052,2.93,0.057,1.578,0.0,0.047,16.274,,,109.2
HU,2003,E.coli-fluoroquinolones,14.90147783,2.006,0.0,7.159,2.537,1.293,3.3,0.048,1.749,0.0,0.057,18.148999999999997,,,108.9
HU,2004,E.coli-fluoroquinolones,19.42286348,1.836,0.0,6.517,2.457,1.134,3.314,0.05,1.862,0.0,0.062,17.232000000000003,,,108.6
HU,2005,E.coli-fluoroquinolones,21.92347466,1.802,0.0,6.626,2.574,1.041,4.083,0.055,2.157,0.0,0.069,18.407,,,108.4
HU,2006,E.coli-fluoroquinolones,26.61064425,1.502,0.0,5.519,2.349,0.864,3.619,0.054,2.051,0.0,0.339,16.297,,,108.3
HU,2007,E.coli-fluoroquinolones,26.30676949,1.458,0.0,5.305,1.872,0.767,3.022,0.045,1.729,0.0,0.328,14.526,,,108.1
HU,2008,E.coli-fluoroquinolones,26.12440191,1.456,0.0,4.605,2.109,0.728,3.206,0.045,2.003,0.0,0.34,14.492,,,107.9
HU,2009,E.coli-fluoroquinolones,30.49713193,1.383,0.0,5.294,2.233,0.688,3.14,0.043,2.045,0.0,0.182,15.008000000000001,,,107.7
HU,2010,E.coli-fluoroquinolones,36.57644476,1.416,0.0,4.989,2.205,0.641,3.164,0.043,2.239,0.0,0.14,14.837,,,107.5
HU,2011,E.coli-fluoroquinolones,31.16240725,1.312,0.0,5.184,2.179,0.588,3.16,0.042,2.168,0.0,0.248,14.880999999999998,,,107.2
HU,2012,E.coli-fluoroquinolones,28.93036611,1.213,0.0,4.913,2.058,0.562,2.854,0.043,2.184,0.0,0.28,14.107000000000001,,,106.6
HU,2013,E.coli-fluoroquinolones,30.30726256,1.215,0.0,4.967000000000001,2.12,0.5650000000000001,2.932,0.042,2.323,0.0,0.312,14.476,,,106.4
HU,2014,E.coli-fluoroquinolones,28.43866171,1.216,0.0,4.964,2.196,0.538,3.257,0.042,2.644,0.0,0.34,15.197,,,108.1
HU,2015,E.coli-fluoroquinolones,28.99554675,1.248,0.0,5.082,2.316,0.548,3.44,0.041,2.932,0.0,0.272,15.879,,,107.9
HU,2016,E.coli-fluoroquinolones,26.78751258,1.14,0.0,4.7,2.397,0.52,2.942,0.04,2.598,0.0,0.148,14.485,2715.27,62.86,107.6
HU,2017,E.coli-fluoroquinolones,30.61921014,1.106,0.0,4.825,2.472,0.48,2.938,0.04,2.624,0.0,0.167,14.652000000000001,2752.31,141.1,107.3
HU,2018,E.coli-fluoroquinolones,33.24873096,1.15,0.0,4.933,2.514,0.4750000000000001,2.972,0.026,2.516,0.0,0.352,14.937999999999999,2476.88,123.08,107.1
HU,2019,E.coli-fluoroquinolones,30.31693077,1.242,0.0,4.923,2.462,0.48,2.938,0.03,2.086,0.0,0.379,14.539999999999997,2389.46,147.71,107.1
HU,2020,E.coli-fluoroquinolones,30.33707865,1.235,0.0,3.421,1.819,0.416,2.45,0.037,1.56,0.0,0.403,11.341000000000001,2553.61,69.64,107.1
HU,2021,E.coli-fluoroquinolones,28.04878048,1.3,0.0,3.537,1.729,0.408,3.083,0.031,1.55,0.0,0.41,12.048,2808.93,165.31,106.9
HU,2022,E.coli-fluoroquinolones,29.27696562,1.176,0.0,4.683,1.931,0.463,3.931,0.028,1.788,0.0,0.513,14.513,2556.51,162.1,105.3
HU,2023,E.coli-fluoroquinolones,25.98828696,1.132,0.0,4.768,2.142,0.454,3.465,0.036,1.643,0.0,0.5760000000000001,14.216000000000001,2330.28,120.4,105.1
HU,2024,E.coli-fluoroquinolones,25.10652245,1.031,0.0,4.844,2.208,0.425,3.299,0.036,1.361,0.0,0.5710000000000001,13.775,2292.36,271.54,104.8
IE,2002,E.coli-fluoroquinolones,5.13176144,,,,,,,,,,,,,,57.5
IE,2003,E.coli-fluoroquinolones,9.55882352,,,,,,,,,,,,,,58.4
IE,2004,E.coli-fluoroquinolones,12.11871393,3.852,0.001,7.443,1.968,0.86,2.985,0.039,0.803,0.0,0.305,18.256,,,59.5
IE,2005,E.coli-fluoroquinolones,16.86746987,3.278,0.001,7.734,1.874,0.935,3.234,0.037,0.909,0.0,0.378,18.380000000000003,,,60.8
IE,2006,E.coli-fluoroquinolones,20.97470697,3.386,0.001,8.412,2.029,0.988,3.845,0.078,1.138,0.0,0.253,20.130000000000003,,,62.5
IE,2007,E.coli-fluoroquinolones,21.30959218,3.332,0.001,8.823,2.043,0.722,4.288,0.043,1.161,0.0,0.21,20.623,,,64.3
IE,2008,E.coli-fluoroquinolones,22.62931034,3.209,0.001,8.898,1.685,1.04,4.347,0.123,1.195,0.0,0.239,20.737,,,65.6
IE,2009,E.coli-fluoroquinolones,21.69576059,2.757,0.001,8.322000000000001,1.437,1.169,3.987,0.115,1.039,0.0,0.204,19.031,,,66.3
IE,2010,E.coli-fluoroquinolones,22.86254133,2.617,0.001,8.52,1.356,0.876,3.923,0.071,1.027,0.0,0.239,18.63,,,66.7
IE,2011,E.coli-fluoroquinolones,22.94472828,2.807,0.001,9.599,1.351,0.912,4.445,0.067,1.046,0.0,0.231,20.459000000000003,,,67.0
IE,2012,E.coli-fluoroquinolones,24.28571428,2.952,0.001,9.763,1.384,0.909,4.428,0.068,0.986,0.0,0.215,20.706,,,67.3
IE,2013,E.coli-fluoroquinolones,24.17271993,2.986,0.001,10.15,1.517,0.707,4.655,0.071,0.98,0.0,0.248,21.315,,,67.6
IE,2014,E.coli-fluoroquinolones,24.52830188,2.748,0.001,10.25,1.274,0.728,4.424,0.062,0.94,0.0,0.241,20.668,,,67.8
IE,2015,E.coli-fluoroquinolones,23.07107563,2.611,0.001,12.139,1.34,0.906,4.468,0.088,1.033,0.0,0.225,22.811,,,68.5
IE,2016,E.coli-fluoroquinolones,22.90969899,2.579,0.001,11.035,1.34,1.152,4.648,0.089,0.976,0.0,0.222,22.042,2763.23,0.0,69.3
IE,2017,E.coli-fluoroquinolones,23.59730682,2.825,0.001,10.272,1.264,0.899,4.41,0.101,0.902,0.0,0.214,20.887999999999998,2687.76,0.0,70.0
IE,2018,E.coli-fluoroquinolones,23.90364422,2.647,0.001,10.505,1.331,1.079,4.255,0.1,0.859,0.0,1.547,22.324,2772.27,0.0,70.9
IE,2019,E.coli-fluoroquinolones,20.35370772,3.012,0.001,10.831,1.367,1.061,4.056,0.105,0.622,0.0,1.58,22.634999999999998,2725.23,0.0,71.9
IE,2020,E.coli-fluoroquinolones,18.88185654,2.993,0.001,7.959,1.152,1.102,3.082,0.078,0.473,0.0,1.556,18.396,2762.76,0.0,71.9
IE,2021,E.coli-fluoroquinolones,15.97653554,2.97,0.001,7.842,1.146,1.007,2.626,0.071,0.422,0.0,1.511,17.596,2663.39,0.16,72.6
IE,2022,E.coli-fluoroquinolones,15.6,3.802,0.001,10.976,1.521,0.934,3.466,0.071,0.44,0.0,1.51,22.721000000000004,2566.8,0.02,75.9
IE,2023,E.coli-fluoroquinolones,15.96995427,3.995,0.001,11.375,0.769,0.9530000000000002,3.296,0.071,0.431,0.0,1.537,22.427999999999997,2417.79,0.01,77.4
IE,2024,E.coli-fluoroquinolones,15.04178272,4.265,0.001,11.33,1.116,0.886,3.505,0.077,0.395,0.0,1.397,22.971999999999998,2617.79,0.0,78.6
IS,2001,E.coli-fluoroquinolones,3.7037037,4.631,0.0,10.122,0.526,2.131,1.525,0.038,0.711,0.0,0.319,20.002999999999997,,,2.8
IS,2002,E.coli-fluoroquinolones,2.7027027,4.814,0.0,10.694,0.539,1.966,1.546,0.037,0.715,0.0,0.336,20.647,,,2.9
IS,2003,E.coli-fluoroquinolones,5.55555555,4.762,0.0,9.68,0.496,1.924,0.821,0.041,0.713,0.0,0.306,18.743,,,2.9
IS,2004,E.coli-fluoroquinolones,1.7699115,5.184,0.0,8.995000000000001,0.434,1.909,1.678,0.039,0.645,0.0,0.506,19.39,,,2.9
IS,2005,E.coli-fluoroquinolones,3.41880341,5.46,0.0,9.633,0.51,1.968,1.827,0.049,0.786,0.0,0.663,20.895999999999997,,,3.0
IS,2006,E.coli-fluoroquinolones,11.57024793,,,,,,,,,,,,,,3.0
IS,2007,E.coli-fluoroquinolones,16.66666666,,,,,,,,,,,,,,3.1
IS,2008,E.coli-fluoroquinolones,6.08695652,,,,,,,,,,,,,,3.2
IS,2009,E.coli-fluoroquinolones,7.07070707,,,,,,,,,,,,,,3.2
IS,2010,E.coli-fluoroquinolones,10.52631578,5.054,0.0,9.6,0.612,0.42,1.559,0.0,1.016,0.0,1.032,19.293,,,3.2
IS,2011,E.coli-fluoroquinolones,14.04958677,4.891,0.0,9.654,0.625,0.503,1.577,0.018,1.054,0.0,1.042,19.364,,,3.2
IS,2012,E.coli-fluoroquinolones,9.70149253,4.78,0.0,9.606,0.689,0.486,1.66,0.024,1.012,0.0,0.928,19.185,,,3.2
IS,2013,E.coli-fluoroquinolones,14.65517241,4.667,0.0,9.226,0.765,0.453,1.71,0.022,1.124,0.0,1.119,19.086000000000002,,,3.2
IS,2014,E.coli-fluoroquinolones,7.80141843,,,,,,,,,,,,,,3.3
IS,2015,E.coli-fluoroquinolones,6.79012345,,,,,,,,,,,,,,3.3
IS,2016,E.coli-fluoroquinolones,9.55056179,,,,,,,,,,,,,,3.3
IS,2017,E.coli-fluoroquinolones,11.55778894,5.219,0.0,9.773,0.891,0.535,1.841,0.026,0.913,0.0,1.519,20.717,,,3.4
IS,2018,E.coli-fluoroquinolones,17.1875,5.225000000000001,0.0,9.747,0.862,0.5680000000000001,1.792,0.027,0.907,0.0,1.257,20.385,,,3.5
IS,2019,E.coli-fluoroquinolones,13.09523809,5.346,0.0,9.085,0.799,0.5730000000000001,1.567,0.026,0.616,0.0,1.283,19.295,,,3.6
IS,2020,E.coli-fluoroquinolones,11.83673469,4.841,0.0,7.432,0.754,0.536,1.293,0.032,0.532,0.0,1.069,16.489,,,3.6
IS,2021,E.coli-fluoroquinolones,14.44043321,4.437,0.0,7.95,0.8290000000000002,0.5630000000000001,1.193,0.022,0.496,0.0,1.265,16.755000000000003,,,3.6
IS,2022,E.coli-fluoroquinolones,10.21276595,4.648,0.0,9.13,1.038,0.553,1.39,0.021,0.505,0.0,1.321,18.606,,,3.8
IS,2023,E.coli-fluoroquinolones,12.79069767,4.133,0.0,9.131,1.238,0.582,1.479,0.029,0.471,0.0,1.47,18.532999999999998,,,3.8
IS,2024,E.coli-fluoroquinolones,13.79310344,4.834000000000001,0.0,9.384,1.054,0.635,1.814,0.029,0.449,0.0,1.644,19.843,,,3.8
IT,2002,E.coli-fluoroquinolones,21.06969205,,,,,,,,,,,,,,193.3
IT,2003,E.coli-fluoroquinolones,24.81040086,,,,,,,,,,,,,,194.2
IT,2004,E.coli-fluoroquinolones,27.83825816,,,,,,,,,,,,,,195.5
IT,2005,E.coli-fluoroquinolones,28.24497257,0.473,0.066,8.952,3.135,0.595,4.997,0.058,3.331,0.0,0.646,22.253,,,196.4
IT,2006,E.coli-fluoroquinolones,26.87793427,,,,,,,,,,,,,,197.0
IT,2007,E.coli-fluoroquinolones,31.52507676,0.512,0.073,10.523,2.946,0.553,5.028,0.081,3.781,0.0,0.807,24.304,,,198.0
IT,2008,E.coli-fluoroquinolones,37.59647188,0.557,0.047,10.817,3.118,0.002,5.482,0.121,3.909,0.0,0.934,24.987000000000002,,,199.3
IT,2009,E.coli-fluoroquinolones,36.1529548,,,,,,,,,,,,,,200.2
IT,2010,E.coli-fluoroquinolones,39.20361247,0.5630000000000001,0.059,10.423,2.917,0.003,5.281,0.087,3.924,0.0,0.92,24.177,,,200.9
IT,2011,E.coli-fluoroquinolones,40.54765666,0.538,0.064,11.015,2.891,0.002,5.113,0.067,3.894,0.0,1.108,24.692000000000004,,,201.2
IT,2012,E.coli-fluoroquinolones,42.05479452,0.558,0.061,10.911,2.781,0.001,4.883,0.079,3.914,0.0,1.027,24.215000000000003,,,201.8
IT,2013,E.coli-fluoroquinolones,42.20977596,0.579,0.065,11.386,2.896,0.0,4.987,0.075,3.976,0.0,0.834,24.798,,,199.4
IT,2014,E.coli-fluoroquinolones,43.92651494,0.608,0.064,11.086,2.748,0.0,4.86,0.072,3.806,0.0,0.849,24.093,,,206.0
IT,2015,E.coli-fluoroquinolones,44.38282647,0.5760000000000001,0.059,11.005,2.69,0.0,4.803,0.286,3.804,0.0,0.856,24.079,,,205.8
IT,2016,E.coli-fluoroquinolones,43.2605042,0.591,0.054,10.921,2.559,0.4140000000000001,4.518,0.487,3.627,0.0,0.851,24.022,1868.47,183.68,205.4
IT,2017,E.coli-fluoroquinolones,44.93880489,0.51,0.052,9.36,2.331,0.781,3.936,0.069,3.073,0.0,0.799,20.910999999999998,1991.03,284.26,203.3
IT,2018,E.coli-fluoroquinolones,41.6630306,0.55,0.053,9.477,2.501,0.851,4.051,0.068,3.013,0.0,0.845,21.409,1848.86,220.66,202.9
IT,2019,E.coli-fluoroquinolones,40.6309388,0.593,0.056,9.81,2.729,1.018,4.261,0.058,2.245,0.0,0.922,21.692000000000004,1931.26,276.73,201.5
IT,2020,E.coli-fluoroquinolones,37.59023354,0.624,0.042,7.836,2.132,1.05,3.879,0.057,1.874,0.0,0.927,18.421,1863.17,223.82,200.6
IT,2021,E.coli-fluoroquinolones,33.3610572,0.685,0.026,7.571,2.006,1.033,3.416,0.054,1.771,0.0,0.97,17.532,2024.69,273.46,199.6
IT,2022,E.coli-fluoroquinolones,31.62717219,0.673,0.021,9.51,2.6,1.077,4.917,0.049,1.974,0.0,1.035,21.855999999999998,1821.07,358.04,198.1
IT,2023,E.coli-fluoroquinolones,34.14425034,0.7000000000000002,0.015,10.831,2.955,1.214,4.338,0.051,1.932,0.0,1.046,23.081999999999997,1758.88,287.11,198.1
IT,2024,E.coli-fluoroquinolones,34.49146583,0.713,0.012,10.495,2.8,1.23,4.277,0.047,1.783,0.0,1.004,22.361,1678.29,365.17,198.0
LI,2022,E.coli-fluoroquinolones,,,,,,,,,,,,,,,250.0
LI,2023,E.coli-fluoroquinolones,,,,,,,,,,,,,,,252.2
LI,2024,E.coli-fluoroquinolones,,,,,,,,,,,,,,,256.0
LT,2006,E.coli-fluoroquinolones,12.28070175,1.721,0.049,14.505,0.87,0.011,1.107,1.551,0.834,0.0,1.444,22.092,,,52.2
LT,2007,E.coli-fluoroquinolones,9.48275862,2.47,0.001,9.512,1.805,0.011,1.922,0.36,1.457,0.0,2.188,19.726,,,51.6
LT,2008,E.coli-fluoroquinolones,13.81578947,2.366,0.0,8.921,3.203,0.009,2.044,0.382,1.553,0.0,2.521,20.999,,,51.0
LT,2009,E.coli-fluoroquinolones,14.57627118,2.002,0.0,6.805,1.263,0.006,1.927,0.243,1.222,0.0,2.733,16.201,,,50.5
LT,2010,E.coli-fluoroquinolones,13.51351351,1.681,0.0,6.377,1.089,0.009,1.667,0.15,1.085,0.0,1.984,14.041999999999998,,,49.4
LT,2011,E.coli-fluoroquinolones,12.86089238,1.646,0.0,6.914,1.321,0.008,1.91,0.147,1.191,0.0,1.972,15.109,,,48.3
LT,2012,E.coli-fluoroquinolones,14.69298245,1.599,0.0,6.823,1.489,0.009,1.943,0.193,1.37,0.0,1.499,14.925000000000002,,,47.7
LT,2013,E.coli-fluoroquinolones,15.93533487,1.612,0.0,7.91,1.835,0.009,2.45,0.139,1.128,0.0,1.56,16.643,,,47.2
LT,2014,E.coli-fluoroquinolones,12.83783783,1.444,0.0,6.718,1.723,0.011,1.966,0.102,1.084,0.0,1.625,14.673000000000002,,,46.8
LT,2015,E.coli-fluoroquinolones,20.58319039,1.389,0.0,7.166,1.885,0.011,1.981,0.106,1.191,0.0,1.633,15.361999999999998,,,46.4
LT,2016,E.coli-fluoroquinolones,19.74683544,1.511,0.0,7.204,1.973,0.01,2.039,0.085,1.155,0.0,1.679,15.655999999999999,3833.02,7.59,45.8
LT,2017,E.coli-fluoroquinolones,25.20612485,1.454,0.0,7.4,2.071,0.671,2.152,0.075,1.108,0.0,1.423,16.354,3764.21,4.59,45.2
LT,2018,E.coli-fluoroquinolones,19.6557971,1.39,0.0,7.182,2.106,0.706,2.184,0.065,1.065,0.0,1.434,16.132,3692.16,24.68,44.7
LT,2019,E.coli-fluoroquinolones,17.98051372,1.474,0.0,6.949,2.178,0.834,2.187,0.065,1.018,0.0,1.594,16.299,3394.26,11.47,44.6
LT,2020,E.coli-fluoroquinolones,18.75,1.539,0.0,5.536,1.992,0.662,1.776,0.049,0.925,0.0,1.719,14.198,3310.44,1.14,44.6
LT,2021,E.coli-fluoroquinolones,17.64705882,1.4,0.0,6.129,1.93,0.778,1.55,0.049,0.779,0.0,1.473,14.088000000000001,4022.5,48.74,44.6
LT,2022,E.coli-fluoroquinolones,19.02552204,1.622,0.0,8.51,2.391,0.958,2.341,0.06,0.858,0.0,1.756,18.496000000000002,3778.37,18.95,45.2
LT,2023,E.coli-fluoroquinolones,20.54982817,1.864,0.0,7.377,2.772,1.078,2.925,0.058,0.945,0.0,1.702,18.720999999999997,3467.03,16.43,45.8
LT,2024,E.coli-fluoroquinolones,20.0464846,1.849,0.0,8.532,2.179,0.336,4.064,0.052,0.868,0.0,1.609,19.489000000000004,3232.22,10.13,46.1
LU,2001,E.coli-fluoroquinolones,4.23280423,2.762,0.001,7.779,5.823,0.531,5.044,0.092,2.815,0.097,1.365,26.309,,,170.7
LU,2002,E.coli-fluoroquinolones,9.43396226,2.633,0.001,8.312,5.819,0.491,4.565,0.101,2.695,0.027,1.564,26.208000000000002,,,172.5
LU,2003,E.coli-fluoroquinolones,11.94690265,2.429,0.001,9.154,6.123,0.463,4.535,0.094,3.022,0.002,1.243,27.066,,,174.6
LU,2004,E.coli-fluoroquinolones,17.59259259,2.303,0.001,7.902,5.44,0.41,2.908,0.086,2.719,0.002,1.59,23.360999999999997,,,177.1
LU,2005,E.coli-fluoroquinolones,18.61702127,2.237,0.001,8.51,5.799,0.396,3.211,0.097,2.92,0.001,1.42,24.592,,,179.9
LU,2006,E.coli-fluoroquinolones,19.76047904,2.019,0.001,8.365,4.952,0.366,3.53,0.09,2.829,0.0,1.051,23.203,,,182.8
LU,2007,E.coli-fluoroquinolones,21.45454545,2.115,0.001,9.15,5.186,0.377,3.954,0.091,3.067,0.0,1.175,25.116000000000003,,,185.6
LU,2008,E.coli-fluoroquinolones,22.11221122,2.175,0.001,9.191,4.924,0.384,3.962,0.084,3.025,0.0,1.217,24.963,,,189.0
LU,2009,E.coli-fluoroquinolones,25.58139534,2.093,0.001,9.685,5.002,0.4,4.044,0.072,3.074,0.0,1.325,25.696,,,192.5
LU,2010,E.coli-fluoroquinolones,26.27118644,1.977,0.001,9.631,4.694,0.38,3.887,0.072,3.114,0.0,1.337,25.093,,,196.0
LU,2011,E.coli-fluoroquinolones,24.07932011,1.996,0.001,9.634,4.442,0.369,4.056,0.063,3.094,0.0,1.522,25.177,,,200.4
LU,2012,E.coli-fluoroquinolones,23.9520958,1.887,0.002,9.802,4.256,0.354,4.175,0.071,3.009,0.0,1.426,24.981999999999996,,,205.3
LU,2013,E.coli-fluoroquinolones,27.79661016,1.863,0.002,9.815,4.41,0.393,4.107,0.058,2.878,0.0,1.437,24.963,,,210.1
LU,2014,E.coli-fluoroquinolones,24.72826086,1.734,0.001,9.19,3.925,0.335,3.813,0.079,2.778,0.0,1.391,23.245999999999995,,,215.1
LU,2015,E.coli-fluoroquinolones,24.20749279,1.699,0.002,9.565,3.99,0.304,3.791,0.057,2.678,0.0,1.377,23.462999999999997,,,220.3
LU,2016,E.coli-fluoroquinolones,28.94736842,1.786,0.001,8.931000000000001,3.911,0.297,3.993,0.057,2.618,0.0,1.349,22.943,3050.44,11.09,225.1
LU,2017,E.coli-fluoroquinolones,22.86374133,1.102,0.054,7.369,2.863,0.596,5.648,0.061,2.961,0.0,1.902,22.556,3010.9,11.11,230.6
LU,2018,E.coli-fluoroquinolones,21.77033492,2.086,0.004,9.015,3.288,0.307,3.577,0.046,2.211,0.0,1.552,22.086,2818.52,31.41,235.1
LU,2019,E.coli-fluoroquinolones,20.52845528,2.055,0.005,8.806000000000001,3.187,0.333,3.421,0.044,1.716,0.0,1.572,21.139,2959.01,34.97,239.8
LU,2020,E.coli-fluoroquinolones,21.72897196,1.606,0.004,6.477,2.156,0.347,2.603,0.022,1.387,0.0,1.51,16.112000000000002,2761.9,39.88,239.8
LU,2021,E.coli-fluoroquinolones,20.9039548,1.589,0.004,6.456,2.01,0.3500000000000001,2.504,0.023,1.379,0.0,1.58,15.895000000000001,3178.78,1.45,243.8
LU,2022,E.coli-fluoroquinolones,16.84434968,1.447,0.001,8.372,2.382,0.366,3.362,0.031,1.477,0.0,1.617,19.055000000000003,2775.63,16.53,252.6
LU,2023,E.coli-fluoroquinolones,15.61822125,1.671,0.001,9.181,2.379,0.419,3.609,0.042,1.462,0.0,1.468,20.232,2746.25,2.55,257.7
LU,2024,E.coli-fluoroquinolones,18.70229007,1.696,0.001,9.535,2.371,0.442,4.385,0.031,1.465,0.0,1.644,21.57,2778.44,9.48,261.8
LV,2006,E.coli-fluoroquinolones,10.0,2.751,0.0,4.743,1.709,0.002,1.133,0.419,1.375,0.0,0.659,12.791,,,35.6
LV,2007,E.coli-fluoroquinolones,17.10526315,2.945,0.0,5.037,1.939,0.004,1.446,0.45,1.397,0.0,0.68,13.898,,,35.3
LV,2008,E.coli-fluoroquinolones,14.44444444,2.366,0.0,4.203,1.635,0.932,1.088,0.428,1.348,0.0,0.481,12.481,,,35.0
LV,2009,E.coli-fluoroquinolones,23.52941176,2.265,0.0,3.948,1.179,1.199,0.999,0.318,1.198,0.0,0.392,11.498,,,34.4
LV,2010,E.coli-fluoroquinolones,14.43298969,2.477,0.0,4.209000000000001,1.757,0.003,1.262,0.325,1.244,0.0,0.3500000000000001,11.627,,,33.7
LV,2011,E.coli-fluoroquinolones,16.79389312,1.571,0.001,2.405,0.525,0.003,0.836,0.072,0.775,0.0,0.402,6.59,,,33.1
LV,2012,E.coli-fluoroquinolones,14.47368421,2.699,0.001,4.564,1.113,0.005,1.679,0.117,1.332,0.0,0.751,12.260999999999997,,,32.7
LV,2013,E.coli-fluoroquinolones,18.65671641,2.474,0.001,4.79,1.181,0.006,1.884,0.105,1.371,0.0,0.8,12.612,,,32.4
LV,2014,E.coli-fluoroquinolones,17.67955801,2.319,0.001,4.471,1.145,0.009,1.765,0.094,1.351,0.0,0.889,12.043999999999999,,,32.0
LV,2015,E.coli-fluoroquinolones,27.83505154,2.288,0.001,4.78,1.186,0.007,1.993,0.091,1.32,0.0,0.935,12.600999999999999,,,31.8
LV,2016,E.coli-fluoroquinolones,27.75510204,2.283,0.001,4.686,1.21,0.884,1.944,0.082,1.308,0.0,0.96,13.358,4011.73,5.12,31.0
LV,2017,E.coli-fluoroquinolones,30.3482587,2.282,0.001,5.066,1.303,0.897,2.117,0.08,1.272,0.0,0.923,13.941,4009.3,0.86,30.7
LV,2018,E.coli-fluoroquinolones,24.12790697,2.223,0.0,5.011,1.223,0.8300000000000002,2.288,0.074,1.227,0.0,0.91,13.786000000000001,3870.56,24.16,30.4
LV,2019,E.coli-fluoroquinolones,24.88687782,2.338,0.001,5.068000000000001,1.272,0.842,2.277,0.065,1.07,0.0,0.96,13.893000000000004,3633.98,3.22,30.2
LV,2020,E.coli-fluoroquinolones,27.51322751,2.428,0.001,4.0,1.093,0.559,1.83,0.061,0.926,0.0,1.001,11.899,3413.39,1.52,30.2
LV,2021,E.coli-fluoroquinolones,20.6632653,2.773,0.001,3.797,0.992,0.455,1.742,0.044,0.814,0.0,1.028,11.646,4151.13,41.45,30.0
LV,2022,E.coli-fluoroquinolones,21.82952182,2.745,0.001,5.517,1.228,0.682,2.413,0.044,0.939,0.0,1.322,14.890999999999998,4022.19,13.13,29.7
LV,2023,E.coli-fluoroquinolones,28.50877192,2.715,0.001,5.386,1.314,0.617,2.342,0.04,0.886,0.0,1.474,14.775,3765.14,8.49,30.2
LV,2024,E.coli-fluoroquinolones,30.37974683,2.613,0.001,5.437,1.373,0.591,3.031,0.042,0.833,0.0,1.488,15.408999999999999,3445.66,3.16,30.0
MT,2001,E.coli-fluoroquinolones,15.38461538,,,,,,,,,,,,,,1245.4
MT,2002,E.coli-fluoroquinolones,12.16216216,,,,,,,,,,,,,,1254.7
MT,2003,E.coli-fluoroquinolones,24.44444444,,,,,,,,,,,,,,1263.0
MT,2004,E.coli-fluoroquinolones,35.55555555,,,,,,,,,,,,,,1271.5
MT,2005,E.coli-fluoroquinolones,30.58823529,,,,,,,,,,,,,,1279.6
MT,2006,E.coli-fluoroquinolones,31.91489361,,,,,,,,,,,,,,1284.3
MT,2007,E.coli-fluoroquinolones,35.04273504,0.958,0.001,6.197,3.275,0.208,3.403,0.055,1.821,0.0,0.288,16.206,,,1288.8
MT,2008,E.coli-fluoroquinolones,33.59375,1.144,0.001,6.403,5.241000000000001,0.214,3.955,0.057,1.925,0.0,0.268,19.208000000000002,,,1295.5
MT,2009,E.coli-fluoroquinolones,30.37974683,1.135,0.001,6.407,5.836,0.203,4.117,0.046,1.811,0.0,0.295,19.851000000000003,,,1305.3
MT,2010,E.coli-fluoroquinolones,34.375,1.12,0.001,7.009,5.41,0.309,3.436,0.079,2.021,0.12,0.399,19.904000000000003,,,1311.7
MT,2011,E.coli-fluoroquinolones,31.96347031,1.108,0.001,7.276,6.023,0.32,3.889,0.097,2.059,0.291,0.544,21.608,,,1317.3
MT,2012,E.coli-fluoroquinolones,30.14354066,1.748,0.001,6.388,5.514,0.232,3.91,0.064,2.217,0.291,0.455,20.82,,,1329.2
MT,2013,E.coli-fluoroquinolones,29.75206611,1.077,0.001,6.9,5.76,0.222,4.178,0.086,3.166,0.311,0.534,22.235,,,1348.0
MT,2014,E.coli-fluoroquinolones,28.73134328,1.333,0.001,7.096,4.808,0.318,4.016,0.107,3.421,0.66,0.648,22.408,,,1375.2
MT,2015,E.coli-fluoroquinolones,37.39495798,0.918,0.001,6.637,4.350000000000001,0.342,4.36,0.113,3.119,0.25,1.209,21.299000000000003,,,1408.4
MT,2016,E.coli-fluoroquinolones,41.46341463,2.08,0.001,6.99,3.802,0.32,4.233,0.088,2.678,0.273,0.48,20.945,341.35,592.37,1450.2
MT,2017,E.coli-fluoroquinolones,43.31210191,1.776,0.001,8.67,3.405,0.454,4.794,0.081,2.486,0.291,0.665,22.622999999999998,569.46,661.06,1495.2
MT,2018,E.coli-fluoroquinolones,41.86746987,1.618,0.001,6.949,2.944,0.368,4.63,0.081,2.603,0.282,0.784,20.26,386.91,613.66,1548.3
MT,2019,E.coli-fluoroquinolones,40.06024096,1.861,0.001,7.527,3.12,0.448,4.491,0.098,2.124,0.249,0.815,20.734,540.06,744.94,1595.1
MT,2020,E.coli-fluoroquinolones,35.37906137,2.234,0.001,6.029,2.251,0.352,2.685,0.055,1.637,0.176,1.129,16.549,418.24,657.53,1610.4
MT,2021,E.coli-fluoroquinolones,30.76923076,2.19,0.001,6.198,1.653,0.49,2.547,0.066,1.47,0.183,0.994,15.792000000000002,482.13,778.79,1646.4
MT,2022,E.coli-fluoroquinolones,26.38036809,2.453,0.001,9.681,2.954,0.48,5.115,0.049,1.907,0.174,1.189,24.003,557.81,828.76,1696.8
MT,2023,E.coli-fluoroquinolones,27.88461538,2.615,0.001,9.201,2.993,0.367,4.776,0.069,1.724,0.028,1.139,22.913,414.17,731.92,1766.0
MT,2024,E.coli-fluoroquinolones,43.00202839,2.572,0.001,9.765,2.427,0.345,5.84,0.049,1.682,0.161,1.031,23.873,306.21,791.57,1817.4
NL,2000,E.coli-fluoroquinolones,3.36065573,2.492,0.001,3.029,0.151,0.745,1.215,0.028,0.895,0.0,0.774,9.330000000000002,,,470.2
NL,2001,E.coli-fluoroquinolones,5.41989279,2.409,0.001,3.026,0.137,0.726,1.307,0.029,0.885,0.0,0.803,9.323,,,473.7
NL,2002,E.coli-fluoroquinolones,5.42844324,2.349,0.001,3.099,0.147,0.712,1.347,0.039,0.872,0.0,0.822,9.388,,,476.7
NL,2003,E.coli-fluoroquinolones,7.21951219,,,,,,,,,,,,,,480.3
NL,2004,E.coli-fluoroquinolones,6.59871244,,,,,,,,,,,,,,481.9
NL,2005,E.coli-fluoroquinolones,9.93470149,,,,,,,,,,,,,,483.1
NL,2006,E.coli-fluoroquinolones,11.20507399,,,,,,,,,,,,,,483.8
NL,2007,E.coli-fluoroquinolones,12.58715596,,,,,,,,,,,,,,485.3
NL,2008,E.coli-fluoroquinolones,14.39427805,,,,,,,,,,,,,,487.2
NL,2009,E.coli-fluoroquinolones,11.02229701,,,,,,,,,,,,,,489.7
NL,2010,E.coli-fluoroquinolones,13.88032078,2.684,0.001,3.538,0.197,0.591,1.523,0.092,0.988,0.002,1.333,10.949000000000002,,,492.2
NL,2011,E.coli-fluoroquinolones,14.44362564,2.629,0.001,3.568,0.199,0.5750000000000001,1.566,0.086,0.947,0.0,1.416,10.987,,,494.5
NL,2012,E.coli-fluoroquinolones,15.63556457,2.517,0.0,3.584,0.21,0.553,1.573,0.08,0.923,0.0,1.502,10.942,,,496.9
NL,2013,E.coli-fluoroquinolones,14.75926203,2.349,0.001,3.499,0.217,0.495,1.451,0.08,0.868,0.0,1.498,10.458,,,498.4
NL,2014,E.coli-fluoroquinolones,13.96295256,2.258,0.001,3.399,0.227,0.463,1.415,0.074,0.893,0.0,1.54,10.27,,,500.9
NL,2015,E.coli-fluoroquinolones,13.16087079,2.276,0.001,3.456,0.237,0.452,1.452,0.074,0.871,0.0,1.542,10.360999999999999,,,503.1
NL,2016,E.coli-fluoroquinolones,12.8983308,2.12,0.0,3.42,0.235,0.45,1.433,0.065,0.841,0.0,1.541,10.105,2676.94,13.97,498.1
NL,2017,E.coli-fluoroquinolones,14.41885234,2.006,0.001,3.238,0.244,0.45,1.438,0.056,0.82,0.0,1.528,9.781,2537.97,5.75,501.1
NL,2018,E.coli-fluoroquinolones,14.70872613,1.961,0.0,3.17,0.256,0.458,1.502,0.055,0.813,0.0,1.521,9.736,2530.56,30.89,504.0
NL,2019,E.coli-fluoroquinolones,14.56563442,1.85,0.0,3.125,0.26,0.482,1.502,0.05,0.742,0.0,1.468,9.479,2515.46,39.82,507.3
NL,2020,E.coli-fluoroquinolones,13.33778371,1.561,0.0,2.664,0.257,0.479,1.412,0.044,0.705,0.0,1.413,8.535,2387.24,40.42,507.3
NL,2021,E.coli-fluoroquinolones,13.32319391,1.436,0.001,2.651,0.261,0.4780000000000001,1.353,0.044,0.7000000000000002,0.0,1.412,8.336,2723.7,4.38,510.2
NL,2022,E.coli-fluoroquinolones,13.14293636,1.563,0.0,3.141,0.259,0.49,1.45,0.041,0.733,0.0,1.399,9.076,2396.93,18.74,517.8
NL,2023,E.coli-fluoroquinolones,12.94642857,1.749,0.0,3.339,0.267,0.514,1.522,0.041,0.752,0.0,1.389,9.573,2319.9,10.68,526.0
NL,2024,E.coli-fluoroquinolones,13.68327599,1.867,0.0,3.327,0.301,0.525,1.642,0.044,0.741,0.0,1.374,9.821,2275.73,6.73,529.5
NO,2000,E.coli-fluoroquinolones,1.65605095,,,,,,,,,,,,,,14.7
NO,2001,E.coli-fluoroquinolones,1.3064133,3.108,0.003,6.869,0.523,1.158,1.796,0.054,0.388,0.0,2.512,16.411,,,14.7
NO,2002,E.coli-fluoroquinolones,1.71026156,3.119,0.003,6.876,0.552,1.151,1.974,0.059,0.433,0.0,2.559,16.726000000000003,,,14.8
NO,2003,E.coli-fluoroquinolones,1.87265917,3.02,0.003,6.927,0.544,1.079,1.912,0.061,0.468,0.0,2.615,16.628999999999998,,,14.9
NO,2004,E.coli-fluoroquinolones,4.36760691,2.957,0.002,6.878,0.516,1.089,1.881,0.059,0.511,0.0,2.813,16.706,,,15.1
NO,2005,E.coli-fluoroquinolones,4.68364831,3.1,0.002,7.272,0.472,1.054,2.117,0.066,0.556,0.0,3.036,17.675,,,15.2
NO,2006,E.coli-fluoroquinolones,4.86815415,2.813,0.001,6.678,0.482,0.862,2.079,0.07,0.533,0.0,2.467,15.985000000000001,,,15.3
NO,2007,E.coli-fluoroquinolones,7.08661417,2.912,0.001,6.966,0.485,0.843,2.145,0.068,0.5740000000000001,0.0,2.639,16.633,,,15.5
NO,2008,E.coli-fluoroquinolones,7.39081746,2.866,0.002,7.189,0.47,0.834,1.988,0.072,0.609,0.0,2.852,16.881999999999998,,,15.6
NO,2009,E.coli-fluoroquinolones,8.68852459,2.764,0.001,6.906,0.444,0.779,1.76,0.068,0.602,0.0,2.982,16.305999999999997,,,15.8
NO,2010,E.coli-fluoroquinolones,8.7340097,2.829,0.001,7.045,0.436,0.742,1.863,0.07,0.633,0.0,3.188,16.807,,,16.0
NO,2011,E.coli-fluoroquinolones,8.98203592,3.156,0.001,7.133,0.43,0.734,2.078,0.071,0.644,0.0,3.288,17.534999999999997,,,16.2
NO,2012,E.coli-fluoroquinolones,11.2908899,3.512,0.001,7.079,0.42,0.719,2.075,0.074,0.637,0.0,3.416,17.933,,,16.5
NO,2013,E.coli-fluoroquinolones,10.8907563,3.306,0.001,6.803,0.407,0.714,1.771,0.07,0.608,0.0,3.509,17.189,,,16.7
NO,2014,E.coli-fluoroquinolones,11.0102489,3.187,0.001,6.751,0.376,0.735,1.536,0.072,0.5700000000000001,0.0,3.682,16.91,,,16.9
NO,2015,E.coli-fluoroquinolones,10.21831412,3.151,0.001,6.758,0.354,0.728,1.378,0.074,0.514,0.0,3.837,16.794999999999998,,,17.1
NO,2016,E.coli-fluoroquinolones,10.93879811,2.959,0.001,6.514,0.335,0.717,1.215,0.073,0.463,0.0,3.96,16.237000000000002,5354.12,0.0,16.9
NO,2017,E.coli-fluoroquinolones,13.5620477,2.802,0.001,6.3,0.33,0.714,1.074,0.084,0.4,0.0,4.04,15.745000000000001,5495.64,0.0,17.1
NO,2018,E.coli-fluoroquinolones,12.87077637,2.695,0.001,6.087,0.324,0.743,0.9530000000000002,0.09,0.361,0.0,4.03,15.283999999999999,5401.77,1.34,17.2
NO,2019,E.coli-fluoroquinolones,11.25860373,2.784,0.001,6.324,0.309,0.786,0.933,0.096,0.315,0.0,3.368,14.915999999999999,5487.8,1.06,17.3
NO,2020,E.coli-fluoroquinolones,9.95983935,2.549,0.001,5.329,0.283,0.763,0.708,0.085,0.272,0.0,3.933,13.922999999999998,5087.63,0.15,17.3
NO,2021,E.coli-fluoroquinolones,9.87718839,2.567,0.001,5.408,0.292,0.769,0.624,0.081,0.247,0.0,4.002,13.991,5535.12,0.05,17.4
NO,2022,E.coli-fluoroquinolones,10.52066559,2.707,0.001,6.413,0.311,0.791,0.654,0.087,0.245,0.0,4.056,15.265,5285.41,0.32,15.0
NO,2023,E.coli-fluoroquinolones,10.12339461,2.718,0.001,6.51,0.303,0.802,0.669,0.09,0.236,0.0,4.165,15.494,5567.91,0.01,15.2
NO,2024,E.coli-fluoroquinolones,9.99495204,3.238,0.001,6.332,0.295,0.806,0.728,0.092,0.221,0.0,4.343,16.055999999999997,5119.82,0.06,15.3
PL,2001,E.coli-fluoroquinolones,8.60215053,4.403,0.0,8.786,2.762,2.79,2.711,0.3500000000000001,1.166,0.0,0.835,23.803,,,122.3
PL,2002,E.coli-fluoroquinolones,10.52631578,4.14,0.0,7.395,2.451,1.328,2.462,0.249,1.21,0.0,0.599,19.834,,,122.3
PL,2003,E.coli-fluoroquinolones,6.61157024,,,,,,,,,,,,,,122.2
PL,2004,E.coli-fluoroquinolones,8.55614973,2.851,0.0,4.909,2.53,0.588,2.988,0.055,1.005,0.0,1.948,16.874,,,122.1
PL,2005,E.coli-fluoroquinolones,19.88636363,,,,,,,,,,,,,,122.1
PL,2006,E.coli-fluoroquinolones,20.38834951,,,,,,,,,,,,,,122.0
PL,2007,E.coli-fluoroquinolones,12.890625,,,,,,,,,,,,,,121.9
PL,2008,E.coli-fluoroquinolones,20.23809523,,,,,,,,,,,,,,121.9
PL,2009,E.coli-fluoroquinolones,23.10405643,,,,,,,,,,,,,,124.6
PL,2010,E.coli-fluoroquinolones,25.75976845,,,,,,,,,,,,,,124.2
PL,2011,E.coli-fluoroquinolones,27.3444347,,,,,,,,,,,,,,124.3
PL,2012,E.coli-fluoroquinolones,29.33204259,,,,,,,,,,,,,,124.3
PL,2013,E.coli-fluoroquinolones,27.34299516,,,,,,,,,,,,,,124.2
PL,2014,E.coli-fluoroquinolones,29.23368022,2.462,0.001,6.395,2.727,0.5750000000000001,3.875,0.094,1.352,0.0,3.725,21.206000000000003,,,123.7
PL,2015,E.coli-fluoroquinolones,27.88033099,2.46,0.0,7.429,3.201,0.649,4.686,0.086,1.542,0.0,4.065,24.118000000000002,,,123.6
PL,2016,E.coli-fluoroquinolones,33.06788016,2.345,0.0,7.187,3.197,0.62,4.258,0.047,1.621,0.0,2.715,21.990000000000002,3288.51,16.64,123.6
PL,2017,E.coli-fluoroquinolones,35.86244541,2.455,0.001,7.015,4.632,0.51,4.546,0.079,1.662,0.0,4.511,25.410999999999998,3290.5,19.52,123.6
PL,2018,E.coli-fluoroquinolones,34.67082197,2.336,0.001,7.073,3.453,0.596,6.103,0.077,1.66,0.0,3.09,24.389,3126.18,29.8,123.6
PL,2019,E.coli-fluoroquinolones,33.01852524,2.212,0.001,6.69,4.065,0.555,4.001,0.072,1.517,0.0,4.539,23.652,2954.0,48.7,123.6
PL,2020,E.coli-fluoroquinolones,32.99208934,1.805,0.0,4.651,2.854,0.4750000000000001,2.868,0.06,1.296,0.0,4.503,18.512,3011.03,11.19,123.6
PL,2021,E.coli-fluoroquinolones,33.11287477,1.782,0.0,5.567,2.859,0.301,3.827,0.059,1.456,0.0,4.78,20.631,3497.15,28.79,123.4
PL,2022,E.coli-fluoroquinolones,30.81103678,1.985,0.0,7.365,3.536,0.588,4.743,0.065,1.5,0.0,4.285,24.067,3205.03,40.52,119.8
PL,2023,E.coli-fluoroquinolones,32.20394736,1.919,0.0,7.971,3.5,0.399,4.481,0.064,1.427,0.0,3.475,23.236000000000004,2977.66,25.71,119.4
PL,2024,E.coli-fluoroquinolones,28.6939679,1.906,0.0,6.892,3.249,0.393,5.303,0.061,1.374,0.0,3.52,22.698,2742.81,42.15,119.0
PT,2001,E.coli-fluoroquinolones,17.52577319,,,,,,,,,,,,,,112.7
PT,2002,E.coli-fluoroquinolones,23.48484848,,,,,,,,,,,,,,113.3
PT,2003,E.coli-fluoroquinolones,25.84118438,,,,,,,,,,,,,,113.7
PT,2004,E.coli-fluoroquinolones,26.70375521,,,,,,,,,,,,,,114.0
PT,2005,E.coli-fluoroquinolones,29.28176795,,,,,,,,,,,,,,114.0
PT,2006,E.coli-fluoroquinolones,27.6744186,,,,,,,,,,,,,,114.3
PT,2007,E.coli-fluoroquinolones,29.84859408,,,,,,,,,,,,,,114.5
PT,2008,E.coli-fluoroquinolones,28.59860494,,,,,,,,,,,,,,114.6
PT,2009,E.coli-fluoroquinolones,27.72427774,0.734,0.001,8.618,2.344,0.021,3.986,0.082,3.128,0.0,10.497,29.411,,,114.6
PT,2010,E.coli-fluoroquinolones,27.27745965,0.73,0.001,8.652000000000001,2.202,0.021,3.549,0.077,3.062,0.0,1.089,19.383,,,114.7
PT,2011,E.coli-fluoroquinolones,27.23004694,1.037,0.0,8.824,2.044,0.026,3.544,0.071,2.78,0.0,1.481,19.807000000000002,,,114.5
PT,2012,E.coli-fluoroquinolones,30.30583873,1.094,0.001,8.862,1.951,0.02,3.37,0.069,2.559,0.0,1.552,19.478,,,114.0
PT,2013,E.coli-fluoroquinolones,31.62011173,0.769,0.001,8.018,1.834,0.016,2.905,0.076,2.343,0.0,1.152,17.114,,,113.4
PT,2014,E.coli-fluoroquinolones,32.36522777,0.843,0.001,8.339,1.841,0.022,2.942,0.07,2.266,0.0,1.211,17.534999999999997,,,112.8
PT,2015,E.coli-fluoroquinolones,29.65928132,0.842,0.001,8.757,1.962,0.016,3.223,0.069,2.184,0.0,1.252,18.305999999999997,,,112.3
PT,2016,E.coli-fluoroquinolones,28.94691336,0.8230000000000002,0.001,9.107,1.949,0.489,3.255,0.067,2.043,0.0,1.267,19.000999999999998,1278.04,276.68,113.5
PT,2017,E.coli-fluoroquinolones,27.27272727,0.843,0.001,9.136,2.037,0.479,2.598,0.062,1.858,0.0,1.291,18.304999999999996,1090.94,265.88,113.2
PT,2018,E.coli-fluoroquinolones,25.46012269,0.872,0.001,9.713,2.014,0.4130000000000001,2.84,0.06,1.82,0.0,1.337,19.069999999999997,1350.22,233.14,113.0
PT,2019,E.coli-fluoroquinolones,26.46555745,0.878,0.001,9.567,2.04,0.436,3.285,0.058,1.638,0.0,1.399,19.302,1150.19,165.18,113.0
PT,2020,E.coli-fluoroquinolones,23.93498716,0.82,0.001,7.055,1.708,0.408,2.156,0.053,1.272,0.0,1.361,14.834,1051.38,264.53,113.0
PT,2021,E.coli-fluoroquinolones,22.49911,0.932,0.001,6.892,1.818,0.441,1.998,0.052,1.217,0.0,1.372,14.723,1105.62,133.84,113.2
PT,2022,E.coli-fluoroquinolones,21.44665461,0.916,0.001,8.758000000000001,2.124,0.42,2.855,0.046,1.315,0.0,1.414,17.849000000000004,1009.97,285.45,115.0
PT,2023,E.coli-fluoroquinolones,24.33192686,0.937,0.001,9.334,1.999,0.484,2.987,0.044,1.324,0.0,1.483,18.593,1093.43,232.85,116.3
PT,2024,E.coli-fluoroquinolones,23.71644872,1.07,0.001,9.508,2.105,0.538,3.355,0.044,1.334,0.0,1.494,19.448999999999998,1013.14,205.63,117.6
RO,2002,E.coli-fluoroquinolones,20.0,,,,,,,,,,,,,,94.8
RO,2003,E.coli-fluoroquinolones,14.0,,,,,,,,,,,,,,94.5
RO,2004,E.coli-fluoroquinolones,20.93023255,,,,,,,,,,,,,,94.3
RO,2005,E.coli-fluoroquinolones,8.86075949,,,,,,,,,,,,,,94.1
RO,2006,E.coli-fluoroquinolones,41.02564102,,,,,,,,,,,,,,93.9
RO,2007,E.coli-fluoroquinolones,26.66666666,,,,,,,,,,,,,,93.7
RO,2008,E.coli-fluoroquinolones,26.92307692,,,,,,,,,,,,,,93.6
RO,2009,E.coli-fluoroquinolones,18.18181818,0.142,0.002,4.987,2.963,0.196,1.91,0.252,1.586,0.0,0.077,12.115,,,93.4
RO,2010,E.coli-fluoroquinolones,24.24242424,,,,,,,,,,,,,,93.2
RO,2011,E.coli-fluoroquinolones,28.0,1.344,0.013,13.22,4.062,0.964,2.917,0.465,3.388,0.0,0.109,26.482,,,93.0
RO,2012,E.coli-fluoroquinolones,29.03225806,1.333,0.012,12.77,4.362,0.895,2.67,0.418,3.363,0.0,0.122,25.944999999999997,,,87.1
RO,2013,E.coli-fluoroquinolones,31.0,1.19,0.01,13.068,4.814,0.937,2.753,0.387,3.469,0.0,0.141,26.768999999999995,,,86.9
RO,2014,E.coli-fluoroquinolones,31.2703583,1.133,0.008,12.078,5.328,0.881,2.912,0.401,3.72,0.0,0.163,26.624,,,86.6
RO,2015,E.coli-fluoroquinolones,30.7277628,1.104,0.01,13.549,5.273,0.89,3.185,0.364,3.504,0.0,0.187,28.066,,,86.1
RO,2016,E.coli-fluoroquinolones,30.62200956,0.933,0.007,11.493,4.943000000000001,0.812,2.815,0.294,2.895,0.0,0.238,24.43,2953.68,105.53,85.6
RO,2017,E.coli-fluoroquinolones,26.44787644,0.848,0.008,11.225,4.954,0.878,2.892,0.214,3.25,0.0,0.242,24.511,2952.08,128.25,85.2
RO,2018,E.coli-fluoroquinolones,29.10216718,0.9490000000000002,0.009,11.355,5.172,0.8320000000000001,3.003,0.196,3.297,0.0,0.269,25.081999999999997,2772.9,81.98,83.1
RO,2019,E.coli-fluoroquinolones,28.28746177,0.913,0.007,11.624,5.39,0.855,3.149,0.187,3.321,0.0,0.326,25.772000000000002,2596.56,120.66,82.7
RO,2020,E.coli-fluoroquinolones,26.0,1.054,0.004,10.651,4.495,0.742,4.703,0.159,3.125,0.0,0.246,25.179,2696.85,94.25,82.7
RO,2021,E.coli-fluoroquinolones,24.69879518,1.053,0.004,10.733,4.653,0.744,4.733000000000001,0.15,3.331,0.0,0.265,25.666,3026.96,134.37,82.2
RO,2022,E.coli-fluoroquinolones,23.76811594,1.015,0.003,11.783,5.032,0.992,4.866,0.165,3.476,0.0,0.251,27.583,2784.38,142.04,81.3
RO,2023,E.coli-fluoroquinolones,25.40816326,0.928,0.003,12.102,5.02,0.945,4.513,0.16,3.438,0.0,0.259,27.368000000000002,2538.88,149.96,81.4
RO,2024,E.coli-fluoroquinolones,25.18740629,0.81,0.001,10.93,5.558,0.712,3.884,0.13,2.84,0.0,0.303,25.168,2514.35,254.48,81.3
SE,2000,E.coli-fluoroquinolones,,3.432,0.001,7.345,0.808,0.8230000000000002,0.978,0.017,1.221,0.0,1.82,16.445,,,21.6
SE,2001,E.coli-fluoroquinolones,3.73955125,3.423,0.001,7.535,0.781,0.819,1.035,0.017,1.272,0.0,1.851,16.733999999999998,,,21.7
SE,2002,E.coli-fluoroquinolones,5.09527754,3.253,0.001,7.268,0.742,0.803,0.9510000000000002,0.016,1.17,0.0,1.908,16.112000000000002,,,21.8
SE,2003,E.coli-fluoroquinolones,6.56840756,3.194,0.001,6.885,0.713,0.805,0.897,0.015,1.167,0.0,1.98,15.657,,,21.8
SE,2004,E.coli-fluoroquinolones,7.58166017,3.229,0.001,6.68,0.673,0.793,0.887,0.02,1.151,0.0,2.146,15.580000000000002,,,21.9
SE,2005,E.coli-fluoroquinolones,6.32202831,3.434,0.001,6.765,0.665,0.762,0.926,0.021,1.165,0.0,2.199,15.938,,,22.0
SE,2006,E.coli-fluoroquinolones,7.95314426,3.514,0.001,7.152,0.663,0.77,0.946,0.023,1.158,0.0,2.223,16.45,,,22.1
SE,2007,E.coli-fluoroquinolones,10.32258064,3.549,0.001,7.2,0.578,0.846,0.942,0.02,1.067,0.0,2.18,16.383,,,22.3
SE,2008,E.coli-fluoroquinolones,10.2793296,3.416,0.001,7.596,0.543,0.66,0.509,0.025,0.987,0.0,1.984,15.720999999999998,,,22.5
SE,2009,E.coli-fluoroquinolones,,3.198,0.001,7.255,0.438,0.324,0.816,0.021,0.937,0.0,1.842,14.831999999999999,,,22.7
SE,2010,E.coli-fluoroquinolones,10.50525262,3.504,0.001,7.394,0.389,0.283,0.812,0.022,0.934,0.0,1.744,15.083,,,22.9
SE,2011,E.coli-fluoroquinolones,10.05685159,3.744,0.0,7.44,0.355,0.248,0.67,0.023,0.935,0.0,1.711,15.126,,,23.0
SE,2012,E.coli-fluoroquinolones,11.08903738,3.648,0.001,7.429,0.353,0.222,0.694,0.025,0.909,0.0,1.712,14.993,,,23.4
SE,2013,E.coli-fluoroquinolones,11.58238172,3.04,0.001,7.086,0.355,0.191,0.685,0.028,0.87,0.0,1.7,13.956,,,23.6
SE,2014,E.coli-fluoroquinolones,11.2991054,2.836,0.0,7.135,0.31,0.166,0.67,0.027,0.849,0.0,1.686,13.678999999999998,,,23.8
SE,2015,E.coli-fluoroquinolones,12.61538461,2.745,0.0,6.804,0.305,0.154,0.666,0.016,0.844,0.0,1.678,13.212,,,24.1
SE,2016,E.coli-fluoroquinolones,13.6605729,2.585,0.0,6.815,0.303,0.438,0.609,0.028,0.82,0.0,1.636,13.233999999999998,5111.62,0.03,24.4
SE,2017,E.coli-fluoroquinolones,15.79312738,2.526,0.0,6.689,0.244,0.312,0.604,0.027,0.776,0.0,1.599,12.777,5204.01,0.0,24.7
SE,2018,E.coli-fluoroquinolones,18.05503904,2.32,0.0,6.649,0.237,0.316,0.56,0.025,0.749,0.0,1.582,12.438,5139.24,4.8,25.0
SE,2019,E.coli-fluoroquinolones,15.85210369,2.289,0.0,6.312,0.224,0.328,0.579,0.024,0.694,0.0,1.354,11.804000000000002,5138.93,0.84,25.2
SE,2020,E.coli-fluoroquinolones,14.08450704,2.052,0.0,5.277,0.21,0.312,0.561,0.023,0.624,0.0,1.28,10.338999999999999,4616.81,0.07,25.2
SE,2021,E.coli-fluoroquinolones,13.66130558,1.956,0.0,5.173,0.219,0.314,0.517,0.02,0.62,0.0,1.249,10.068000000000001,5220.65,0.89,25.4
SE,2022,E.coli-fluoroquinolones,13.82098354,,,,,,,,,,,,4939.74,1.36,25.7
SE,2023,E.coli-fluoroquinolones,14.74611204,,,,,,,,,,,,5201.02,0.03,25.9
SE,2024,E.coli-fluoroquinolones,15.56811649,,,,,,,,,,,,4817.57,0.05,26.0
SI,2001,E.coli-fluoroquinolones,8.040201,0.792,0.001,8.445,0.857,1.267,3.461,0.081,1.548,0.0,0.094,16.546,,,98.9
SI,2002,E.coli-fluoroquinolones,11.98044009,0.712,0.001,7.766,1.029,1.153,3.116,0.082,1.64,0.0,0.086,15.584999999999999,,,99.0
SI,2003,E.coli-fluoroquinolones,11.22194513,0.727,0.001,8.214,1.064,1.22,3.329,0.085,1.424,0.0,0.079,16.143,,,99.1
SI,2004,E.coli-fluoroquinolones,12.39092495,0.623,0.001,7.965,1.073,1.304,3.364,0.093,1.354,0.0,0.087,15.864,,,99.2
SI,2005,E.coli-fluoroquinolones,12.02435312,0.584,0.001,7.448,1.082,1.271,3.395,0.082,1.41,0.0,0.086,15.359000000000004,,,99.3
SI,2006,E.coli-fluoroquinolones,15.20223152,0.56,0.001,7.152,0.897,1.222,2.668,0.083,1.332,0.0,0.088,14.002999999999998,,,99.6
SI,2007,E.coli-fluoroquinolones,17.15628672,0.586,0.0,7.899,0.919,0.007,2.798,0.073,1.369,0.0,0.084,13.735,,,99.8
SI,2008,E.coli-fluoroquinolones,16.93363844,0.535,0.001,7.496,0.807,0.005,2.612,0.071,1.338,0.0,0.087,12.952,,,100.4
SI,2009,E.coli-fluoroquinolones,18.2530795,0.061,0.001,7.6,0.808,0.006,2.465,0.07,1.312,0.0,0.093,12.415999999999999,,,101.3
SI,2010,E.coli-fluoroquinolones,19.32773109,0.107,0.0,7.632,0.747,0.007,2.234,0.073,1.343,0.0,0.107,12.249999999999998,,,101.7
SI,2011,E.coli-fluoroquinolones,20.65868263,0.338,0.0,7.673,0.677,0.005,2.088,0.065,1.314,0.0,0.168,12.327999999999998,,,101.9
SI,2012,E.coli-fluoroquinolones,21.40410958,0.439,0.0,7.66,0.613,0.007,1.911,0.056,1.289,0.0,0.212,12.187,,,102.2
SI,2013,E.coli-fluoroquinolones,19.85294117,0.473,0.0,7.738,0.595,0.006,1.895,0.053,1.307,0.0,0.281,12.348,,,102.3
SI,2014,E.coli-fluoroquinolones,23.27302631,0.465,0.0,7.496,0.584,0.011,1.889,0.062,1.322,0.0,0.359,12.188,,,102.4
SI,2015,E.coli-fluoroquinolones,24.60377358,0.429,0.0,7.567,0.614,0.01,1.984,0.062,1.377,0.0,0.472,12.515,,,102.4
SI,2016,E.coli-fluoroquinolones,25.56338028,0.502,0.0,7.43,0.632,0.798,1.718,0.064,1.35,0.0,0.4760000000000001,12.97,2756.05,39.63,102.5
SI,2017,E.coli-fluoroquinolones,24.87346348,0.492,0.0,7.505,0.683,0.734,1.812,0.063,1.31,0.0,0.508,13.107,2828.15,91.15,102.6
SI,2018,E.coli-fluoroquinolones,22.78177458,0.533,0.0,7.511,0.627,0.749,1.912,0.06,1.302,0.0,0.471,13.165,2587.4,59.27,102.9
SI,2019,E.coli-fluoroquinolones,19.00621118,0.562,0.0,7.354,0.709,0.679,1.863,0.062,1.167,0.0,0.605,13.001000000000001,2602.14,81.36,103.7
SI,2020,E.coli-fluoroquinolones,18.11997526,0.544,0.0,5.294,0.6980000000000002,0.581,1.439,0.055,0.972,0.0,0.585,10.168,2678.32,34.66,103.7
SI,2021,E.coli-fluoroquinolones,16.65675193,0.562,0.0,5.165,0.787,0.588,1.364,0.055,0.978,0.0,0.671,10.17,2965.26,70.04,104.4
SI,2022,E.coli-fluoroquinolones,16.56626506,0.611,0.0,6.911,0.85,0.591,1.675,0.051,1.013,0.0,0.736,12.438,2633.38,86.99,104.8
SI,2023,E.coli-fluoroquinolones,15.92434411,0.629,0.0,7.66,0.706,0.581,1.844,0.048,1.101,0.0,0.8250000000000002,13.393999999999998,2494.76,75.38,105.3
SI,2024,E.coli-fluoroquinolones,15.91574019,0.6990000000000002,0.0,7.92,0.979,0.535,2.299,0.052,1.057,0.0,0.846,14.386999999999999,2457.15,136.9,105.6
SK,2001,E.coli-fluoroquinolones,15.55555555,2.327,0.006,13.99,3.011,1.261,3.526,0.19,1.937,0.0,0.818,27.066,,,109.7
SK,2002,E.coli-fluoroquinolones,14.4859813,2.404,0.005,12.469,2.777,1.089,3.584,0.148,1.863,0.0,0.838,25.177,,,109.7
SK,2003,E.coli-fluoroquinolones,20.16806722,2.526,0.003,12.444,2.487,0.846,3.817,0.075,1.583,0.0,0.72,24.500999999999998,,,109.6
SK,2004,E.coli-fluoroquinolones,24.02597402,2.401,0.002,10.652,2.486,0.839,3.457,0.079,1.546,0.0,0.032,21.494,,,109.6
SK,2005,E.coli-fluoroquinolones,14.39393939,2.332,0.002,10.94,3.918,0.77,4.025,0.082,1.938,0.0,0.04,24.046999999999997,,,109.6
SK,2011,E.coli-fluoroquinolones,41.81326116,1.452,0.001,6.897,3.881,0.405,5.761,0.171,2.413,0.0,0.391,21.372,,,110.1
SK,2012,E.coli-fluoroquinolones,41.29496402,1.397,0.001,6.469,4.013,0.372,5.009,0.072,2.198,0.0,0.192,19.723,,,110.3
SK,2013,E.coli-fluoroquinolones,40.34653465,1.613,0.001,7.133,5.15,0.42,6.037,0.082,2.45,0.0,0.276,23.162000000000003,,,110.4
SK,2014,E.coli-fluoroquinolones,42.95377677,1.706,0.001,6.952,5.053,0.453,5.75,0.084,0.922,0.0,0.259,21.18,,,110.5
SK,2015,E.coli-fluoroquinolones,44.18344519,1.77,0.001,7.105,5.447,0.487,6.357,0.092,2.709,0.0,0.238,24.206,,,110.6
SK,2016,E.coli-fluoroquinolones,40.43583535,1.711,0.001,6.803,5.372,1.244,5.589,0.079,2.551,0.0,0.269,23.619,3222.12,25.18,111.5
SK,2017,E.coli-fluoroquinolones,43.19727891,1.658,0.001,5.369,5.004,0.407,4.813,0.086,2.4,0.0,0.242,19.98,3338.74,56.43,111.7
SK,2018,E.coli-fluoroquinolones,42.10526315,1.746,0.001,5.344,6.702,0.406,4.854,0.121,2.344,0.0,0.483,22.001,2963.43,48.34,111.8
SK,2019,E.coli-fluoroquinolones,34.0,1.726,0.001,5.143,5.264,0.486,4.723,0.082,1.663,0.0,0.263,19.351000000000003,2946.23,61.06,112.0
SK,2020,E.coli-fluoroquinolones,34.1563786,1.697,0.001,3.554,3.69,0.439,3.462,0.072,1.317,0.0,0.194,14.426,3089.05,19.01,112.0
SK,2021,E.coli-fluoroquinolones,29.75830815,1.799,0.001,3.542,3.997,0.488,4.463,0.074,1.359,0.0,0.247,15.969999999999999,3423.3,60.39,112.1
SK,2022,E.coli-fluoroquinolones,32.35294117,1.794,0.001,4.849,5.385,0.578,6.483,0.065,1.433,0.0,0.209,20.797,3083.08,65.52,111.5
SK,2023,E.coli-fluoroquinolones,31.16883116,1.825,0.001,5.295,4.765,0.646,5.788,0.066,1.448,0.0,0.232,20.066,2879.8,45.52,111.4
SK,2024,E.coli-fluoroquinolones,30.06451612,1.452,0.001,5.167,5.109,0.67,6.331,0.055,1.376,0.0,0.232,20.393,2701.84,123.04,111.3
UK,2001,E.coli-fluoroquinolones,6.20408163,,,,,,,,,,,,,,243.8
UK,2002,E.coli-fluoroquinolones,7.34528629,,,,,,,,,,,,,,244.8
UK,2003,E.coli-fluoroquinolones,11.27783155,,,,,,,,,,,,,,246.0
UK,2004,E.coli-fluoroquinolones,14.16962925,,,,,,,,,,,,,,247.4
UK,2005,E.coli-fluoroquinolones,16.83121767,,,,,,,,,,,,,,249.1
UK,2006,E.coli-fluoroquinolones,19.90719257,,,,,,,,,,,,,,250.9
UK,2007,E.coli-fluoroquinolones,17.89719626,,,,,,,,,,,,,,252.9
UK,2008,E.coli-fluoroquinolones,15.10548523,,,,,,,,,,,,,,254.9
UK,2009,E.coli-fluoroquinolones,18.03874092,,,,,,,,,,,,,,256.8
UK,2010,E.coli-fluoroquinolones,17.30010384,,,,,,,,,,,,,,258.8
UK,2011,E.coli-fluoroquinolones,17.54133716,,,,,,,,,,,,,,260.9
UK,2012,E.coli-fluoroquinolones,16.56785771,,,,,,,,,,,,,,262.7
UK,2013,E.coli-fluoroquinolones,16.30465847,5.109,0.002,7.949,0.484,1.983,3.494,0.126,0.582,,1.127,20.855999999999998,,,264.4
UK,2014,E.coli-fluoroquinolones,16.81837884,5.257,0.003,8.06,0.4750000000000001,1.657,3.545,0.129,0.587,0.0,1.144,20.857,,,266.4
UK,2015,E.coli-fluoroquinolones,15.64005505,5.192,0.002,7.789,0.433,1.454,3.406,0.123,0.5690000000000001,0.0,1.2,20.168,,,268.5
UK,2016,E.coli-fluoroquinolones,16.33090066,5.09,0.003,7.665,0.396,1.35,3.313,0.12,0.554,0.0,1.25,19.741,3003.93,0.6,270.6
UK,2017,E.coli-fluoroquinolones,17.46894152,5.053,0.002,7.456,0.398,1.162,3.209,0.13,0.5700000000000001,0.0,1.442,19.422,2892.87,0.26,272.4
UK,2018,E.coli-fluoroquinolones,17.71218889,4.896,0.002,7.344,0.383,0.986,2.953,0.132,0.5710000000000001,0.0,1.518,18.785,2956.3,1.21,273.8
UK,2019,E.coli-fluoroquinolones,17.8332155,5.015,0.002,7.039,0.373,0.915,2.804,0.133,0.515,,1.473,18.269,2957.5,2.13,
AT,2005,K.pneumoniae-carbapenems,0.0,,,,,,,,,,,,,,99.8
AT,2006,K.pneumoniae-carbapenems,0.0,,,,,,,,,,,,,,100.3
AT,2007,K.pneumoniae-carbapenems,0.0,,,,,,,,,,,,,,100.6
AT,2008,K.pneumoniae-carbapenems,0.0,,,,,,,,,,,,,,100.9
AT,2009,K.pneumoniae-carbapenems,0.0,,,,,,,,,,,,,,101.2
AT,2010,K.pneumoniae-carbapenems,0.58939096,,,,,,,,,,,,,,101.5
AT,2011,K.pneumoniae-carbapenems,0.16393442,,,,,,,,,,,,,,101.8
AT,2012,K.pneumoniae-carbapenems,0.81300813,,,,,,,,,,,,,,102.3
AT,2013,K.pneumoniae-carbapenems,1.2087912,,,,,,,,,,,,,,102.9
AT,2014,K.pneumoniae-carbapenems,0.61791967,,,,,,,,,,,,,,103.7
AT,2015,K.pneumoniae-carbapenems,0.78277886,,,,,,,,,,,,,,104.9
AT,2016,K.pneumoniae-carbapenems,0.66777963,,,,,,,,,,,,3480.26,12.26,106.0
AT,2017,K.pneumoniae-carbapenems,0.99188458,,,,,,,,,,,,3559.94,34.86,106.8
AT,2018,K.pneumoniae-carbapenems,1.01351351,,,,,,,,,,,,3251.71,32.12,107.1
AT,2019,K.pneumoniae-carbapenems,1.2345679,,,,,,,,,,,,3334.77,39.63,107.6
AT,2020,K.pneumoniae-carbapenems,0.94786729,,,,,,,,,,,,3370.17,9.8,107.6
AT,2021,K.pneumoniae-carbapenems,0.97640358,,,,,,,,,,,,3688.56,23.21,108.1
AT,2022,K.pneumoniae-carbapenems,0.88211708,,,,,,,,,,,,3283.96,28.98,109.6
AT,2023,K.pneumoniae-carbapenems,1.7977528,,,,,,,,,,,,3208.85,36.81,110.7
AT,2024,K.pneumoniae-carbapenems,1.47783251,,,,,,,,,,,,3087.92,55.62,111.3
BE,2009,K.pneumoniae-carbapenems,1.20481927,2.164,0.024,11.004,2.191,0.0,3.04,0.059,2.85,0.0,2.61,23.942,,,356.0
BE,2010,K.pneumoniae-carbapenems,0.0,2.124,0.035,11.804,1.962,0.0,3.02,0.048,2.933,0.0,2.656,24.582,,,359.5
BE,2011,K.pneumoniae-carbapenems,0.30959752,2.11,0.033,11.963,1.889,0.0,3.274,0.044,2.973,0.0,2.746,25.031999999999996,,,364.3
BE,2012,K.pneumoniae-carbapenems,0.73394495,2.128,0.034,12.248,1.911,0.0,3.497,0.048,3.0,0.0,2.779,25.645,,,366.3
BE,2013,K.pneumoniae-carbapenems,0.32362459,2.178,0.033,10.614,1.918,0.0,3.443,0.051,2.856,0.0,2.851,23.944,,,368.0
BE,2014,K.pneumoniae-carbapenems,0.46620046,2.117,0.029,10.655,1.804,0.0,3.498,0.043,2.761,0.0,2.899,23.806,,,369.6
BE,2015,K.pneumoniae-carbapenems,0.51413881,2.052,0.028,10.848,1.827,0.0,3.742,0.04,2.781,0.0,2.872,24.19,,,371.8
BE,2016,K.pneumoniae-carbapenems,2.39162929,2.012,0.019,10.96,1.694,0.241,3.729,0.038,2.604,0.0,2.883,24.18,2723.56,23.22,373.7
BE,2017,K.pneumoniae-carbapenems,1.13780025,1.933,0.018,10.483,1.544,0.223,3.526,0.036,2.362,0.0,2.642,22.767,2620.02,15.26,373.6
BE,2018,K.pneumoniae-carbapenems,1.39037433,1.89,0.017,10.859,1.622,0.25,3.673,0.034,1.333,0.0,2.627,22.305,2544.33,34.27,375.3
BE,2019,K.pneumoniae-carbapenems,1.05680317,1.878,0.017,10.532,1.576,0.259,3.621,0.034,0.731,0.0,2.724,21.372,2570.53,37.7,377.3
BE,2020,K.pneumoniae-carbapenems,1.13507377,1.645,0.011,7.613,1.133,0.265,2.754,0.032,0.595,0.0,2.613,16.661,2382.39,48.74,377.3
BE,2021,K.pneumoniae-carbapenems,1.40388768,1.825,0.011,8.155,1.144,0.284,2.749,0.031,0.581,0.0,2.649,17.429,2782.1,4.18,378.9
BE,2022,K.pneumoniae-carbapenems,1.43712574,1.74,0.014,10.341,1.303,0.3,3.47,0.029,0.614,0.0,2.677,20.488,2400.32,24.85,383.6
BE,2023,K.pneumoniae-carbapenems,2.34933605,1.804,0.015,10.641,1.177,0.33,3.715,0.026,0.607,0.0,2.343,20.658,2376.92,11.07,386.8
BE,2024,K.pneumoniae-carbapenems,1.88172043,1.901,0.014,9.962,1.085,0.334,3.793,0.024,1.301,0.0,2.711,21.125,2396.73,12.26,389.1
BG,2005,K.pneumoniae-carbapenems,0.0,2.611,0.081,5.691,2.077,0.879,1.362,0.347,2.28,0.0,0.23,15.558000000000002,,,69.0
BG,2006,K.pneumoniae-carbapenems,0.0,2.555,0.064,6.408,2.245,0.0,1.9,0.4130000000000001,1.916,0.0,0.042,15.543000000000001,,,68.5
BG,2007,K.pneumoniae-carbapenems,0.0,2.378,0.064,6.892,2.431,0.0,2.731,0.41,2.052,0.0,0.052,17.009999999999998,,,68.0
BG,2008,K.pneumoniae-carbapenems,0.0,2.194,0.057,6.928,2.761,0.0,3.308,0.391,2.189,0.0,0.067,17.895,,,67.5
BG,2009,K.pneumoniae-carbapenems,0.0,1.643,0.035,5.978,3.002,0.0,3.294,0.354,2.079,0.0,0.076,16.461000000000002,,,67.1
BG,2010,K.pneumoniae-carbapenems,0.0,1.731,0.04,5.669,3.101,0.0,3.279,0.328,2.086,0.0,0.065,16.299000000000003,,,67.9
BG,2011,K.pneumoniae-carbapenems,0.0,1.843,0.04,5.849,3.383,0.0,3.539,0.324,2.373,0.0,0.068,17.419,,,67.5
BG,2012,K.pneumoniae-carbapenems,1.85185185,1.792,0.039,5.417,3.248,0.0,3.289,0.275,2.522,0.0,0.015,16.597,,,67.1
BG,2013,K.pneumoniae-carbapenems,0.0,1.779,0.04,5.843,3.575,0.0,3.578,0.267,2.634,0.0,0.081,17.796999999999997,,,66.7
BG,2014,K.pneumoniae-carbapenems,7.1942446,1.816,0.04,5.698,4.172,0.0,4.068000000000001,0.287,3.011,0.0,0.017,19.109,,,66.3
BG,2015,K.pneumoniae-carbapenems,3.15789473,1.763,0.038,5.761,4.751,0.0,4.084000000000001,0.285,3.041,0.0,0.102,19.825000000000003,,,66.2
BG,2016,K.pneumoniae-carbapenems,4.40251572,1.753,0.001,4.897,4.964,0.807,3.896,0.265,3.018,0.0,0.219,19.82,2484.46,175.43,64.8
BG,2017,K.pneumoniae-carbapenems,12.4260355,1.708,0.035,5.687,5.207,0.887,4.075,0.26,3.11,0.0,0.259,21.228,2592.48,197.78,64.3
BG,2018,K.pneumoniae-carbapenems,21.24352331,1.702,0.034,5.887,5.619,0.908,4.303,0.269,3.123,0.0,0.204,22.049000000000003,2418.88,118.51,63.9
BG,2019,K.pneumoniae-carbapenems,26.96629213,1.786,0.034,5.761,5.48,0.822,4.337,0.267,3.081,0.0,0.17,21.738,2219.62,152.56,63.4
BG,2020,K.pneumoniae-carbapenems,28.11244979,2.357,0.034,5.112,5.266,0.685,6.293,0.274,3.886,0.0,0.142,24.049,2314.23,156.38,63.4
BG,2021,K.pneumoniae-carbapenems,46.28099173,2.775,0.033,5.22,6.096,0.697,5.963,0.26,4.513,0.216,0.116,25.889,2568.31,204.5,63.0
BG,2022,K.pneumoniae-carbapenems,47.3076923,2.57,0.032,6.384,6.857,0.851,6.127,0.236,3.73,0.211,0.095,27.092999999999996,2373.0,191.67,58.8
BG,2023,K.pneumoniae-carbapenems,56.79012345,2.504,0.03,6.38,7.375,0.797,5.403,0.256,3.276,0.194,0.076,26.290999999999997,2145.56,235.67,58.6
BG,2024,K.pneumoniae-carbapenems,67.59656652,2.028,0.024,5.536,7.079,0.617,4.837,0.269,2.736,0.186,0.102,23.413999999999998,2174.74,334.56,58.6
CY,2005,K.pneumoniae-carbapenems,,,,,,,,,,,,,,,79.8
CY,2006,K.pneumoniae-carbapenems,0.0,3.11,0.001,9.731,6.249,0.438,3.334,0.096,3.83,0.0,0.359,27.148000000000003,,,81.2
CY,2007,K.pneumoniae-carbapenems,2.56410256,2.51,0.001,10.625,7.013,0.352,3.59,0.4150000000000001,3.768,0.0,0.385,28.659,,,82.9
CY,2008,K.pneumoniae-carbapenems,9.67741935,,,,,,,,,,,,,,85.4
CY,2009,K.pneumoniae-carbapenems,16.98113207,2.874,0.001,10.758,6.447,0.456,3.985,0.096,4.102,0.0,0.442,29.160999999999998,,,87.7
CY,2010,K.pneumoniae-carbapenems,16.41791044,3.273,0.001,9.692,5.403,0.01,2.902,0.073,4.072,0.0,0.471,25.897000000000002,,,90.0
CY,2011,K.pneumoniae-carbapenems,15.6626506,1.399,0.0,5.232,3.07,0.007,1.575,0.033,1.907,0.0,0.229,13.452,,,92.3
CY,2012,K.pneumoniae-carbapenems,9.23076923,3.092,0.0,9.292,5.357,0.008,2.918,0.059,3.513,0.0,0.495,24.734,,,93.8
CY,2013,K.pneumoniae-carbapenems,5.88235294,,,,,,,,,,,,,,93.5
CY,2014,K.pneumoniae-carbapenems,5.0,3.296,0.0,7.804,4.461,0.004,2.457,0.057,3.211,0.0,0.5680000000000001,21.858,,,92.5
CY,2015,K.pneumoniae-carbapenems,12.9032258,3.549,0.0,8.81,5.162,0.006,3.213,0.063,4.482,0.0,0.675,25.96,,,92.0
CY,2016,K.pneumoniae-carbapenems,10.66666666,3.774,0.0,8.589,5.077,0.007,2.736,0.068,6.893,0.0,0.722,27.866000000000003,707.54,715.66,92.4
CY,2017,K.pneumoniae-carbapenems,15.49295774,3.444,0.0,9.168,5.705,0.285,2.843,0.072,6.099,0.0,0.765,28.381,747.94,689.02,93.3
CY,2018,K.pneumoniae-carbapenems,21.83908045,3.748,0.0,8.74,5.788,0.26,2.992,0.082,5.211,0.0,0.721,27.541999999999998,505.57,777.9,94.4
CY,2019,K.pneumoniae-carbapenems,13.33333333,3.725,0.0,9.57,6.294,0.189,3.127,0.076,5.726,0.0,0.932,29.639,729.19,738.12,95.7
CY,2020,K.pneumoniae-carbapenems,19.76744186,3.292,0.0,8.182,6.09,0.282,2.58,0.091,7.224,0.0,0.727,28.468,678.47,771.19,95.7
CY,2021,K.pneumoniae-carbapenems,26.24113475,3.808,0.0,7.233,5.052,0.2,2.714,0.085,4.600000000000001,0.0,0.843,24.535,653.54,704.32,96.8
CY,2022,K.pneumoniae-carbapenems,36.41304347,1.534,0.0,15.19,6.308,0.186,3.685,0.09,4.442,0.0,1.213,32.647999999999996,741.05,671.11,100.6
CY,2023,K.pneumoniae-carbapenems,33.63636363,,,,,,,,,,,,577.0,744.01,104.0
CY,2024,K.pneumoniae-carbapenems,48.45679012,1.49,0.0,7.086,5.398,0.196,2.548,0.065,4.603,0.0,1.045,22.431000000000004,558.83,956.92,105.8
CZ,2005,K.pneumoniae-carbapenems,0.0,,,,,,,,,,,,,,132.2
CZ,2006,K.pneumoniae-carbapenems,,,,,,,,,,,,,,,132.5
CZ,2007,K.pneumoniae-carbapenems,0.0,,,,,,,,,,,,,,133.3
CZ,2008,K.pneumoniae-carbapenems,0.23809523,,,,,,,,,,,,,,134.4
CZ,2009,K.pneumoniae-carbapenems,0.24711696,,,,,,,,,,,,,,135.2
CZ,2010,K.pneumoniae-carbapenems,0.09066183,,,,,,,,,,,,,,135.6
CZ,2011,K.pneumoniae-carbapenems,0.08382229,,,,,,,,,,,,,,135.9
CZ,2012,K.pneumoniae-carbapenems,0.30604437,,,,,,,,,,,,,,136.1
CZ,2013,K.pneumoniae-carbapenems,0.52956751,,,,,,,,,,,,,,136.1
CZ,2014,K.pneumoniae-carbapenems,0.08710801,,,,,,,,,,,,,,136.3
CZ,2015,K.pneumoniae-carbapenems,0.27272727,,,,,,,,,,,,,,136.6
CZ,2016,K.pneumoniae-carbapenems,0.0,,,,,,,,,,,,3285.11,9.9,136.8
CZ,2017,K.pneumoniae-carbapenems,0.38058991,,,,,,,,,,,,3348.9,21.52,137.2
CZ,2018,K.pneumoniae-carbapenems,0.25125628,,,,,,,,,,,,3029.83,44.26,137.7
CZ,2019,K.pneumoniae-carbapenems,0.608828,2.0,0.002,6.018,2.543,0.896,3.598,0.087,0.686,0.0,1.092,16.921999999999997,3033.44,38.51,138.2
CZ,2020,K.pneumoniae-carbapenems,0.48701298,1.819,0.002,4.474,1.906,0.778,2.733,0.083,0.596,0.0,0.994,13.385000000000002,3112.48,5.96,138.2
CZ,2021,K.pneumoniae-carbapenems,1.03857566,1.563,0.002,4.673,2.009,0.754,2.838,0.077,0.598,0.0,1.21,13.724,3486.42,10.36,138.6
CZ,2022,K.pneumoniae-carbapenems,1.50829562,1.769,0.002,6.054,2.513,0.89,3.961,0.074,0.628,0.0,1.194,17.085,3115.35,26.34,138.2
CZ,2023,K.pneumoniae-carbapenems,1.45772594,1.689,0.002,6.975,2.972,0.899,3.857,0.073,0.514,0.0,1.286,18.267000000000003,2957.0,30.11,140.7
CZ,2024,K.pneumoniae-carbapenems,2.15727209,1.879,0.001,6.528,2.224,0.848,4.879,0.063,0.511,0.0,1.499,18.431999999999995,2812.31,42.33,141.2
DE,2005,K.pneumoniae-carbapenems,1.96078431,,,,,,,,,,,,,,230.9
DE,2006,K.pneumoniae-carbapenems,0.0,,,,,,,,,,,,,,230.7
DE,2007,K.pneumoniae-carbapenems,1.73410404,,,,,,,,,,,,,,230.4
DE,2008,K.pneumoniae-carbapenems,0.0,,,,,,,,,,,,,,229.9
DE,2009,K.pneumoniae-carbapenems,0.0,,,,,,,,,,,,,,229.3
DE,2010,K.pneumoniae-carbapenems,0.0,,,,,,,,,,,,,,229.0
DE,2011,K.pneumoniae-carbapenems,0.0,,,,,,,,,,,,,,224.8
DE,2012,K.pneumoniae-carbapenems,0.0,,,,,,,,,,,,,,225.2
DE,2013,K.pneumoniae-carbapenems,0.65530799,,,,,,,,,,,,,,225.8
DE,2014,K.pneumoniae-carbapenems,0.69582504,,,,,,,,,,,,,,226.5
DE,2015,K.pneumoniae-carbapenems,0.12634238,,,,,,,,,,,,,,228.4
DE,2016,K.pneumoniae-carbapenems,0.48891786,,,,,,,,,,,,3018.69,15.74,233.1
DE,2017,K.pneumoniae-carbapenems,0.46668395,,,,,,,,,,,,2975.2,9.01,234.0
DE,2018,K.pneumoniae-carbapenems,0.42842741,,,,,,,,,,,,2784.88,51.94,234.7
DE,2019,K.pneumoniae-carbapenems,0.93259855,,,,,,,,,,,,2812.97,45.54,235.2
DE,2020,K.pneumoniae-carbapenems,0.48405942,,,,,,,,,,,,2754.54,25.29,235.2
DE,2021,K.pneumoniae-carbapenems,0.79535026,,,,,,,,,,,,3128.38,11.33,235.4
DE,2022,K.pneumoniae-carbapenems,1.07454667,,,,,,,,,,,,2748.46,33.23,235.4
DE,2023,K.pneumoniae-carbapenems,1.07063746,1.594,0.0,5.251,2.774,0.493,2.024,0.022,0.584,0.0,0.639,13.380999999999998,2675.87,19.14,235.8
DE,2024,K.pneumoniae-carbapenems,1.24450951,1.602,0.001,5.863,2.469,0.5720000000000001,2.149,0.021,0.53,0.0,0.64,13.847000000000001,2583.4,19.02,236.4
DK,2006,K.pneumoniae-carbapenems,0.0,1.388,0.0,9.867,0.304,0.908,2.412,0.057,0.528,0.0,0.872,16.336000000000002,,,126.2
DK,2007,K.pneumoniae-carbapenems,0.0,1.485,0.0,10.44,0.353,0.833,2.545,0.046,0.627,0.0,0.622,16.951,,,126.7
DK,2008,K.pneumoniae-carbapenems,0.19120458,,,,,,,,,,,,,,127.5
DK,2009,K.pneumoniae-carbapenems,0.0,1.646,0.0,10.089,0.38,0.772,2.347,0.036,0.729,0.0,0.66,16.659000000000002,,,128.2
DK,2010,K.pneumoniae-carbapenems,0.0,1.722,0.0,10.432,0.374,0.785,2.471,0.021,0.713,0.0,0.945,17.463,,,128.7
DK,2011,K.pneumoniae-carbapenems,0.0,1.761,0.0,10.881,0.372,0.754,2.745,0.038,0.759,0.0,0.932,18.241999999999997,,,129.7
DK,2012,K.pneumoniae-carbapenems,0.29411764,1.8,0.0,10.332,0.323,0.762,2.344,0.045,0.741,0.0,0.923,17.270000000000003,,,130.4
DK,2013,K.pneumoniae-carbapenems,0.15503875,1.993,0.0,10.729,0.386,0.766,1.925,0.054,0.7020000000000002,0.0,0.901,17.456,,,130.8
DK,2014,K.pneumoniae-carbapenems,0.24096385,1.694,0.0,10.704,0.421,0.775,1.938,0.041,0.678,0.0,0.809,17.06,,,131.5
DK,2015,K.pneumoniae-carbapenems,0.0,1.644,0.0,10.873,0.324,0.745,1.941,0.041,0.662,0.0,0.864,17.094,,,132.4
DK,2016,K.pneumoniae-carbapenems,0.26809651,1.651,0.0,10.788,0.294,0.8320000000000001,1.907,0.053,0.626,0.0,0.86,17.011,3152.32,0.31,136.4
DK,2017,K.pneumoniae-carbapenems,0.25316455,1.466,0.0,10.518,0.33,0.8240000000000002,1.749,0.06,0.584,0.0,0.715,16.246000000000002,3127.81,0.0,137.3
DK,2018,K.pneumoniae-carbapenems,0.54102795,1.443,0.0,10.228,0.285,0.79,1.607,0.054,0.547,0.0,0.606,15.56,3058.42,13.8,138.0
DK,2019,K.pneumoniae-carbapenems,0.29498525,1.538,0.0,9.926,0.263,0.712,1.577,0.061,0.493,0.0,0.734,15.304,3033.01,2.05,138.5
DK,2020,K.pneumoniae-carbapenems,0.77848549,1.739,0.0,9.054,0.241,0.673,1.314,0.046,0.438,0.0,0.759,14.264000000000001,2924.58,0.67,138.5
DK,2021,K.pneumoniae-carbapenems,0.4531722,1.693,0.0,9.291,0.231,0.656,1.267,0.051,0.417,0.0,0.807,14.413,3266.04,0.69,138.9
DK,2022,K.pneumoniae-carbapenems,0.45731707,1.751,0.0,9.911,0.232,0.63,1.32,0.048,0.442,0.0,0.822,15.155999999999999,3020.27,3.21,140.6
DK,2023,K.pneumoniae-carbapenems,0.3770739,1.797,0.0,10.844,0.213,0.648,1.479,0.05,0.425,0.0,0.721,16.177,3032.98,0.04,141.6
DK,2024,K.pneumoniae-carbapenems,0.44085231,1.887,0.0,10.256,0.207,0.588,1.784,0.055,0.401,0.0,0.867,16.045,2890.62,0.06,142.4
EE,2005,K.pneumoniae-carbapenems,0.0,2.521,0.0,3.786,1.06,0.991,1.879,0.205,1.011,0.0,1.377,12.83,,,31.2
EE,2006,K.pneumoniae-carbapenems,0.0,2.397,0.0,3.629,1.151,0.029,2.002,0.085,1.044,0.0,0.644,10.981,,,31.0
EE,2007,K.pneumoniae-carbapenems,0.0,2.4,0.0,3.858,1.223,0.029,2.453,0.13,1.067,0.0,0.5680000000000001,11.728,,,30.9
EE,2008,K.pneumoniae-carbapenems,0.0,2.271,0.0,3.777,1.314,0.023,2.451,0.116,1.201,0.0,0.613,11.766,,,30.8
EE,2009,K.pneumoniae-carbapenems,0.0,2.173,0.0,3.406,1.246,0.023,2.21,0.074,1.021,0.0,0.5640000000000001,10.717,,,30.7
EE,2010,K.pneumoniae-carbapenems,0.0,1.985,0.0,3.35,1.356,0.021,2.356,0.131,0.996,0.0,0.546,10.741,,,30.7
EE,2011,K.pneumoniae-carbapenems,0.0,2.176,0.0,3.591,1.501,0.022,2.678,0.064,1.044,0.0,0.58,11.656,,,30.6
EE,2012,K.pneumoniae-carbapenems,1.26582278,1.888,0.0,3.548,1.53,0.028,2.682,0.07,1.15,0.0,0.609,11.505,,,30.5
EE,2013,K.pneumoniae-carbapenems,2.7027027,1.691,0.0,3.543,1.641,0.03,2.642,0.06,1.085,0.0,0.622,11.314,,,30.3
EE,2014,K.pneumoniae-carbapenems,0.0,1.52,0.0,3.625,1.703,0.031,2.582,0.073,1.087,0.0,0.63,11.251000000000001,,,30.3
EE,2015,K.pneumoniae-carbapenems,0.0,1.497,0.0,3.742,1.782,0.03,2.604,0.044,1.078,0.0,0.647,11.424000000000001,,,30.3
EE,2016,K.pneumoniae-carbapenems,0.0,1.603,0.0,3.857,1.706,0.45,2.406,0.033,0.99,0.0,0.663,11.708000000000002,4215.88,1.53,30.3
EE,2017,K.pneumoniae-carbapenems,0.0,1.32,0.0,3.982,1.733,0.463,2.424,0.042,0.987,0.0,0.644,11.595,4218.11,0.0,30.3
EE,2018,K.pneumoniae-carbapenems,0.55865921,1.278,0.0,4.278,1.687,0.485,2.489,0.032,0.861,0.0,0.667,11.777,4070.6,25.77,30.4
EE,2019,K.pneumoniae-carbapenems,0.0,1.385,0.0,4.288,1.694,0.454,2.49,0.025,0.775,0.0,0.669,11.780000000000001,3890.15,1.32,30.5
EE,2020,K.pneumoniae-carbapenems,0.0,1.39,0.0,3.757,1.535,0.339,1.97,0.025,0.883,0.0,0.5630000000000001,10.462,3563.54,1.61,30.5
EE,2021,K.pneumoniae-carbapenems,0.91743119,1.332,0.0,3.74,1.393,0.367,1.861,0.022,0.704,0.0,0.652,10.071,4289.96,37.65,30.6
EE,2022,K.pneumoniae-carbapenems,1.47058823,1.547,0.0,4.881,1.672,0.425,2.435,0.024,0.719,0.0,0.69,12.392999999999999,4124.88,15.65,31.3
EE,2023,K.pneumoniae-carbapenems,2.28136882,1.642,0.0,5.013,1.588,0.536,2.618,0.019,0.7020000000000002,0.0,0.593,12.711,3992.11,7.02,31.8
EE,2024,K.pneumoniae-carbapenems,1.70212765,1.589,0.0,5.155,1.425,0.494,2.865,0.019,0.636,0.0,0.7030000000000002,12.886,3674.01,1.62,31.8
EL,2005,K.pneumoniae-carbapenems,27.8137128,2.563,0.002,7.667,7.86,0.693,10.081,0.277,1.843,0.0,0.158,31.144000000000002,,,84.0
EL,2006,K.pneumoniae-carbapenems,32.85543608,2.521,0.002,9.627,7.748,0.0,10.463,3.329,2.121,0.0,0.6,36.411,,,84.2
EL,2007,K.pneumoniae-carbapenems,42.44306418,2.456,0.002,8.991,8.917,0.0,12.009,2.512,2.929,0.0,0.669,38.485,,,84.5
EL,2008,K.pneumoniae-carbapenems,36.59217877,2.417,0.0,10.172,9.501,0.0,11.601,2.606,2.973,0.0,0.709,39.979000000000006,,,84.7
EL,2009,K.pneumoniae-carbapenems,43.51567301,2.052,0.001,10.283,9.303,0.0,11.85,0.253,2.855,0.0,0.637,37.234,,,84.9
EL,2010,K.pneumoniae-carbapenems,49.08120924,2.346,0.001,8.738,9.006,0.0,9.006,0.311,2.85,0.0,2.999,35.257000000000005,,,85.0
EL,2011,K.pneumoniae-carbapenems,68.15403422,2.486,0.001,8.686,8.293000000000001,0.0,9.746,0.166,2.843,0.0,0.837,33.05800000000001,,,84.1
EL,2012,K.pneumoniae-carbapenems,60.47945205,1.963,0.001,8.957,7.101,0.003,7.989,0.132,2.579,0.0,0.819,29.543999999999997,,,83.6
EL,2013,K.pneumoniae-carbapenems,59.3879239,1.875,0.0,8.965,7.939,0.346,7.416,0.124,2.239,0.0,0.946,29.85,,,83.0
EL,2014,K.pneumoniae-carbapenems,62.31617647,2.427,0.001,8.548,7.817,0.365,8.092,0.137,2.783,0.0,0.966,31.136000000000003,,,82.5
EL,2015,K.pneumoniae-carbapenems,61.94092827,2.639,0.001,10.374,8.069,0.432,7.712,0.119,2.909,0.0,1.041,33.296,,,82.7
EL,2016,K.pneumoniae-carbapenems,66.86440677,2.761,0.001,11.733,7.987,0.397,6.251,0.139,2.834,0.0,1.156,33.259,1543.43,330.5,82.4
EL,2017,K.pneumoniae-carbapenems,64.71019809,2.864,0.001,11.607,8.251,0.343,7.153,0.138,2.818,0.0,1.242,34.416999999999994,1687.31,335.59,82.2
EL,2018,K.pneumoniae-carbapenems,63.88518024,3.022,0.001,11.455,8.48,0.321,6.547,0.144,3.178,0.0,1.228,34.376000000000005,1449.59,288.92,82.5
EL,2019,K.pneumoniae-carbapenems,58.33333333,3.124,0.001,11.353,8.181000000000001,0.3490000000000001,6.797,0.143,3.266,0.0,1.165,34.379,1529.79,346.48,82.4
EL,2020,K.pneumoniae-carbapenems,66.25344352,3.075,0.001,9.079,6.365,0.465,5.309,0.127,2.827,0.0,1.149,28.397,1562.82,322.09,82.4
EL,2021,K.pneumoniae-carbapenems,73.69534555,3.051,0.001,7.872,5.014,0.347,3.75,0.129,2.393,0.0,1.267,23.823999999999998,1607.97,401.36,82.3
EL,2022,K.pneumoniae-carbapenems,72.04658901,2.986,0.001,10.137,7.458,0.354,7.303,0.084,3.337,0.0,1.223,32.883,1610.97,348.44,80.3
EL,2023,K.pneumoniae-carbapenems,69.66498393,1.953,0.001,9.232,6.664,0.173,6.072,0.083,3.437,0.0,0.947,28.561999999999998,1449.03,366.5,80.0
EL,2024,K.pneumoniae-carbapenems,60.24027459,2.019,0.001,10.057,7.114,0.322,5.883,0.12,3.527,0.0,0.984,30.027,1382.8,538.38,79.8
ES,2005,K.pneumoniae-carbapenems,0.0,,,,,,,,,,,,,,86.3
ES,2006,K.pneumoniae-carbapenems,0.0,,,,,,,,,,,,,,87.7
ES,2007,K.pneumoniae-carbapenems,0.0,,,,,,,,,,,,,,90.1
ES,2008,K.pneumoniae-carbapenems,0.0,,,,,,,,,,,,,,91.6
ES,2009,K.pneumoniae-carbapenems,0.17391304,,,,,,,,,,,,,,92.4
ES,2010,K.pneumoniae-carbapenems,0.0,,,,,,,,,,,,,,92.8
ES,2011,K.pneumoniae-carbapenems,0.34965034,,,,,,,,,,,,,,93.2
ES,2012,K.pneumoniae-carbapenems,0.78125,,,,,,,,,,,,,,93.2
ES,2013,K.pneumoniae-carbapenems,1.61160354,,,,,,,,,,,,,,92.9
ES,2014,K.pneumoniae-carbapenems,2.2906793,,,,,,,,,,,,,,92.5
ES,2015,K.pneumoniae-carbapenems,2.15778826,,,,,,,,,,,,,,92.5
ES,2016,K.pneumoniae-carbapenems,2.08706022,1.494,0.0,15.427,2.67,0.292,3.315,0.087,3.241,0.0,0.676,27.202,1783.41,286.22,92.5
ES,2017,K.pneumoniae-carbapenems,2.78145695,1.486,0.0,14.844,2.676,0.463,3.211,0.081,3.119,0.0,0.65,26.53,1658.76,311.27,92.7
ES,2018,K.pneumoniae-carbapenems,3.8095238,1.49,0.0,14.392,2.751,0.471,3.178,0.082,2.966,0.0,0.665,25.994999999999997,1862.64,240.11,93.1
ES,2019,K.pneumoniae-carbapenems,4.79566305,1.515,0.0,13.737,2.76,0.459,2.95,0.077,2.527,0.184,0.691,24.9,1736.29,248.58,93.8
ES,2020,K.pneumoniae-carbapenems,4.66786355,1.483,0.0,10.379,2.329,0.45,2.222,0.078,1.974,0.163,0.675,19.753,1623.19,277.58,93.8
ES,2021,K.pneumoniae-carbapenems,5.73903627,1.683,0.0,10.382,2.384,0.483,2.187,0.078,1.894,0.151,0.725,19.967000000000002,1730.2,235.66,94.2
ES,2022,K.pneumoniae-carbapenems,5.24511484,1.533,0.0,12.255,2.77,0.512,3.004,0.072,2.163,0.133,0.782,23.223999999999997,1537.27,383.27,95.1
ES,2023,K.pneumoniae-carbapenems,4.29570429,1.491,0.0,12.967,2.904,0.544,2.987,0.064,2.223,0.118,0.81,24.107999999999997,1543.89,337.49,96.2
ES,2024,K.pneumoniae-carbapenems,5.34302877,1.597,0.0,12.686,2.858,0.58,3.323,0.056,2.153,0.124,0.818,24.195,1496.82,304.19,97.2
FI,2005,K.pneumoniae-carbapenems,0.0,4.194,0.0,5.06,3.108,1.878,2.056,0.03,1.241,0.0,2.849,20.416,,,17.2
FI,2006,K.pneumoniae-carbapenems,0.0,3.966,0.0,4.905,3.165,1.79,1.818,0.025,1.24,0.0,2.814,19.723000000000003,,,17.3
FI,2007,K.pneumoniae-carbapenems,0.0,4.172,0.0,5.275,3.274,1.754,1.829,0.022,1.277,0.0,2.644,20.247,,,17.4
FI,2008,K.pneumoniae-carbapenems,0.0,4.243,0.0,5.287,3.283,1.199,1.601,0.017,1.173,0.0,2.69,19.493000000000002,,,17.5
FI,2009,K.pneumoniae-carbapenems,0.28490028,4.25,0.0,5.285,3.284,1.199,1.626,0.017,1.246,0.0,2.69,19.597,,,17.6
FI,2010,K.pneumoniae-carbapenems,0.0,4.305,0.0,5.551,3.222,1.149,1.615,0.017,1.216,0.0,2.655,19.73,,,17.6
FI,2011,K.pneumoniae-carbapenems,0.0,4.978,0.0,5.533,3.335,1.191,1.979,0.017,1.286,0.0,2.662,20.980999999999998,,,17.7
FI,2012,K.pneumoniae-carbapenems,0.0,4.917,0.0,5.417,3.211,1.077,1.707,0.016,1.189,0.0,2.634,20.168,,,17.8
FI,2013,K.pneumoniae-carbapenems,0.0,4.537,0.0,5.366000000000001,3.19,1.014,1.42,0.009,1.132,0.0,2.436,19.104,,,17.9
FI,2014,K.pneumoniae-carbapenems,0.0,4.333,0.0,5.494,3.144,0.964,1.301,0.006,1.109,0.0,2.303,18.654,,,18.0
FI,2015,K.pneumoniae-carbapenems,0.0,4.125,0.0,5.387,2.991,0.91,1.175,0.016,0.988,0.0,2.086,17.678,,,18.0
FI,2016,K.pneumoniae-carbapenems,0.25974025,3.91,0.0,5.302,3.015,1.196,1.048,0.017,0.994,0.0,1.934,17.416,5343.23,0.0,18.1
FI,2017,K.pneumoniae-carbapenems,0.26385224,3.452,0.0,4.942,2.779,1.105,0.873,0.015,0.888,0.0,1.653,15.707,5525.81,0.0,18.1
FI,2018,K.pneumoniae-carbapenems,0.61728395,3.21,0.0,4.954,2.903,1.064,0.837,0.017,0.821,0.0,1.643,15.449000000000002,5365.18,8.84,18.1
FI,2019,K.pneumoniae-carbapenems,0.35294117,3.161,0.0,4.927,2.632,1.159,0.755,0.017,0.62,0.0,1.388,14.658999999999999,5500.24,0.9,18.2
FI,2020,K.pneumoniae-carbapenems,0.11098779,2.492,0.0,3.617,2.28,1.032,0.555,0.016,0.549,0.0,1.354,11.895,4887.41,0.42,18.1
FI,2021,K.pneumoniae-carbapenems,0.0,2.312,0.0,3.497,2.195,1.021,0.495,0.013,0.488,0.0,1.269,11.29,5636.13,7.84,18.2
FI,2022,K.pneumoniae-carbapenems,0.0,2.579,0.0,4.344,2.222,0.984,0.58,0.011,0.524,0.0,1.233,12.477000000000002,5289.78,2.4,18.3
FI,2023,K.pneumoniae-carbapenems,0.13755158,2.66,0.0,4.765,2.129,1.025,0.635,0.011,0.527,0.0,1.184,12.936,5448.45,1.49,18.4
FI,2024,K.pneumoniae-carbapenems,0.23041474,3.318,0.0,4.841,1.992,0.9480000000000002,0.776,0.009,0.487,0.0,1.236,13.607000000000001,5151.26,0.44,18.5
FR,2005,K.pneumoniae-carbapenems,0.13280212,3.638,0.001,10.766,3.488,0.52,4.681,0.13,2.514,0.036,0.722,26.496000000000002,,,99.6
FR,2006,K.pneumoniae-carbapenems,0.0,3.496,0.001,10.752,3.014,0.508,4.059,0.129,2.515,0.029,0.655,25.157999999999998,,,100.2
FR,2007,K.pneumoniae-carbapenems,0.09460737,3.364,0.004,10.976,3.198,0.527,4.232,0.129,2.602,0.023,0.647,25.702,,,100.9
FR,2008,K.pneumoniae-carbapenems,0.0,3.465,0.001,10.895,2.77,0.515,4.278,0.125,2.396,0.012,0.669,25.126,,,101.4
FR,2009,K.pneumoniae-carbapenems,0.1577287,3.415,0.003,11.752,3.183,0.465,4.274,0.124,2.311,0.0,0.688,26.215,,,101.9
FR,2010,K.pneumoniae-carbapenems,0.0698324,3.187,0.001,11.454,2.973,0.459,3.861,0.107,2.291,0.0,0.7010000000000002,25.034,,,102.4
FR,2011,K.pneumoniae-carbapenems,0.0,3.115,0.001,11.994,2.82,0.422,3.963,0.103,2.036,0.0,0.644,25.098,,,102.9
FR,2012,K.pneumoniae-carbapenems,0.49170251,3.31,0.001,12.599,2.676,0.486,3.81,0.091,2.182,0.0,0.583,25.738,,,103.4
FR,2013,K.pneumoniae-carbapenems,0.65146579,3.374,0.001,13.275,2.548,0.32,3.604,0.089,2.09,0.013,0.584,25.898000000000003,,,103.9
FR,2014,K.pneumoniae-carbapenems,0.47551117,3.244,0.001,13.031,2.368,0.522,3.125,0.093,1.99,0.007,0.537,24.918000000000003,,,104.6
FR,2015,K.pneumoniae-carbapenems,0.49019607,3.28,0.001,13.546,2.441,0.449,3.343,0.092,1.826,0.0,0.589,25.566999999999997,,,105.1
FR,2016,K.pneumoniae-carbapenems,0.39556962,3.261,0.001,14.174,2.269,0.451,3.085,0.089,1.731,0.0,0.582,25.643,2424.12,48.87,105.3
FR,2017,K.pneumoniae-carbapenems,0.67687923,3.03,0.001,13.843,1.918,0.484,3.159,0.081,1.56,0.0,0.627,24.702999999999996,2362.84,67.3,105.6
FR,2018,K.pneumoniae-carbapenems,0.50033355,3.174,0.001,14.168,1.727,0.461,3.001,0.072,1.528,0.632,0.587,25.351,2209.97,65.0,105.9
FR,2019,K.pneumoniae-carbapenems,0.99900099,3.243,0.001,14.186,1.608,0.479,2.938,0.069,1.378,0.589,0.599,25.09,2274.73,86.97,106.1
FR,2020,K.pneumoniae-carbapenems,0.54211843,2.962,0.001,10.803,1.199,0.51,2.493,0.06,1.246,0.537,0.528,20.339,2064.45,75.76,106.3
FR,2021,K.pneumoniae-carbapenems,0.76158239,3.156,0.001,11.776,1.225,0.554,2.49,0.055,1.164,0.534,0.591,21.546,2439.61,30.18,106.6
FR,2022,K.pneumoniae-carbapenems,0.96676737,2.799,0.001,13.887,1.419,0.5740000000000001,3.233,0.051,1.311,0.437,0.599,24.311000000000003,2058.81,115.48,107.6
FR,2024,K.pneumoniae-carbapenems,1.20641216,3.171,0.001,16.013,1.3,0.491,3.413,0.045,1.128,0.321,0.637,26.520000000000007,2102.8,61.64,108.5
HR,2005,K.pneumoniae-carbapenems,0.0,2.154,0.001,9.214,4.244,1.693,2.998,0.122,1.768,0.0,0.693,22.887000000000004,,,76.2
HR,2006,K.pneumoniae-carbapenems,0.0,1.88,0.0,8.115,3.918,1.479,2.931,0.12,1.779,0.0,0.748,20.970000000000002,,,76.2
HR,2007,K.pneumoniae-carbapenems,0.35842293,1.933,0.001,8.32,4.202,0.001,3.601,0.109,1.624,0.0,0.586,20.377,,,76.2
HR,2008,K.pneumoniae-carbapenems,0.31152647,1.889,0.0,8.307,4.545,0.002,3.543,0.123,1.673,0.0,0.771,20.853,,,76.2
HR,2010,K.pneumoniae-carbapenems,2.15053763,1.196,0.001,7.063,3.941,0.003,3.17,0.144,1.525,0.0,0.815,17.858,,,75.9
HR,2011,K.pneumoniae-carbapenems,0.0,1.448,0.001,7.153,3.474,0.002,3.022,0.109,1.513,0.0,0.707,17.429,,,75.7
HR,2012,K.pneumoniae-carbapenems,0.0,1.248,0.001,8.23,4.069,0.001,3.132,0.113,1.681,0.0,0.816,19.291,,,75.4
HR,2013,K.pneumoniae-carbapenems,0.53191489,1.238,0.001,8.22,3.471,0.0,2.948,0.101,1.662,0.0,0.843,18.483999999999998,,,75.2
HR,2014,K.pneumoniae-carbapenems,0.89820359,1.165,0.001,8.397,3.331,0.0,3.045,0.137,1.696,0.0,0.939,18.711,,,74.9
HR,2015,K.pneumoniae-carbapenems,2.36842105,1.183,0.001,8.546,3.283,0.001,3.249,0.102,1.705,0.0,0.995,19.065,,,74.4
HR,2016,K.pneumoniae-carbapenems,0.0,1.06,0.001,8.329,2.994,0.633,2.862,0.098,1.701,0.0,1.045,18.723,2295.64,111.19,74.6
HR,2017,K.pneumoniae-carbapenems,0.0,1.032,0.001,8.279,3.021,0.591,2.904,0.096,1.731,0.0,0.922,18.577,2354.95,202.95,73.9
HR,2018,K.pneumoniae-carbapenems,2.15384615,1.013,0.001,8.307,3.053,0.535,2.994,0.101,1.723,0.0,1.078,18.805,2166.74,145.94,73.2
HR,2019,K.pneumoniae-carbapenems,12.0,0.965,0.001,8.388,3.11,0.53,2.971,0.091,1.601,0.0,1.135,18.792,2106.64,186.64,72.8
HR,2020,K.pneumoniae-carbapenems,19.10112359,0.82,0.0,6.552,2.593,0.47,2.628,0.072,1.417,0.0,1.108,15.66,2170.86,124.56,72.8
HR,2021,K.pneumoniae-carbapenems,32.8611898,1.005,0.0,7.337,2.961,0.513,3.259,0.088,1.678,0.0,1.314,18.155,2399.07,190.55,72.4
HR,2022,K.pneumoniae-carbapenems,23.97820163,0.964,0.0,8.296,3.328,0.524,3.809,0.091,1.744,0.0,1.406,20.162,2146.64,202.43,69.0
HR,2023,K.pneumoniae-carbapenems,27.68959435,1.052,0.0,8.763,3.556,0.559,3.914,0.114,1.761,0.0,1.5,21.218999999999998,1984.3,176.62,69.0
HR,2024,K.pneumoniae-carbapenems,31.3253012,1.089,0.0,9.297,3.509,0.5730000000000001,4.103,0.097,1.7,0.0,1.595,21.963,1942.27,312.07,69.2
HU,2005,K.pneumoniae-carbapenems,0.33333333,1.802,0.0,6.626,2.574,1.041,4.083,0.055,2.157,0.0,0.069,18.407,,,108.4
HU,2006,K.pneumoniae-carbapenems,0.0,1.502,0.0,5.519,2.349,0.864,3.619,0.054,2.051,0.0,0.339,16.297,,,108.3
HU,2007,K.pneumoniae-carbapenems,0.0,1.458,0.0,5.305,1.872,0.767,3.022,0.045,1.729,0.0,0.328,14.526,,,108.1
HU,2008,K.pneumoniae-carbapenems,0.0,1.456,0.0,4.605,2.109,0.728,3.206,0.045,2.003,0.0,0.34,14.492,,,107.9
HU,2009,K.pneumoniae-carbapenems,0.55555555,1.383,0.0,5.294,2.233,0.688,3.14,0.043,2.045,0.0,0.182,15.008000000000001,,,107.7
HU,2010,K.pneumoniae-carbapenems,5.49898167,1.416,0.0,4.989,2.205,0.641,3.164,0.043,2.239,0.0,0.14,14.837,,,107.5
HU,2011,K.pneumoniae-carbapenems,1.937046,1.312,0.0,5.184,2.179,0.588,3.16,0.042,2.168,0.0,0.248,14.880999999999998,,,107.2
HU,2012,K.pneumoniae-carbapenems,2.91060291,1.213,0.0,4.913,2.058,0.562,2.854,0.043,2.184,0.0,0.28,14.107000000000001,,,106.6
HU,2013,K.pneumoniae-carbapenems,1.69491525,1.215,0.0,4.967000000000001,2.12,0.5650000000000001,2.932,0.042,2.323,0.0,0.312,14.476,,,106.4
HU,2014,K.pneumoniae-carbapenems,1.12721417,1.216,0.0,4.964,2.196,0.538,3.257,0.042,2.644,0.0,0.34,15.197,,,108.1
HU,2015,K.pneumoniae-carbapenems,0.1455604,1.248,0.0,5.082,2.316,0.548,3.44,0.041,2.932,0.0,0.272,15.879,,,107.9
HU,2016,K.pneumoniae-carbapenems,0.42674253,1.14,0.0,4.7,2.397,0.52,2.942,0.04,2.598,0.0,0.148,14.485,2715.27,62.86,107.6
HU,2017,K.pneumoniae-carbapenems,0.29368575,1.106,0.0,4.825,2.472,0.48,2.938,0.04,2.624,0.0,0.167,14.652000000000001,2752.31,141.1,107.3
HU,2018,K.pneumoniae-carbapenems,0.24183796,1.15,0.0,4.933,2.514,0.4750000000000001,2.972,0.026,2.516,0.0,0.352,14.937999999999999,2476.88,123.08,107.1
HU,2019,K.pneumoniae-carbapenems,0.8988764,1.242,0.0,4.923,2.462,0.48,2.938,0.03,2.086,0.0,0.379,14.539999999999997,2389.46,147.71,107.1
HU,2020,K.pneumoniae-carbapenems,0.69348127,1.235,0.0,3.421,1.819,0.416,2.45,0.037,1.56,0.0,0.403,11.341000000000001,2553.61,69.64,107.1
HU,2021,K.pneumoniae-carbapenems,0.91575091,1.3,0.0,3.537,1.729,0.408,3.083,0.031,1.55,0.0,0.41,12.048,2808.93,165.31,106.9
HU,2022,K.pneumoniae-carbapenems,5.2742616,1.176,0.0,4.683,1.931,0.463,3.931,0.028,1.788,0.0,0.513,14.513,2556.51,162.1,105.3
HU,2023,K.pneumoniae-carbapenems,5.80985915,1.132,0.0,4.768,2.142,0.454,3.465,0.036,1.643,0.0,0.5760000000000001,14.216000000000001,2330.28,120.4,105.1
HU,2024,K.pneumoniae-carbapenems,6.7253803,1.031,0.0,4.844,2.208,0.425,3.299,0.036,1.361,0.0,0.5710000000000001,13.775,2292.36,271.54,104.8
IE,2005,K.pneumoniae-carbapenems,0.0,3.278,0.001,7.734,1.874,0.935,3.234,0.037,0.909,0.0,0.378,18.380000000000003,,,60.8
IE,2006,K.pneumoniae-carbapenems,0.0,3.386,0.001,8.412,2.029,0.988,3.845,0.078,1.138,0.0,0.253,20.130000000000003,,,62.5
IE,2007,K.pneumoniae-carbapenems,0.0,3.332,0.001,8.823,2.043,0.722,4.288,0.043,1.161,0.0,0.21,20.623,,,64.3
IE,2008,K.pneumoniae-carbapenems,0.0,3.209,0.001,8.898,1.685,1.04,4.347,0.123,1.195,0.0,0.239,20.737,,,65.6
IE,2009,K.pneumoniae-carbapenems,0.0,2.757,0.001,8.322000000000001,1.437,1.169,3.987,0.115,1.039,0.0,0.204,19.031,,,66.3
IE,2010,K.pneumoniae-carbapenems,0.0,2.617,0.001,8.52,1.356,0.876,3.923,0.071,1.027,0.0,0.239,18.63,,,66.7
IE,2011,K.pneumoniae-carbapenems,0.33112582,2.807,0.001,9.599,1.351,0.912,4.445,0.067,1.046,0.0,0.231,20.459000000000003,,,67.0
IE,2012,K.pneumoniae-carbapenems,0.0,2.952,0.001,9.763,1.384,0.909,4.428,0.068,0.986,0.0,0.215,20.706,,,67.3
IE,2013,K.pneumoniae-carbapenems,0.31545741,2.986,0.001,10.15,1.517,0.707,4.655,0.071,0.98,0.0,0.248,21.315,,,67.6
IE,2014,K.pneumoniae-carbapenems,0.56657223,2.748,0.001,10.25,1.274,0.728,4.424,0.062,0.94,0.0,0.241,20.668,,,67.8
IE,2015,K.pneumoniae-carbapenems,0.51413881,2.611,0.001,12.139,1.34,0.906,4.468,0.088,1.033,0.0,0.225,22.811,,,68.5
IE,2016,K.pneumoniae-carbapenems,0.66225165,2.579,0.001,11.035,1.34,1.152,4.648,0.089,0.976,0.0,0.222,22.042,2763.23,0.0,69.3
IE,2017,K.pneumoniae-carbapenems,0.20920502,2.825,0.001,10.272,1.264,0.899,4.41,0.101,0.902,0.0,0.214,20.887999999999998,2687.76,0.0,70.0
IE,2018,K.pneumoniae-carbapenems,0.62240663,2.647,0.001,10.505,1.331,1.079,4.255,0.1,0.859,0.0,1.547,22.324,2772.27,0.0,70.9
IE,2019,K.pneumoniae-carbapenems,0.9487666,3.012,0.001,10.831,1.367,1.061,4.056,0.105,0.622,0.0,1.58,22.634999999999998,2725.23,0.0,71.9
IE,2020,K.pneumoniae-carbapenems,0.41928721,2.993,0.001,7.959,1.152,1.102,3.082,0.078,0.473,0.0,1.556,18.396,2762.76,0.0,71.9
IE,2021,K.pneumoniae-carbapenems,0.60362173,2.97,0.001,7.842,1.146,1.007,2.626,0.071,0.422,0.0,1.511,17.596,2663.39,0.16,72.6
IE,2022,K.pneumoniae-carbapenems,0.64102564,3.802,0.001,10.976,1.521,0.934,3.466,0.071,0.44,0.0,1.51,22.721000000000004,2566.8,0.02,75.9
IE,2023,K.pneumoniae-carbapenems,0.35523978,3.995,0.001,11.375,0.769,0.9530000000000002,3.296,0.071,0.431,0.0,1.537,22.427999999999997,2417.79,0.01,77.4
IE,2024,K.pneumoniae-carbapenems,0.20283975,4.265,0.001,11.33,1.116,0.886,3.505,0.077,0.395,0.0,1.397,22.971999999999998,2617.79,0.0,78.6
IS,2005,K.pneumoniae-carbapenems,0.0,5.46,0.0,9.633,0.51,1.968,1.827,0.049,0.786,0.0,0.663,20.895999999999997,,,3.0
IS,2006,K.pneumoniae-carbapenems,,,,,,,,,,,,,,,3.0
IS,2007,K.pneumoniae-carbapenems,0.0,,,,,,,,,,,,,,3.1
IS,2008,K.pneumoniae-carbapenems,0.0,,,,,,,,,,,,,,3.2
IS,2009,K.pneumoniae-carbapenems,0.0,,,,,,,,,,,,,,3.2
IS,2010,K.pneumoniae-carbapenems,,5.054,0.0,9.6,0.612,0.42,1.559,0.0,1.016,0.0,1.032,19.293,,,3.2
IS,2015,K.pneumoniae-carbapenems,,,,,,,,,,,,,,,3.3
IS,2016,K.pneumoniae-carbapenems,,,,,,,,,,,,,,,3.3
IS,2018,K.pneumoniae-carbapenems,,5.225000000000001,0.0,9.747,0.862,0.5680000000000001,1.792,0.027,0.907,0.0,1.257,20.385,,,3.5
IS,2020,K.pneumoniae-carbapenems,0.0,4.841,0.0,7.432,0.754,0.536,1.293,0.032,0.532,0.0,1.069,16.489,,,3.6
IS,2021,K.pneumoniae-carbapenems,0.0,4.437,0.0,7.95,0.8290000000000002,0.5630000000000001,1.193,0.022,0.496,0.0,1.265,16.755000000000003,,,3.6
IS,2022,K.pneumoniae-carbapenems,0.0,4.648,0.0,9.13,1.038,0.553,1.39,0.021,0.505,0.0,1.321,18.606,,,3.8
IS,2023,K.pneumoniae-carbapenems,0.0,4.133,0.0,9.131,1.238,0.582,1.479,0.029,0.471,0.0,1.47,18.532999999999998,,,3.8
IS,2024,K.pneumoniae-carbapenems,0.0,4.834000000000001,0.0,9.384,1.054,0.635,1.814,0.029,0.449,0.0,1.644,19.843,,,3.8
IT,2006,K.pneumoniae-carbapenems,1.3114754,,,,,,,,,,,,,,197.0
IT,2007,K.pneumoniae-carbapenems,1.11111111,0.512,0.073,10.523,2.946,0.553,5.028,0.081,3.781,0.0,0.807,24.304,,,198.0
IT,2008,K.pneumoniae-carbapenems,1.94174757,0.557,0.047,10.817,3.118,0.002,5.482,0.121,3.909,0.0,0.934,24.987000000000002,,,199.3
IT,2009,K.pneumoniae-carbapenems,1.31578947,,,,,,,,,,,,,,200.2
IT,2010,K.pneumoniae-carbapenems,15.18467852,0.5630000000000001,0.059,10.423,2.917,0.003,5.281,0.087,3.924,0.0,0.92,24.177,,,200.9
IT,2011,K.pneumoniae-carbapenems,26.66666666,0.538,0.064,11.015,2.891,0.002,5.113,0.067,3.894,0.0,1.108,24.692000000000004,,,201.2
IT,2012,K.pneumoniae-carbapenems,29.11242603,0.558,0.061,10.911,2.781,0.001,4.883,0.079,3.914,0.0,1.027,24.215000000000003,,,201.8
IT,2013,K.pneumoniae-carbapenems,34.34273916,0.579,0.065,11.386,2.896,0.0,4.987,0.075,3.976,0.0,0.834,24.798,,,199.4
IT,2014,K.pneumoniae-carbapenems,32.92775665,0.608,0.064,11.086,2.748,0.0,4.86,0.072,3.806,0.0,0.849,24.093,,,206.0
IT,2015,K.pneumoniae-carbapenems,33.51675837,0.5760000000000001,0.059,11.005,2.69,0.0,4.803,0.286,3.804,0.0,0.856,24.079,,,205.8
IT,2016,K.pneumoniae-carbapenems,33.94018205,0.591,0.054,10.921,2.559,0.4140000000000001,4.518,0.487,3.627,0.0,0.851,24.022,1868.47,183.68,205.4
IT,2017,K.pneumoniae-carbapenems,29.6886864,0.51,0.052,9.36,2.331,0.781,3.936,0.069,3.073,0.0,0.799,20.910999999999998,1991.03,284.26,203.3
IT,2018,K.pneumoniae-carbapenems,26.78445229,0.55,0.053,9.477,2.501,0.851,4.051,0.068,3.013,0.0,0.845,21.409,1848.86,220.66,202.9
IT,2019,K.pneumoniae-carbapenems,28.47781569,0.593,0.056,9.81,2.729,1.018,4.261,0.058,2.245,0.0,0.922,21.692000000000004,1931.26,276.73,201.5
IT,2020,K.pneumoniae-carbapenems,29.50681297,0.624,0.042,7.836,2.132,1.05,3.879,0.057,1.874,0.0,0.927,18.421,1863.17,223.82,200.6
IT,2021,K.pneumoniae-carbapenems,27.19534532,0.685,0.026,7.571,2.006,1.033,3.416,0.054,1.771,0.0,0.97,17.532,2024.69,273.46,199.6
IT,2022,K.pneumoniae-carbapenems,24.89755923,0.673,0.021,9.51,2.6,1.077,4.917,0.049,1.974,0.0,1.035,21.855999999999998,1821.07,358.04,198.1
IT,2023,K.pneumoniae-carbapenems,26.48308188,0.7000000000000002,0.015,10.831,2.955,1.214,4.338,0.051,1.932,0.0,1.046,23.081999999999997,1758.88,287.11,198.1
IT,2024,K.pneumoniae-carbapenems,23.95901318,0.713,0.012,10.495,2.8,1.23,4.277,0.047,1.783,0.0,1.004,22.361,1678.29,365.17,198.0
LI,2023,K.pneumoniae-carbapenems,,,,,,,,,,,,,,,252.2
LI,2024,K.pneumoniae-carbapenems,,,,,,,,,,,,,,,256.0
LT,2006,K.pneumoniae-carbapenems,0.0,1.721,0.049,14.505,0.87,0.011,1.107,1.551,0.834,0.0,1.444,22.092,,,52.2
LT,2007,K.pneumoniae-carbapenems,0.0,2.47,0.001,9.512,1.805,0.011,1.922,0.36,1.457,0.0,2.188,19.726,,,51.6
LT,2008,K.pneumoniae-carbapenems,0.0,2.366,0.0,8.921,3.203,0.009,2.044,0.382,1.553,0.0,2.521,20.999,,,51.0
LT,2009,K.pneumoniae-carbapenems,0.0,2.002,0.0,6.805,1.263,0.006,1.927,0.243,1.222,0.0,2.733,16.201,,,50.5
LT,2010,K.pneumoniae-carbapenems,0.0,1.681,0.0,6.377,1.089,0.009,1.667,0.15,1.085,0.0,1.984,14.041999999999998,,,49.4
LT,2011,K.pneumoniae-carbapenems,,1.646,0.0,6.914,1.321,0.008,1.91,0.147,1.191,0.0,1.972,15.109,,,48.3
LT,2012,K.pneumoniae-carbapenems,0.0,1.599,0.0,6.823,1.489,0.009,1.943,0.193,1.37,0.0,1.499,14.925000000000002,,,47.7
LT,2013,K.pneumoniae-carbapenems,0.0,1.612,0.0,7.91,1.835,0.009,2.45,0.139,1.128,0.0,1.56,16.643,,,47.2
LT,2014,K.pneumoniae-carbapenems,1.29870129,1.444,0.0,6.718,1.723,0.011,1.966,0.102,1.084,0.0,1.625,14.673000000000002,,,46.8
LT,2015,K.pneumoniae-carbapenems,0.0,1.389,0.0,7.166,1.885,0.011,1.981,0.106,1.191,0.0,1.633,15.361999999999998,,,46.4
LT,2016,K.pneumoniae-carbapenems,0.0,1.511,0.0,7.204,1.973,0.01,2.039,0.085,1.155,0.0,1.679,15.655999999999999,3833.02,7.59,45.8
LT,2017,K.pneumoniae-carbapenems,0.61538461,1.454,0.0,7.4,2.071,0.671,2.152,0.075,1.108,0.0,1.423,16.354,3764.21,4.59,45.2
LT,2018,K.pneumoniae-carbapenems,0.26954177,1.39,0.0,7.182,2.106,0.706,2.184,0.065,1.065,0.0,1.434,16.132,3692.16,24.68,44.7
LT,2019,K.pneumoniae-carbapenems,3.42465753,1.474,0.0,6.949,2.178,0.834,2.187,0.065,1.018,0.0,1.594,16.299,3394.26,11.47,44.6
LT,2020,K.pneumoniae-carbapenems,2.905569,1.539,0.0,5.536,1.992,0.662,1.776,0.049,0.925,0.0,1.719,14.198,3310.44,1.14,44.6
LT,2021,K.pneumoniae-carbapenems,0.97847358,1.4,0.0,6.129,1.93,0.778,1.55,0.049,0.779,0.0,1.473,14.088000000000001,4022.5,48.74,44.6
LT,2022,K.pneumoniae-carbapenems,0.58027079,1.622,0.0,8.51,2.391,0.958,2.341,0.06,0.858,0.0,1.756,18.496000000000002,3778.37,18.95,45.2
LT,2023,K.pneumoniae-carbapenems,3.88170055,1.864,0.0,7.377,2.772,1.078,2.925,0.058,0.945,0.0,1.702,18.720999999999997,3467.03,16.43,45.8
LT,2024,K.pneumoniae-carbapenems,9.51724137,1.849,0.0,8.532,2.179,0.336,4.064,0.052,0.868,0.0,1.609,19.489000000000004,3232.22,10.13,46.1
LU,2006,K.pneumoniae-carbapenems,,2.019,0.001,8.365,4.952,0.366,3.53,0.09,2.829,0.0,1.051,23.203,,,182.8
LU,2007,K.pneumoniae-carbapenems,,2.115,0.001,9.15,5.186,0.377,3.954,0.091,3.067,0.0,1.175,25.116000000000003,,,185.6
LU,2008,K.pneumoniae-carbapenems,,2.175,0.001,9.191,4.924,0.384,3.962,0.084,3.025,0.0,1.217,24.963,,,189.0
LU,2009,K.pneumoniae-carbapenems,0.0,2.093,0.001,9.685,5.002,0.4,4.044,0.072,3.074,0.0,1.325,25.696,,,192.5
LU,2010,K.pneumoniae-carbapenems,0.0,1.977,0.001,9.631,4.694,0.38,3.887,0.072,3.114,0.0,1.337,25.093,,,196.0
LU,2011,K.pneumoniae-carbapenems,0.0,1.996,0.001,9.634,4.442,0.369,4.056,0.063,3.094,0.0,1.522,25.177,,,200.4
LU,2012,K.pneumoniae-carbapenems,0.0,1.887,0.002,9.802,4.256,0.354,4.175,0.071,3.009,0.0,1.426,24.981999999999996,,,205.3
LU,2013,K.pneumoniae-carbapenems,1.88679245,1.863,0.002,9.815,4.41,0.393,4.107,0.058,2.878,0.0,1.437,24.963,,,210.1
LU,2014,K.pneumoniae-carbapenems,1.51515151,1.734,0.001,9.19,3.925,0.335,3.813,0.079,2.778,0.0,1.391,23.245999999999995,,,215.1
LU,2015,K.pneumoniae-carbapenems,0.0,1.699,0.002,9.565,3.99,0.304,3.791,0.057,2.678,0.0,1.377,23.462999999999997,,,220.3
LU,2016,K.pneumoniae-carbapenems,0.0,1.786,0.001,8.931000000000001,3.911,0.297,3.993,0.057,2.618,0.0,1.349,22.943,3050.44,11.09,225.1
LU,2017,K.pneumoniae-carbapenems,0.0,1.102,0.054,7.369,2.863,0.596,5.648,0.061,2.961,0.0,1.902,22.556,3010.9,11.11,230.6
LU,2018,K.pneumoniae-carbapenems,0.0,2.086,0.004,9.015,3.288,0.307,3.577,0.046,2.211,0.0,1.552,22.086,2818.52,31.41,235.1
LU,2019,K.pneumoniae-carbapenems,0.97087378,2.055,0.005,8.806000000000001,3.187,0.333,3.421,0.044,1.716,0.0,1.572,21.139,2959.01,34.97,239.8
LU,2020,K.pneumoniae-carbapenems,1.14942528,1.606,0.004,6.477,2.156,0.347,2.603,0.022,1.387,0.0,1.51,16.112000000000002,2761.9,39.88,239.8
LU,2021,K.pneumoniae-carbapenems,0.990099,1.589,0.004,6.456,2.01,0.3500000000000001,2.504,0.023,1.379,0.0,1.58,15.895000000000001,3178.78,1.45,243.8
LU,2022,K.pneumoniae-carbapenems,1.7094017,1.447,0.001,8.372,2.382,0.366,3.362,0.031,1.477,0.0,1.617,19.055000000000003,2775.63,16.53,252.6
LU,2023,K.pneumoniae-carbapenems,2.38095238,1.671,0.001,9.181,2.379,0.419,3.609,0.042,1.462,0.0,1.468,20.232,2746.25,2.55,257.7
LU,2024,K.pneumoniae-carbapenems,0.73529411,1.696,0.001,9.535,2.371,0.442,4.385,0.031,1.465,0.0,1.644,21.57,2778.44,9.48,261.8
LV,2006,K.pneumoniae-carbapenems,0.0,2.751,0.0,4.743,1.709,0.002,1.133,0.419,1.375,0.0,0.659,12.791,,,35.6
LV,2007,K.pneumoniae-carbapenems,0.0,2.945,0.0,5.037,1.939,0.004,1.446,0.45,1.397,0.0,0.68,13.898,,,35.3
LV,2008,K.pneumoniae-carbapenems,2.5,2.366,0.0,4.203,1.635,0.932,1.088,0.428,1.348,0.0,0.481,12.481,,,35.0
LV,2009,K.pneumoniae-carbapenems,0.0,2.265,0.0,3.948,1.179,1.199,0.999,0.318,1.198,0.0,0.392,11.498,,,34.4
LV,2010,K.pneumoniae-carbapenems,0.0,2.477,0.0,4.209000000000001,1.757,0.003,1.262,0.325,1.244,0.0,0.3500000000000001,11.627,,,33.7
LV,2011,K.pneumoniae-carbapenems,0.0,1.571,0.001,2.405,0.525,0.003,0.836,0.072,0.775,0.0,0.402,6.59,,,33.1
LV,2012,K.pneumoniae-carbapenems,0.0,2.699,0.001,4.564,1.113,0.005,1.679,0.117,1.332,0.0,0.751,12.260999999999997,,,32.7
LV,2013,K.pneumoniae-carbapenems,0.0,2.474,0.001,4.79,1.181,0.006,1.884,0.105,1.371,0.0,0.8,12.612,,,32.4
LV,2014,K.pneumoniae-carbapenems,1.69491525,2.319,0.001,4.471,1.145,0.009,1.765,0.094,1.351,0.0,0.889,12.043999999999999,,,32.0
LV,2015,K.pneumoniae-carbapenems,0.0,2.288,0.001,4.78,1.186,0.007,1.993,0.091,1.32,0.0,0.935,12.600999999999999,,,31.8
LV,2016,K.pneumoniae-carbapenems,2.22222222,2.283,0.001,4.686,1.21,0.884,1.944,0.082,1.308,0.0,0.96,13.358,4011.73,5.12,31.0
LV,2017,K.pneumoniae-carbapenems,1.72413793,2.282,0.001,5.066,1.303,0.897,2.117,0.08,1.272,0.0,0.923,13.941,4009.3,0.86,30.7
LV,2018,K.pneumoniae-carbapenems,0.49019607,2.223,0.0,5.011,1.223,0.8300000000000002,2.288,0.074,1.227,0.0,0.91,13.786000000000001,3870.56,24.16,30.4
LV,2019,K.pneumoniae-carbapenems,0.0,2.338,0.001,5.068000000000001,1.272,0.842,2.277,0.065,1.07,0.0,0.96,13.893000000000004,3633.98,3.22,30.2
LV,2020,K.pneumoniae-carbapenems,1.05820105,2.428,0.001,4.0,1.093,0.559,1.83,0.061,0.926,0.0,1.001,11.899,3413.39,1.52,30.2
LV,2021,K.pneumoniae-carbapenems,1.58102766,2.773,0.001,3.797,0.992,0.455,1.742,0.044,0.814,0.0,1.028,11.646,4151.13,41.45,30.0
LV,2022,K.pneumoniae-carbapenems,2.77777777,2.745,0.001,5.517,1.228,0.682,2.413,0.044,0.939,0.0,1.322,14.890999999999998,4022.19,13.13,29.7
LV,2023,K.pneumoniae-carbapenems,6.32911392,2.715,0.001,5.386,1.314,0.617,2.342,0.04,0.886,0.0,1.474,14.775,3765.14,8.49,30.2
LV,2024,K.pneumoniae-carbapenems,9.94318181,2.613,0.001,5.437,1.373,0.591,3.031,0.042,0.833,0.0,1.488,15.408999999999999,3445.66,3.16,30.0
MT,2005,K.pneumoniae-carbapenems,,,,,,,,,,,,,,,1279.6
MT,2006,K.pneumoniae-carbapenems,0.0,,,,,,,,,,,,,,1284.3
MT,2007,K.pneumoniae-carbapenems,0.0,0.958,0.001,6.197,3.275,0.208,3.403,0.055,1.821,0.0,0.288,16.206,,,1288.8
MT,2008,K.pneumoniae-carbapenems,0.0,1.144,0.001,6.403,5.241000000000001,0.214,3.955,0.057,1.925,0.0,0.268,19.208000000000002,,,1295.5
MT,2009,K.pneumoniae-carbapenems,0.0,1.135,0.001,6.407,5.836,0.203,4.117,0.046,1.811,0.0,0.295,19.851000000000003,,,1305.3
MT,2010,K.pneumoniae-carbapenems,0.0,1.12,0.001,7.009,5.41,0.309,3.436,0.079,2.021,0.12,0.399,19.904000000000003,,,1311.7
MT,2011,K.pneumoniae-carbapenems,3.84615384,1.108,0.001,7.276,6.023,0.32,3.889,0.097,2.059,0.291,0.544,21.608,,,1317.3
MT,2012,K.pneumoniae-carbapenems,3.57142857,1.748,0.001,6.388,5.514,0.232,3.91,0.064,2.217,0.291,0.455,20.82,,,1329.2
MT,2013,K.pneumoniae-carbapenems,5.97014925,1.077,0.001,6.9,5.76,0.222,4.178,0.086,3.166,0.311,0.534,22.235,,,1348.0
MT,2014,K.pneumoniae-carbapenems,9.09090909,1.333,0.001,7.096,4.808,0.318,4.016,0.107,3.421,0.66,0.648,22.408,,,1375.2
MT,2015,K.pneumoniae-carbapenems,4.54545454,0.918,0.001,6.637,4.350000000000001,0.342,4.36,0.113,3.119,0.25,1.209,21.299000000000003,,,1408.4
MT,2016,K.pneumoniae-carbapenems,5.88235294,2.08,0.001,6.99,3.802,0.32,4.233,0.088,2.678,0.273,0.48,20.945,341.35,592.37,1450.2
MT,2017,K.pneumoniae-carbapenems,10.25641025,1.776,0.001,8.67,3.405,0.454,4.794,0.081,2.486,0.291,0.665,22.622999999999998,569.46,661.06,1495.2
MT,2018,K.pneumoniae-carbapenems,15.44117647,1.618,0.001,6.949,2.944,0.368,4.63,0.081,2.603,0.282,0.784,20.26,386.91,613.66,1548.3
MT,2019,K.pneumoniae-carbapenems,7.75193798,1.861,0.001,7.527,3.12,0.448,4.491,0.098,2.124,0.249,0.815,20.734,540.06,744.94,1595.1
MT,2020,K.pneumoniae-carbapenems,7.57575757,2.234,0.001,6.029,2.251,0.352,2.685,0.055,1.637,0.176,1.129,16.549,418.24,657.53,1610.4
MT,2021,K.pneumoniae-carbapenems,6.66666666,2.19,0.001,6.198,1.653,0.49,2.547,0.066,1.47,0.183,0.994,15.792000000000002,482.13,778.79,1646.4
MT,2022,K.pneumoniae-carbapenems,5.0,2.453,0.001,9.681,2.954,0.48,5.115,0.049,1.907,0.174,1.189,24.003,557.81,828.76,1696.8
MT,2023,K.pneumoniae-carbapenems,3.40136054,2.615,0.001,9.201,2.993,0.367,4.776,0.069,1.724,0.028,1.139,22.913,414.17,731.92,1766.0
MT,2024,K.pneumoniae-carbapenems,2.84090909,2.572,0.001,9.765,2.427,0.345,5.84,0.049,1.682,0.161,1.031,23.873,306.21,791.57,1817.4
NL,2005,K.pneumoniae-carbapenems,0.0,,,,,,,,,,,,,,483.1
NL,2006,K.pneumoniae-carbapenems,0.30395136,,,,,,,,,,,,,,483.8
NL,2007,K.pneumoniae-carbapenems,0.0,,,,,,,,,,,,,,485.3
NL,2008,K.pneumoniae-carbapenems,0.0,,,,,,,,,,,,,,487.2
NL,2009,K.pneumoniae-carbapenems,0.0,,,,,,,,,,,,,,489.7
NL,2010,K.pneumoniae-carbapenems,0.22421524,2.684,0.001,3.538,0.197,0.591,1.523,0.092,0.988,0.002,1.333,10.949000000000002,,,492.2
NL,2011,K.pneumoniae-carbapenems,0.23014959,2.629,0.001,3.568,0.199,0.5750000000000001,1.566,0.086,0.947,0.0,1.416,10.987,,,494.5
NL,2012,K.pneumoniae-carbapenems,0.10570824,2.517,0.0,3.584,0.21,0.553,1.573,0.08,0.923,0.0,1.502,10.942,,,496.9
NL,2013,K.pneumoniae-carbapenems,0.18957345,2.349,0.001,3.499,0.217,0.495,1.451,0.08,0.868,0.0,1.498,10.458,,,498.4
NL,2014,K.pneumoniae-carbapenems,0.26714158,2.258,0.001,3.399,0.227,0.463,1.415,0.074,0.893,0.0,1.54,10.27,,,500.9
NL,2015,K.pneumoniae-carbapenems,0.16708437,2.276,0.001,3.456,0.237,0.452,1.452,0.074,0.871,0.0,1.542,10.360999999999999,,,503.1
NL,2016,K.pneumoniae-carbapenems,0.07593014,2.12,0.0,3.42,0.235,0.45,1.433,0.065,0.841,0.0,1.541,10.105,2676.94,13.97,498.1
NL,2017,K.pneumoniae-carbapenems,0.45112781,2.006,0.001,3.238,0.244,0.45,1.438,0.056,0.82,0.0,1.528,9.781,2537.97,5.75,501.1
NL,2018,K.pneumoniae-carbapenems,0.46052631,1.961,0.0,3.17,0.256,0.458,1.502,0.055,0.813,0.0,1.521,9.736,2530.56,30.89,504.0
NL,2019,K.pneumoniae-carbapenems,0.20935101,1.85,0.0,3.125,0.26,0.482,1.502,0.05,0.742,0.0,1.468,9.479,2515.46,39.82,507.3
NL,2020,K.pneumoniae-carbapenems,0.07163323,1.561,0.0,2.664,0.257,0.479,1.412,0.044,0.705,0.0,1.413,8.535,2387.24,40.42,507.3
NL,2021,K.pneumoniae-carbapenems,0.23622047,1.436,0.001,2.651,0.261,0.4780000000000001,1.353,0.044,0.7000000000000002,0.0,1.412,8.336,2723.7,4.38,510.2
NL,2022,K.pneumoniae-carbapenems,0.43352601,1.563,0.0,3.141,0.259,0.49,1.45,0.041,0.733,0.0,1.399,9.076,2396.93,18.74,517.8
NL,2023,K.pneumoniae-carbapenems,0.4045853,1.749,0.0,3.339,0.267,0.514,1.522,0.041,0.752,0.0,1.389,9.573,2319.9,10.68,526.0
NL,2024,K.pneumoniae-carbapenems,0.77151335,1.867,0.0,3.327,0.301,0.525,1.642,0.044,0.741,0.0,1.374,9.821,2275.73,6.73,529.5
NO,2005,K.pneumoniae-carbapenems,0.62111801,3.1,0.002,7.272,0.472,1.054,2.117,0.066,0.556,0.0,3.036,17.675,,,15.2
NO,2006,K.pneumoniae-carbapenems,0.45248868,2.813,0.001,6.678,0.482,0.862,2.079,0.07,0.533,0.0,2.467,15.985000000000001,,,15.3
NO,2007,K.pneumoniae-carbapenems,0.0,2.912,0.001,6.966,0.485,0.843,2.145,0.068,0.5740000000000001,0.0,2.639,16.633,,,15.5
NO,2008,K.pneumoniae-carbapenems,0.67340067,2.866,0.002,7.189,0.47,0.834,1.988,0.072,0.609,0.0,2.852,16.881999999999998,,,15.6
NO,2009,K.pneumoniae-carbapenems,0.0,2.764,0.001,6.906,0.444,0.779,1.76,0.068,0.602,0.0,2.982,16.305999999999997,,,15.8
NO,2010,K.pneumoniae-carbapenems,0.0,2.829,0.001,7.045,0.436,0.742,1.863,0.07,0.633,0.0,3.188,16.807,,,16.0
NO,2011,K.pneumoniae-carbapenems,0.0,3.156,0.001,7.133,0.43,0.734,2.078,0.071,0.644,0.0,3.288,17.534999999999997,,,16.2
NO,2012,K.pneumoniae-carbapenems,0.48154093,3.512,0.001,7.079,0.42,0.719,2.075,0.074,0.637,0.0,3.416,17.933,,,16.5
NO,2013,K.pneumoniae-carbapenems,0.15503875,3.306,0.001,6.803,0.407,0.714,1.771,0.07,0.608,0.0,3.509,17.189,,,16.7
NO,2014,K.pneumoniae-carbapenems,0.0,3.187,0.001,6.751,0.376,0.735,1.536,0.072,0.5700000000000001,0.0,3.682,16.91,,,16.9
NO,2015,K.pneumoniae-carbapenems,0.14285714,3.151,0.001,6.758,0.354,0.728,1.378,0.074,0.514,0.0,3.837,16.794999999999998,,,17.1
NO,2016,K.pneumoniae-carbapenems,0.0,2.959,0.001,6.514,0.335,0.717,1.215,0.073,0.463,0.0,3.96,16.237000000000002,5354.12,0.0,16.9
NO,2017,K.pneumoniae-carbapenems,0.0,2.802,0.001,6.3,0.33,0.714,1.074,0.084,0.4,0.0,4.04,15.745000000000001,5495.64,0.0,17.1
NO,2018,K.pneumoniae-carbapenems,0.13586956,2.695,0.001,6.087,0.324,0.743,0.9530000000000002,0.09,0.361,0.0,4.03,15.283999999999999,5401.77,1.34,17.2
NO,2019,K.pneumoniae-carbapenems,0.24213075,2.784,0.001,6.324,0.309,0.786,0.933,0.096,0.315,0.0,3.368,14.915999999999999,5487.8,1.06,17.3
NO,2020,K.pneumoniae-carbapenems,0.1455604,2.549,0.001,5.329,0.283,0.763,0.708,0.085,0.272,0.0,3.933,13.922999999999998,5087.63,0.15,17.3
NO,2021,K.pneumoniae-carbapenems,0.25542784,2.567,0.001,5.408,0.292,0.769,0.624,0.081,0.247,0.0,4.002,13.991,5535.12,0.05,17.4
NO,2022,K.pneumoniae-carbapenems,0.26007802,2.707,0.001,6.413,0.311,0.791,0.654,0.087,0.245,0.0,4.056,15.265,5285.41,0.32,15.0
NO,2023,K.pneumoniae-carbapenems,0.50825921,2.718,0.001,6.51,0.303,0.802,0.669,0.09,0.236,0.0,4.165,15.494,5567.91,0.01,15.2
NO,2024,K.pneumoniae-carbapenems,0.77605321,3.238,0.001,6.332,0.295,0.806,0.728,0.092,0.221,0.0,4.343,16.055999999999997,5119.82,0.06,15.3
PL,2005,K.pneumoniae-carbapenems,0.0,,,,,,,,,,,,,,122.1
PL,2006,K.pneumoniae-carbapenems,,,,,,,,,,,,,,,122.0
PL,2007,K.pneumoniae-carbapenems,,,,,,,,,,,,,,,121.9
PL,2008,K.pneumoniae-carbapenems,,,,,,,,,,,,,,,121.9
PL,2009,K.pneumoniae-carbapenems,0.71942446,,,,,,,,,,,,,,124.6
PL,2010,K.pneumoniae-carbapenems,0.0,,,,,,,,,,,,,,124.2
PL,2011,K.pneumoniae-carbapenems,0.53191489,,,,,,,,,,,,,,124.3
PL,2012,K.pneumoniae-carbapenems,0.83565459,,,,,,,,,,,,,,124.3
PL,2013,K.pneumoniae-carbapenems,0.81081081,,,,,,,,,,,,,,124.2
PL,2014,K.pneumoniae-carbapenems,1.33037694,2.462,0.001,6.395,2.727,0.5750000000000001,3.875,0.094,1.352,0.0,3.725,21.206000000000003,,,123.7
PL,2015,K.pneumoniae-carbapenems,0.45454545,2.46,0.0,7.429,3.201,0.649,4.686,0.086,1.542,0.0,4.065,24.118000000000002,,,123.6
PL,2016,K.pneumoniae-carbapenems,2.13713268,2.345,0.0,7.187,3.197,0.62,4.258,0.047,1.621,0.0,2.715,21.990000000000002,3288.51,16.64,123.6
PL,2017,K.pneumoniae-carbapenems,6.37381567,2.455,0.001,7.015,4.632,0.51,4.546,0.079,1.662,0.0,4.511,25.410999999999998,3290.5,19.52,123.6
PL,2018,K.pneumoniae-carbapenems,8.11496196,2.336,0.001,7.073,3.453,0.596,6.103,0.077,1.66,0.0,3.09,24.389,3126.18,29.8,123.6
PL,2019,K.pneumoniae-carbapenems,7.7056277,2.212,0.001,6.69,4.065,0.555,4.001,0.072,1.517,0.0,4.539,23.652,2954.0,48.7,123.6
PL,2020,K.pneumoniae-carbapenems,8.19366852,1.805,0.0,4.651,2.854,0.4750000000000001,2.868,0.06,1.296,0.0,4.503,18.512,3011.03,11.19,123.6
PL,2021,K.pneumoniae-carbapenems,19.52414275,1.782,0.0,5.567,2.859,0.301,3.827,0.059,1.456,0.0,4.78,20.631,3497.15,28.79,123.4
PL,2022,K.pneumoniae-carbapenems,16.81681681,1.985,0.0,7.365,3.536,0.588,4.743,0.065,1.5,0.0,4.285,24.067,3205.03,40.52,119.8
PL,2023,K.pneumoniae-carbapenems,18.12977099,1.919,0.0,7.971,3.5,0.399,4.481,0.064,1.427,0.0,3.475,23.236000000000004,2977.66,25.71,119.4
PL,2024,K.pneumoniae-carbapenems,18.85,1.906,0.0,6.892,3.249,0.393,5.303,0.061,1.374,0.0,3.52,22.698,2742.81,42.15,119.0
PT,2007,K.pneumoniae-carbapenems,0.0,,,,,,,,,,,,,,114.5
PT,2008,K.pneumoniae-carbapenems,0.72463768,,,,,,,,,,,,,,114.6
PT,2009,K.pneumoniae-carbapenems,0.82474226,0.734,0.001,8.618,2.344,0.021,3.986,0.082,3.128,0.0,10.497,29.411,,,114.6
PT,2010,K.pneumoniae-carbapenems,1.3544018,0.73,0.001,8.652000000000001,2.202,0.021,3.549,0.077,3.062,0.0,1.089,19.383,,,114.7
PT,2011,K.pneumoniae-carbapenems,0.34482758,1.037,0.0,8.824,2.044,0.026,3.544,0.071,2.78,0.0,1.481,19.807000000000002,,,114.5
PT,2012,K.pneumoniae-carbapenems,0.66755674,1.094,0.001,8.862,1.951,0.02,3.37,0.069,2.559,0.0,1.552,19.478,,,114.0
PT,2013,K.pneumoniae-carbapenems,1.7699115,0.769,0.001,8.018,1.834,0.016,2.905,0.076,2.343,0.0,1.152,17.114,,,113.4
PT,2014,K.pneumoniae-carbapenems,1.76366843,0.843,0.001,8.339,1.841,0.022,2.942,0.07,2.266,0.0,1.211,17.534999999999997,,,112.8
PT,2015,K.pneumoniae-carbapenems,3.35731414,0.842,0.001,8.757,1.962,0.016,3.223,0.069,2.184,0.0,1.252,18.305999999999997,,,112.3
PT,2016,K.pneumoniae-carbapenems,5.17094017,0.8230000000000002,0.001,9.107,1.949,0.489,3.255,0.067,2.043,0.0,1.267,19.000999999999998,1278.04,276.68,113.5
PT,2017,K.pneumoniae-carbapenems,8.63970588,0.843,0.001,9.136,2.037,0.479,2.598,0.062,1.858,0.0,1.291,18.304999999999996,1090.94,265.88,113.2
PT,2018,K.pneumoniae-carbapenems,11.70503316,0.872,0.001,9.713,2.014,0.4130000000000001,2.84,0.06,1.82,0.0,1.337,19.069999999999997,1350.22,233.14,113.0
PT,2019,K.pneumoniae-carbapenems,10.85501858,0.878,0.001,9.567,2.04,0.436,3.285,0.058,1.638,0.0,1.399,19.302,1150.19,165.18,113.0
PT,2020,K.pneumoniae-carbapenems,11.58273381,0.82,0.001,7.055,1.708,0.408,2.156,0.053,1.272,0.0,1.361,14.834,1051.38,264.53,113.0
PT,2021,K.pneumoniae-carbapenems,11.58730158,0.932,0.001,6.892,1.818,0.441,1.998,0.052,1.217,0.0,1.372,14.723,1105.62,133.84,113.2
PT,2022,K.pneumoniae-carbapenems,10.28960817,0.916,0.001,8.758000000000001,2.124,0.42,2.855,0.046,1.315,0.0,1.414,17.849000000000004,1009.97,285.45,115.0
PT,2023,K.pneumoniae-carbapenems,13.10975609,0.937,0.001,9.334,1.999,0.484,2.987,0.044,1.324,0.0,1.483,18.593,1093.43,232.85,116.3
PT,2024,K.pneumoniae-carbapenems,12.52490748,1.07,0.001,9.508,2.105,0.538,3.355,0.044,1.334,0.0,1.494,19.448999999999998,1013.14,205.63,117.6
RO,2005,K.pneumoniae-carbapenems,,,,,,,,,,,,,,,94.1
RO,2006,K.pneumoniae-carbapenems,0.0,,,,,,,,,,,,,,93.9
RO,2007,K.pneumoniae-carbapenems,0.0,,,,,,,,,,,,,,93.7
RO,2008,K.pneumoniae-carbapenems,,,,,,,,,,,,,,,93.6
RO,2009,K.pneumoniae-carbapenems,,0.142,0.002,4.987,2.963,0.196,1.91,0.252,1.586,0.0,0.077,12.115,,,93.4
RO,2010,K.pneumoniae-carbapenems,,,,,,,,,,,,,,,93.2
RO,2011,K.pneumoniae-carbapenems,,1.344,0.013,13.22,4.062,0.964,2.917,0.465,3.388,0.0,0.109,26.482,,,93.0
RO,2012,K.pneumoniae-carbapenems,13.72549019,1.333,0.012,12.77,4.362,0.895,2.67,0.418,3.363,0.0,0.122,25.944999999999997,,,87.1
RO,2013,K.pneumoniae-carbapenems,20.46511627,1.19,0.01,13.068,4.814,0.937,2.753,0.387,3.469,0.0,0.141,26.768999999999995,,,86.9
RO,2014,K.pneumoniae-carbapenems,31.51750972,1.133,0.008,12.078,5.328,0.881,2.912,0.401,3.72,0.0,0.163,26.624,,,86.6
RO,2015,K.pneumoniae-carbapenems,24.72324723,1.104,0.01,13.549,5.273,0.89,3.185,0.364,3.504,0.0,0.187,28.066,,,86.1
RO,2016,K.pneumoniae-carbapenems,31.43712574,0.933,0.007,11.493,4.943000000000001,0.812,2.815,0.294,2.895,0.0,0.238,24.43,2953.68,105.53,85.6
RO,2017,K.pneumoniae-carbapenems,22.45508982,0.848,0.008,11.225,4.954,0.878,2.892,0.214,3.25,0.0,0.242,24.511,2952.08,128.25,85.2
RO,2018,K.pneumoniae-carbapenems,29.47845804,0.9490000000000002,0.009,11.355,5.172,0.8320000000000001,3.003,0.196,3.297,0.0,0.269,25.081999999999997,2772.9,81.98,83.1
RO,2019,K.pneumoniae-carbapenems,32.34042553,0.913,0.007,11.624,5.39,0.855,3.149,0.187,3.321,0.0,0.326,25.772000000000002,2596.56,120.66,82.7
RO,2020,K.pneumoniae-carbapenems,48.31223628,1.054,0.004,10.651,4.495,0.742,4.703,0.159,3.125,0.0,0.246,25.179,2696.85,94.25,82.7
RO,2021,K.pneumoniae-carbapenems,54.46096654,1.053,0.004,10.733,4.653,0.744,4.733000000000001,0.15,3.331,0.0,0.265,25.666,3026.96,134.37,82.2
RO,2022,K.pneumoniae-carbapenems,47.84688995,1.015,0.003,11.783,5.032,0.992,4.866,0.165,3.476,0.0,0.251,27.583,2784.38,142.04,81.3
RO,2023,K.pneumoniae-carbapenems,52.76595744,0.928,0.003,12.102,5.02,0.945,4.513,0.16,3.438,0.0,0.259,27.368000000000002,2538.88,149.96,81.4
RO,2024,K.pneumoniae-carbapenems,50.25951557,0.81,0.001,10.93,5.558,0.712,3.884,0.13,2.84,0.0,0.303,25.168,2514.35,254.48,81.3
SE,2005,K.pneumoniae-carbapenems,,3.434,0.001,6.765,0.665,0.762,0.926,0.021,1.165,0.0,2.199,15.938,,,22.0
SE,2006,K.pneumoniae-carbapenems,,3.514,0.001,7.152,0.663,0.77,0.946,0.023,1.158,0.0,2.223,16.45,,,22.1
SE,2007,K.pneumoniae-carbapenems,0.0,3.549,0.001,7.2,0.578,0.846,0.942,0.02,1.067,0.0,2.18,16.383,,,22.3
SE,2008,K.pneumoniae-carbapenems,0.0,3.416,0.001,7.596,0.543,0.66,0.509,0.025,0.987,0.0,1.984,15.720999999999998,,,22.5
SE,2009,K.pneumoniae-carbapenems,,3.198,0.001,7.255,0.438,0.324,0.816,0.021,0.937,0.0,1.842,14.831999999999999,,,22.7
SE,2010,K.pneumoniae-carbapenems,0.28248587,3.504,0.001,7.394,0.389,0.283,0.812,0.022,0.934,0.0,1.744,15.083,,,22.9
SE,2011,K.pneumoniae-carbapenems,0.0,3.744,0.0,7.44,0.355,0.248,0.67,0.023,0.935,0.0,1.711,15.126,,,23.0
SE,2012,K.pneumoniae-carbapenems,0.10235414,3.648,0.001,7.429,0.353,0.222,0.694,0.025,0.909,0.0,1.712,14.993,,,23.4
SE,2013,K.pneumoniae-carbapenems,0.0,3.04,0.001,7.086,0.355,0.191,0.685,0.028,0.87,0.0,1.7,13.956,,,23.6
SE,2014,K.pneumoniae-carbapenems,0.0,2.836,0.0,7.135,0.31,0.166,0.67,0.027,0.849,0.0,1.686,13.678999999999998,,,23.8
SE,2015,K.pneumoniae-carbapenems,0.0,2.745,0.0,6.804,0.305,0.154,0.666,0.016,0.844,0.0,1.678,13.212,,,24.1
SE,2016,K.pneumoniae-carbapenems,0.13063357,2.585,0.0,6.815,0.303,0.438,0.609,0.028,0.82,0.0,1.636,13.233999999999998,5111.62,0.03,24.4
SE,2017,K.pneumoniae-carbapenems,0.09680542,2.526,0.0,6.689,0.244,0.312,0.604,0.027,0.776,0.0,1.599,12.777,5204.01,0.0,24.7
SE,2018,K.pneumoniae-carbapenems,0.18382352,2.32,0.0,6.649,0.237,0.316,0.56,0.025,0.749,0.0,1.582,12.438,5139.24,4.8,25.0
SE,2019,K.pneumoniae-carbapenems,0.11154489,2.289,0.0,6.312,0.224,0.328,0.579,0.024,0.694,0.0,1.354,11.804000000000002,5138.93,0.84,25.2
SE,2020,K.pneumoniae-carbapenems,0.27129679,2.052,0.0,5.277,0.21,0.312,0.561,0.023,0.624,0.0,1.28,10.338999999999999,4616.81,0.07,25.2
SE,2021,K.pneumoniae-carbapenems,0.15022533,1.956,0.0,5.173,0.219,0.314,0.517,0.02,0.62,0.0,1.249,10.068000000000001,5220.65,0.89,25.4
SE,2022,K.pneumoniae-carbapenems,0.18501387,,,,,,,,,,,,4939.74,1.36,25.7
SE,2023,K.pneumoniae-carbapenems,0.50831792,,,,,,,,,,,,5201.02,0.03,25.9
SE,2024,K.pneumoniae-carbapenems,0.5235602,,,,,,,,,,,,4817.57,0.05,26.0
SI,2005,K.pneumoniae-carbapenems,0.0,0.584,0.001,7.448,1.082,1.271,3.395,0.082,1.41,0.0,0.086,15.359000000000004,,,99.3
SI,2006,K.pneumoniae-carbapenems,0.0,0.56,0.001,7.152,0.897,1.222,2.668,0.083,1.332,0.0,0.088,14.002999999999998,,,99.6
SI,2007,K.pneumoniae-carbapenems,0.0,0.586,0.0,7.899,0.919,0.007,2.798,0.073,1.369,0.0,0.084,13.735,,,99.8
SI,2008,K.pneumoniae-carbapenems,0.0,0.535,0.001,7.496,0.807,0.005,2.612,0.071,1.338,0.0,0.087,12.952,,,100.4
SI,2009,K.pneumoniae-carbapenems,0.52910052,0.061,0.001,7.6,0.808,0.006,2.465,0.07,1.312,0.0,0.093,12.415999999999999,,,101.3
SI,2010,K.pneumoniae-carbapenems,0.51282051,0.107,0.0,7.632,0.747,0.007,2.234,0.073,1.343,0.0,0.107,12.249999999999998,,,101.7
SI,2011,K.pneumoniae-carbapenems,0.0,0.338,0.0,7.673,0.677,0.005,2.088,0.065,1.314,0.0,0.168,12.327999999999998,,,101.9
SI,2012,K.pneumoniae-carbapenems,0.39370078,0.439,0.0,7.66,0.613,0.007,1.911,0.056,1.289,0.0,0.212,12.187,,,102.2
SI,2013,K.pneumoniae-carbapenems,0.40816326,0.473,0.0,7.738,0.595,0.006,1.895,0.053,1.307,0.0,0.281,12.348,,,102.3
SI,2014,K.pneumoniae-carbapenems,0.85836909,0.465,0.0,7.496,0.584,0.011,1.889,0.062,1.322,0.0,0.359,12.188,,,102.4
SI,2015,K.pneumoniae-carbapenems,1.26582278,0.429,0.0,7.567,0.614,0.01,1.984,0.062,1.377,0.0,0.472,12.515,,,102.4
SI,2016,K.pneumoniae-carbapenems,0.0,0.502,0.0,7.43,0.632,0.798,1.718,0.064,1.35,0.0,0.4760000000000001,12.97,2756.05,39.63,102.5
SI,2017,K.pneumoniae-carbapenems,0.0,0.492,0.0,7.505,0.683,0.734,1.812,0.063,1.31,0.0,0.508,13.107,2828.15,91.15,102.6
SI,2018,K.pneumoniae-carbapenems,0.69204152,0.533,0.0,7.511,0.627,0.749,1.912,0.06,1.302,0.0,0.471,13.165,2587.4,59.27,102.9
SI,2019,K.pneumoniae-carbapenems,0.330033,0.562,0.0,7.354,0.709,0.679,1.863,0.062,1.167,0.0,0.605,13.001000000000001,2602.14,81.36,103.7
SI,2020,K.pneumoniae-carbapenems,0.0,0.544,0.0,5.294,0.6980000000000002,0.581,1.439,0.055,0.972,0.0,0.585,10.168,2678.32,34.66,103.7
SI,2021,K.pneumoniae-carbapenems,0.85470085,0.562,0.0,5.165,0.787,0.588,1.364,0.055,0.978,0.0,0.671,10.17,2965.26,70.04,104.4
SI,2022,K.pneumoniae-carbapenems,1.88172043,0.611,0.0,6.911,0.85,0.591,1.675,0.051,1.013,0.0,0.736,12.438,2633.38,86.99,104.8
SI,2023,K.pneumoniae-carbapenems,3.83480825,0.629,0.0,7.66,0.706,0.581,1.844,0.048,1.101,0.0,0.8250000000000002,13.393999999999998,2494.76,75.38,105.3
SI,2024,K.pneumoniae-carbapenems,3.69318181,0.6990000000000002,0.0,7.92,0.979,0.535,2.299,0.052,1.057,0.0,0.846,14.386999999999999,2457.15,136.9,105.6
SK,2011,K.pneumoniae-carbapenems,0.69124423,1.452,0.001,6.897,3.881,0.405,5.761,0.171,2.413,0.0,0.391,21.372,,,110.1
SK,2012,K.pneumoniae-carbapenems,6.34441087,1.397,0.001,6.469,4.013,0.372,5.009,0.072,2.198,0.0,0.192,19.723,,,110.3
SK,2013,K.pneumoniae-carbapenems,0.58479532,1.613,0.001,7.133,5.15,0.42,6.037,0.082,2.45,0.0,0.276,23.162000000000003,,,110.4
SK,2014,K.pneumoniae-carbapenems,2.63157894,1.706,0.001,6.952,5.053,0.453,5.75,0.084,0.922,0.0,0.259,21.18,,,110.5
SK,2015,K.pneumoniae-carbapenems,0.91743119,1.77,0.001,7.105,5.447,0.487,6.357,0.092,2.709,0.0,0.238,24.206,,,110.6
SK,2016,K.pneumoniae-carbapenems,2.52873563,1.711,0.001,6.803,5.372,1.244,5.589,0.079,2.551,0.0,0.269,23.619,3222.12,25.18,111.5
SK,2017,K.pneumoniae-carbapenems,4.44444444,1.658,0.001,5.369,5.004,0.407,4.813,0.086,2.4,0.0,0.242,19.98,3338.74,56.43,111.7
SK,2018,K.pneumoniae-carbapenems,3.48360655,1.746,0.001,5.344,6.702,0.406,4.854,0.121,2.344,0.0,0.483,22.001,2963.43,48.34,111.8
SK,2019,K.pneumoniae-carbapenems,4.55840455,1.726,0.001,5.143,5.264,0.486,4.723,0.082,1.663,0.0,0.263,19.351000000000003,2946.23,61.06,112.0
SK,2020,K.pneumoniae-carbapenems,8.1632653,1.697,0.001,3.554,3.69,0.439,3.462,0.072,1.317,0.0,0.194,14.426,3089.05,19.01,112.0
SK,2021,K.pneumoniae-carbapenems,11.65048543,1.799,0.001,3.542,3.997,0.488,4.463,0.074,1.359,0.0,0.247,15.969999999999999,3423.3,60.39,112.1
SK,2022,K.pneumoniae-carbapenems,15.03957783,1.794,0.001,4.849,5.385,0.578,6.483,0.065,1.433,0.0,0.209,20.797,3083.08,65.52,111.5
SK,2023,K.pneumoniae-carbapenems,12.58064516,1.825,0.001,5.295,4.765,0.646,5.788,0.066,1.448,0.0,0.232,20.066,2879.8,45.52,111.4
SK,2024,K.pneumoniae-carbapenems,13.12335958,1.452,0.001,5.167,5.109,0.67,6.331,0.055,1.376,0.0,0.232,20.393,2701.84,123.04,111.3
UK,2005,K.pneumoniae-carbapenems,0.0,,,,,,,,,,,,,,249.1
UK,2006,K.pneumoniae-carbapenems,0.34965034,,,,,,,,,,,,,,250.9
UK,2007,K.pneumoniae-carbapenems,0.33112582,,,,,,,,,,,,,,252.9
UK,2008,K.pneumoniae-carbapenems,1.23966942,,,,,,,,,,,,,,254.9
UK,2009,K.pneumoniae-carbapenems,0.16920473,,,,,,,,,,,,,,256.8
UK,2010,K.pneumoniae-carbapenems,0.14771048,,,,,,,,,,,,,,258.8
UK,2011,K.pneumoniae-carbapenems,0.36363636,,,,,,,,,,,,,,260.9
UK,2012,K.pneumoniae-carbapenems,0.45045045,,,,,,,,,,,,,,262.7
UK,2013,K.pneumoniae-carbapenems,0.47573739,5.109,0.002,7.949,0.484,1.983,3.494,0.126,0.582,,1.127,20.855999999999998,,,264.4
UK,2014,K.pneumoniae-carbapenems,0.84190832,5.257,0.003,8.06,0.4750000000000001,1.657,3.545,0.129,0.587,0.0,1.144,20.857,,,266.4
UK,2015,K.pneumoniae-carbapenems,0.41580041,5.192,0.002,7.789,0.433,1.454,3.406,0.123,0.5690000000000001,0.0,1.2,20.168,,,268.5
UK,2016,K.pneumoniae-carbapenems,0.27040314,5.09,0.003,7.665,0.396,1.35,3.313,0.12,0.554,0.0,1.25,19.741,3003.93,0.6,270.6
UK,2017,K.pneumoniae-carbapenems,0.58778915,5.053,0.002,7.456,0.398,1.162,3.209,0.13,0.5700000000000001,0.0,1.442,19.422,2892.87,0.26,272.4
UK,2018,K.pneumoniae-carbapenems,0.69742489,4.896,0.002,7.344,0.383,0.986,2.953,0.132,0.5710000000000001,0.0,1.518,18.785,2956.3,1.21,273.8
UK,2019,K.pneumoniae-carbapenems,0.6635071,5.015,0.002,7.039,0.373,0.915,2.804,0.133,0.515,,1.473,18.269,2957.5,2.13,
AT,2000,S.aureus-MRSA,17.80104712,,,,,,,,,,,,,,97.2
AT,2001,S.aureus-MRSA,7.55395683,,,,,,,,,,,,,,97.5
AT,2002,S.aureus-MRSA,12.08791208,,,,,,,,,,,,,,98.0
AT,2003,S.aureus-MRSA,15.38461538,,,,,,,,,,,,,,98.5
AT,2004,S.aureus-MRSA,14.36619718,,,,,,,,,,,,,,99.1
AT,2005,S.aureus-MRSA,13.6548913,,,,,,,,,,,,,,99.8
AT,2006,S.aureus-MRSA,9.65180207,,,,,,,,,,,,,,100.3
AT,2007,S.aureus-MRSA,12.70791749,,,,,,,,,,,,,,100.6
AT,2008,S.aureus-MRSA,8.71172122,,,,,,,,,,,,,,100.9
AT,2009,S.aureus-MRSA,6.21046578,,,,,,,,,,,,,,101.2
AT,2010,S.aureus-MRSA,7.44622173,,,,,,,,,,,,,,101.5
AT,2011,S.aureus-MRSA,7.22278738,,,,,,,,,,,,,,101.8
AT,2012,S.aureus-MRSA,8.04066543,,,,,,,,,,,,,,102.3
AT,2013,S.aureus-MRSA,9.11602209,,,,,,,,,,,,,,102.9
AT,2014,S.aureus-MRSA,7.73293096,,,,,,,,,,,,,,103.7
AT,2015,S.aureus-MRSA,7.43267504,,,,,,,,,,,,,,104.9
AT,2016,S.aureus-MRSA,7.20602685,,,,,,,,,,,,3480.26,12.26,106.0
AT,2017,S.aureus-MRSA,5.92146928,,,,,,,,,,,,3559.94,34.86,106.8
AT,2018,S.aureus-MRSA,6.3804052,,,,,,,,,,,,3251.71,32.12,107.1
AT,2019,S.aureus-MRSA,5.20613903,,,,,,,,,,,,3334.77,39.63,107.6
AT,2020,S.aureus-MRSA,4.39676398,,,,,,,,,,,,3370.17,9.8,107.6
AT,2021,S.aureus-MRSA,3.10224754,,,,,,,,,,,,3688.56,23.21,108.1
AT,2022,S.aureus-MRSA,3.92535392,,,,,,,,,,,,3283.96,28.98,109.6
AT,2023,S.aureus-MRSA,4.48892932,,,,,,,,,,,,3208.85,36.81,110.7
AT,2024,S.aureus-MRSA,5.34665099,,,,,,,,,,,,3087.92,55.62,111.3
BE,2000,S.aureus-MRSA,20.8523592,3.518,0.039,7.426,4.372,0.596,3.788,0.091,2.52,0.0,1.891,24.241,,,338.0
BE,2001,S.aureus-MRSA,22.52922422,2.971,0.036,7.226,3.64,0.522,3.447,0.085,2.881,0.0,1.874,22.682,,,339.2
BE,2002,S.aureus-MRSA,28.29670329,2.665,0.031,7.415,3.83,0.473,3.338,0.083,2.954,0.0,1.896,22.685000000000002,,,340.7
BE,2003,S.aureus-MRSA,29.4792586,2.322,0.03,7.976,3.719,0.42,3.108,0.088,3.009,0.0,1.907,22.579,,,342.1
BE,2004,S.aureus-MRSA,33.25183374,2.077,0.025,8.07,3.539,0.385,2.427,0.084,2.718,0.0,1.959,21.284000000000002,,,343.6
BE,2005,S.aureus-MRSA,31.39312977,1.973,0.026,8.811,3.44,0.376,2.605,0.077,2.724,0.0,2.131,22.163,,,345.5
BE,2006,S.aureus-MRSA,21.91142191,0.021,0.002,0.742,0.377,0.001,0.094,0.058,0.254,0.0,0.142,1.6909999999999998,,,347.8
BE,2007,S.aureus-MRSA,23.2748538,1.973,0.024,9.88,2.722,0.001,2.723,0.058,2.512,0.0,2.339,22.232,,,350.4
BE,2008,S.aureus-MRSA,20.6401766,2.213,0.021,11.155,2.353,0.001,2.897,0.049,2.632,0.0,2.475,23.796,,,353.1
BE,2009,S.aureus-MRSA,21.07481559,2.164,0.024,11.004,2.191,0.0,3.04,0.059,2.85,0.0,2.61,23.942,,,356.0
BE,2010,S.aureus-MRSA,20.52980132,2.124,0.035,11.804,1.962,0.0,3.02,0.048,2.933,0.0,2.656,24.582,,,359.5
BE,2011,S.aureus-MRSA,17.43119266,2.11,0.033,11.963,1.889,0.0,3.274,0.044,2.973,0.0,2.746,25.031999999999996,,,364.3
BE,2012,S.aureus-MRSA,16.58163265,2.128,0.034,12.248,1.911,0.0,3.497,0.048,3.0,0.0,2.779,25.645,,,366.3
BE,2013,S.aureus-MRSA,16.87344913,2.178,0.033,10.614,1.918,0.0,3.443,0.051,2.856,0.0,2.851,23.944,,,368.0
BE,2014,S.aureus-MRSA,13.46153846,2.117,0.029,10.655,1.804,0.0,3.498,0.043,2.761,0.0,2.899,23.806,,,369.6
BE,2015,S.aureus-MRSA,12.26725082,2.052,0.028,10.848,1.827,0.0,3.742,0.04,2.781,0.0,2.872,24.19,,,371.8
BE,2016,S.aureus-MRSA,12.17008797,2.012,0.019,10.96,1.694,0.241,3.729,0.038,2.604,0.0,2.883,24.18,2723.56,23.22,373.7
BE,2017,S.aureus-MRSA,8.53739245,1.933,0.018,10.483,1.544,0.223,3.526,0.036,2.362,0.0,2.642,22.767,2620.02,15.26,373.6
BE,2018,S.aureus-MRSA,9.04899135,1.89,0.017,10.859,1.622,0.25,3.673,0.034,1.333,0.0,2.627,22.305,2544.33,34.27,375.3
BE,2019,S.aureus-MRSA,6.67808219,1.878,0.017,10.532,1.576,0.259,3.621,0.034,0.731,0.0,2.724,21.372,2570.53,37.7,377.3
BE,2020,S.aureus-MRSA,6.94158075,1.645,0.011,7.613,1.133,0.265,2.754,0.032,0.595,0.0,2.613,16.661,2382.39,48.74,377.3
BE,2021,S.aureus-MRSA,4.08921933,1.825,0.011,8.155,1.144,0.284,2.749,0.031,0.581,0.0,2.649,17.429,2782.1,4.18,378.9
BE,2022,S.aureus-MRSA,4.15549597,1.74,0.014,10.341,1.303,0.3,3.47,0.029,0.614,0.0,2.677,20.488,2400.32,24.85,383.6
BE,2023,S.aureus-MRSA,6.0,1.804,0.015,10.641,1.177,0.33,3.715,0.026,0.607,0.0,2.343,20.658,2376.92,11.07,386.8
BE,2024,S.aureus-MRSA,7.43889479,1.901,0.014,9.962,1.085,0.334,3.793,0.024,1.301,0.0,2.711,21.125,2396.73,12.26,389.1
BG,2000,S.aureus-MRSA,40.19607843,3.26,0.183,8.693,2.526,1.133,0.721,2.117,1.236,0.0,0.373,20.242,,,73.6
BG,2001,S.aureus-MRSA,27.18446601,3.637,0.148,10.968,2.503,1.306,0.605,1.549,1.603,0.0,0.346,22.665000000000003,,,72.3
BG,2002,S.aureus-MRSA,32.75862068,2.798,0.111,8.517,1.426,0.943,0.743,1.361,1.347,0.0,0.046,17.292,,,70.6
BG,2003,S.aureus-MRSA,31.21019108,3.067,0.081,6.666,1.433,1.077,1.436,1.207,0.439,0.0,0.136,15.541999999999998,,,70.0
BG,2004,S.aureus-MRSA,23.52941176,2.838,0.081,7.727,1.686,0.973,1.018,0.392,1.606,0.0,0.122,16.443,,,69.5
BG,2005,S.aureus-MRSA,30.0,2.611,0.081,5.691,2.077,0.879,1.362,0.347,2.28,0.0,0.23,15.558000000000002,,,69.0
BG,2006,S.aureus-MRSA,28.30188679,2.555,0.064,6.408,2.245,0.0,1.9,0.4130000000000001,1.916,0.0,0.042,15.543000000000001,,,68.5
BG,2007,S.aureus-MRSA,13.22314049,2.378,0.064,6.892,2.431,0.0,2.731,0.41,2.052,0.0,0.052,17.009999999999998,,,68.0
BG,2008,S.aureus-MRSA,25.0,2.194,0.057,6.928,2.761,0.0,3.308,0.391,2.189,0.0,0.067,17.895,,,67.5
BG,2009,S.aureus-MRSA,15.83710407,1.643,0.035,5.978,3.002,0.0,3.294,0.354,2.079,0.0,0.076,16.461000000000002,,,67.1
BG,2010,S.aureus-MRSA,19.0,1.731,0.04,5.669,3.101,0.0,3.279,0.328,2.086,0.0,0.065,16.299000000000003,,,67.9
BG,2011,S.aureus-MRSA,22.42990654,1.843,0.04,5.849,3.383,0.0,3.539,0.324,2.373,0.0,0.068,17.419,,,67.5
BG,2012,S.aureus-MRSA,19.82378854,1.792,0.039,5.417,3.248,0.0,3.289,0.275,2.522,0.0,0.015,16.597,,,67.1
BG,2013,S.aureus-MRSA,19.1588785,1.779,0.04,5.843,3.575,0.0,3.578,0.267,2.634,0.0,0.081,17.796999999999997,,,66.7
BG,2014,S.aureus-MRSA,20.83333333,1.816,0.04,5.698,4.172,0.0,4.068000000000001,0.287,3.011,0.0,0.017,19.109,,,66.3
BG,2015,S.aureus-MRSA,13.06306306,1.763,0.038,5.761,4.751,0.0,4.084000000000001,0.285,3.041,0.0,0.102,19.825000000000003,,,66.2
BG,2016,S.aureus-MRSA,14.28571428,1.753,0.001,4.897,4.964,0.807,3.896,0.265,3.018,0.0,0.219,19.82,2484.46,175.43,64.8
BG,2017,S.aureus-MRSA,13.65638766,1.708,0.035,5.687,5.207,0.887,4.075,0.26,3.11,0.0,0.259,21.228,2592.48,197.78,64.3
BG,2018,S.aureus-MRSA,17.57188498,1.702,0.034,5.887,5.619,0.908,4.303,0.269,3.123,0.0,0.204,22.049000000000003,2418.88,118.51,63.9
BG,2019,S.aureus-MRSA,14.81481481,1.786,0.034,5.761,5.48,0.822,4.337,0.267,3.081,0.0,0.17,21.738,2219.62,152.56,63.4
BG,2020,S.aureus-MRSA,11.81818181,2.357,0.034,5.112,5.266,0.685,6.293,0.274,3.886,0.0,0.142,24.049,2314.23,156.38,63.4
BG,2021,S.aureus-MRSA,15.16587677,2.775,0.033,5.22,6.096,0.697,5.963,0.26,4.513,0.216,0.116,25.889,2568.31,204.5,63.0
BG,2022,S.aureus-MRSA,12.01716738,2.57,0.032,6.384,6.857,0.851,6.127,0.236,3.73,0.211,0.095,27.092999999999996,2373.0,191.67,58.8
BG,2023,S.aureus-MRSA,15.86206896,2.504,0.03,6.38,7.375,0.797,5.403,0.256,3.276,0.194,0.076,26.290999999999997,2145.56,235.67,58.6
BG,2024,S.aureus-MRSA,10.9375,2.028,0.024,5.536,7.079,0.617,4.837,0.269,2.736,0.186,0.102,23.413999999999998,2174.74,334.56,58.6
CY,2003,S.aureus-MRSA,64.28571428,,,,,,,,,,,,,,77.7
CY,2004,S.aureus-MRSA,48.71794871,,,,,,,,,,,,,,78.7
CY,2005,S.aureus-MRSA,55.55555555,,,,,,,,,,,,,,79.8
CY,2006,S.aureus-MRSA,33.87096774,3.11,0.001,9.731,6.249,0.438,3.334,0.096,3.83,0.0,0.359,27.148000000000003,,,81.2
CY,2007,S.aureus-MRSA,48.23529411,2.51,0.001,10.625,7.013,0.352,3.59,0.4150000000000001,3.768,0.0,0.385,28.659,,,82.9
CY,2008,S.aureus-MRSA,45.65217391,,,,,,,,,,,,,,85.4
CY,2009,S.aureus-MRSA,40.4494382,2.874,0.001,10.758,6.447,0.456,3.985,0.096,4.102,0.0,0.442,29.160999999999998,,,87.7
CY,2010,S.aureus-MRSA,32.32323232,3.273,0.001,9.692,5.403,0.01,2.902,0.073,4.072,0.0,0.471,25.897000000000002,,,90.0
CY,2011,S.aureus-MRSA,41.59292035,1.399,0.0,5.232,3.07,0.007,1.575,0.033,1.907,0.0,0.229,13.452,,,92.3
CY,2012,S.aureus-MRSA,35.15151515,3.092,0.0,9.292,5.357,0.008,2.918,0.059,3.513,0.0,0.495,24.734,,,93.8
CY,2013,S.aureus-MRSA,32.48407643,,,,,,,,,,,,,,93.5
CY,2014,S.aureus-MRSA,36.02941176,3.296,0.0,7.804,4.461,0.004,2.457,0.057,3.211,0.0,0.5680000000000001,21.858,,,92.5
CY,2015,S.aureus-MRSA,43.35664335,3.549,0.0,8.81,5.162,0.006,3.213,0.063,4.482,0.0,0.675,25.96,,,92.0
CY,2016,S.aureus-MRSA,38.84892086,3.774,0.0,8.589,5.077,0.007,2.736,0.068,6.893,0.0,0.722,27.866000000000003,707.54,715.66,92.4
CY,2017,S.aureus-MRSA,31.2,3.444,0.0,9.168,5.705,0.285,2.843,0.072,6.099,0.0,0.765,28.381,747.94,689.02,93.3
CY,2018,S.aureus-MRSA,40.17094017,3.748,0.0,8.74,5.788,0.26,2.992,0.082,5.211,0.0,0.721,27.541999999999998,505.57,777.9,94.4
CY,2019,S.aureus-MRSA,36.20689655,3.725,0.0,9.57,6.294,0.189,3.127,0.076,5.726,0.0,0.932,29.639,729.19,738.12,95.7
CY,2020,S.aureus-MRSA,49.05660377,3.292,0.0,8.182,6.09,0.282,2.58,0.091,7.224,0.0,0.727,28.468,678.47,771.19,95.7
CY,2021,S.aureus-MRSA,42.9378531,3.808,0.0,7.233,5.052,0.2,2.714,0.085,4.600000000000001,0.0,0.843,24.535,653.54,704.32,96.8
CY,2022,S.aureus-MRSA,50.76923076,1.534,0.0,15.19,6.308,0.186,3.685,0.09,4.442,0.0,1.213,32.647999999999996,741.05,671.11,100.6
CY,2023,S.aureus-MRSA,51.09170305,,,,,,,,,,,,577.0,744.01,104.0
CY,2024,S.aureus-MRSA,45.9574468,1.49,0.0,7.086,5.398,0.196,2.548,0.065,4.603,0.0,1.045,22.431000000000004,558.83,956.92,105.8
CZ,2000,S.aureus-MRSA,4.27184466,,,,,,,,,,,,,,132.7
CZ,2001,S.aureus-MRSA,5.86046511,,,,,,,,,,,,,,132.2
CZ,2002,S.aureus-MRSA,5.90753424,,,,,,,,,,,,,,132.0
CZ,2003,S.aureus-MRSA,6.12833453,,,,,,,,,,,,,,131.9
CZ,2004,S.aureus-MRSA,8.51800554,,,,,,,,,,,,,,132.0
CZ,2005,S.aureus-MRSA,12.87830006,,,,,,,,,,,,,,132.2
CZ,2006,S.aureus-MRSA,12.31172233,,,,,,,,,,,,,,132.5
CZ,2007,S.aureus-MRSA,12.88566243,,,,,,,,,,,,,,133.3
CZ,2008,S.aureus-MRSA,14.1690962,,,,,,,,,,,,,,134.4
CZ,2009,S.aureus-MRSA,14.39528023,,,,,,,,,,,,,,135.2
CZ,2010,S.aureus-MRSA,13.49654739,,,,,,,,,,,,,,135.6
CZ,2011,S.aureus-MRSA,14.53376205,,,,,,,,,,,,,,135.9
CZ,2012,S.aureus-MRSA,13.15952824,,,,,,,,,,,,,,136.1
CZ,2013,S.aureus-MRSA,13.41534856,,,,,,,,,,,,,,136.1
CZ,2014,S.aureus-MRSA,13.15634218,,,,,,,,,,,,,,136.3
CZ,2015,S.aureus-MRSA,13.34440753,,,,,,,,,,,,,,136.6
CZ,2016,S.aureus-MRSA,13.72549019,,,,,,,,,,,,3285.11,9.9,136.8
CZ,2017,S.aureus-MRSA,14.0946502,,,,,,,,,,,,3348.9,21.52,137.2
CZ,2018,S.aureus-MRSA,13.6870263,,,,,,,,,,,,3029.83,44.26,137.7
CZ,2019,S.aureus-MRSA,12.52371916,2.0,0.002,6.018,2.543,0.896,3.598,0.087,0.686,0.0,1.092,16.921999999999997,3033.44,38.51,138.2
CZ,2020,S.aureus-MRSA,9.33460986,1.819,0.002,4.474,1.906,0.778,2.733,0.083,0.596,0.0,0.994,13.385000000000002,3112.48,5.96,138.2
CZ,2021,S.aureus-MRSA,9.43396226,1.563,0.002,4.673,2.009,0.754,2.838,0.077,0.598,0.0,1.21,13.724,3486.42,10.36,138.6
CZ,2022,S.aureus-MRSA,7.48862225,1.769,0.002,6.054,2.513,0.89,3.961,0.074,0.628,0.0,1.194,17.085,3115.35,26.34,138.2
CZ,2023,S.aureus-MRSA,9.59201388,1.689,0.002,6.975,2.972,0.899,3.857,0.073,0.514,0.0,1.286,18.267000000000003,2957.0,30.11,140.7
CZ,2024,S.aureus-MRSA,9.25684485,1.879,0.001,6.528,2.224,0.848,4.879,0.063,0.511,0.0,1.499,18.431999999999995,2812.31,42.33,141.2
DE,2000,S.aureus-MRSA,12.47191011,,,,,,,,,,,,,,230.3
DE,2001,S.aureus-MRSA,15.6557377,,,,,,,,,,,,,,230.7
DE,2002,S.aureus-MRSA,18.48030018,2.684,0.001,3.435,0.894,1.025,2.264,0.046,1.125,0.016,0.288,11.778,,,231.0
DE,2003,S.aureus-MRSA,18.28073993,3.483,0.001,3.509,1.206,0.962,2.301,0.044,1.054,0.025,0.323,12.908,,,231.2
DE,2004,S.aureus-MRSA,19.52983725,3.184,0.001,3.103,1.256,0.932,2.123,0.038,1.151,0.015,0.326,12.129000000000001,,,231.1
DE,2005,S.aureus-MRSA,21.42857142,,,,,,,,,,,,,,230.9
DE,2006,S.aureus-MRSA,19.97487437,,,,,,,,,,,,,,230.7
DE,2007,S.aureus-MRSA,16.2954279,,,,,,,,,,,,,,230.4
DE,2008,S.aureus-MRSA,19.37557392,,,,,,,,,,,,,,229.9
DE,2009,S.aureus-MRSA,18.35543766,,,,,,,,,,,,,,229.3
DE,2010,S.aureus-MRSA,20.95959595,,,,,,,,,,,,,,229.0
DE,2011,S.aureus-MRSA,16.1641541,,,,,,,,,,,,,,224.8
DE,2012,S.aureus-MRSA,15.37261022,,,,,,,,,,,,,,225.2
DE,2013,S.aureus-MRSA,13.23529411,,,,,,,,,,,,,,225.8
DE,2014,S.aureus-MRSA,12.90527654,,,,,,,,,,,,,,226.5
DE,2015,S.aureus-MRSA,11.53386454,,,,,,,,,,,,,,228.4
DE,2016,S.aureus-MRSA,10.16622744,,,,,,,,,,,,3018.69,15.74,233.1
DE,2017,S.aureus-MRSA,9.07221206,,,,,,,,,,,,2975.2,9.01,234.0
DE,2018,S.aureus-MRSA,7.65229065,,,,,,,,,,,,2784.88,51.94,234.7
DE,2019,S.aureus-MRSA,6.68619246,,,,,,,,,,,,2812.97,45.54,235.2
DE,2020,S.aureus-MRSA,5.54515838,,,,,,,,,,,,2754.54,25.29,235.2
DE,2021,S.aureus-MRSA,4.86199037,,,,,,,,,,,,3128.38,11.33,235.4
DE,2022,S.aureus-MRSA,3.98454862,,,,,,,,,,,,2748.46,33.23,235.4
DE,2023,S.aureus-MRSA,4.40782914,1.594,0.0,5.251,2.774,0.493,2.024,0.022,0.584,0.0,0.639,13.380999999999998,2675.87,19.14,235.8
DE,2024,S.aureus-MRSA,4.24080043,1.602,0.001,5.863,2.469,0.5720000000000001,2.149,0.021,0.53,0.0,0.64,13.847000000000001,2583.4,19.02,236.4
DK,2000,S.aureus-MRSA,0.19960079,1.0,0.001,8.019,0.196,0.8250000000000002,2.145,0.065,0.213,0.0,0.853,13.316999999999998,,,123.9
DK,2001,S.aureus-MRSA,0.76923076,1.001,0.001,8.46,0.21,0.8320000000000001,2.203,0.055,0.24,0.0,0.817,13.819,,,124.3
DK,2002,S.aureus-MRSA,0.93085106,1.048,0.0,8.757,0.227,0.843,2.258,0.065,0.264,0.0,0.855,14.317,,,124.7
DK,2003,S.aureus-MRSA,0.59612518,1.083,0.0,8.947000000000001,0.229,0.851,2.232,0.06,0.342,0.0,0.85,14.594,,,125.1
DK,2004,S.aureus-MRSA,1.25348189,1.182,0.0,9.265,0.246,0.862,2.33,0.067,0.399,0.0,0.838,15.189000000000002,,,125.4
DK,2005,S.aureus-MRSA,1.55555555,1.285,0.0,9.512,0.275,0.884,2.428,0.065,0.464,0.0,0.85,15.763,,,125.7
DK,2006,S.aureus-MRSA,1.72009382,1.388,0.0,9.867,0.304,0.908,2.412,0.057,0.528,0.0,0.872,16.336000000000002,,,126.2
DK,2007,S.aureus-MRSA,0.8365019,1.485,0.0,10.44,0.353,0.833,2.545,0.046,0.627,0.0,0.622,16.951,,,126.7
DK,2008,S.aureus-MRSA,2.54826254,,,,,,,,,,,,,,127.5
DK,2009,S.aureus-MRSA,2.07885304,1.646,0.0,10.089,0.38,0.772,2.347,0.036,0.729,0.0,0.66,16.659000000000002,,,128.2
DK,2010,S.aureus-MRSA,1.3215859,1.722,0.0,10.432,0.374,0.785,2.471,0.021,0.713,0.0,0.945,17.463,,,128.7
DK,2011,S.aureus-MRSA,1.30853994,1.761,0.0,10.881,0.372,0.754,2.745,0.038,0.759,0.0,0.932,18.241999999999997,,,129.7
DK,2012,S.aureus-MRSA,1.32774283,1.8,0.0,10.332,0.323,0.762,2.344,0.045,0.741,0.0,0.923,17.270000000000003,,,130.4
DK,2013,S.aureus-MRSA,1.72106824,1.993,0.0,10.729,0.386,0.766,1.925,0.054,0.7020000000000002,0.0,0.901,17.456,,,130.8
DK,2014,S.aureus-MRSA,2.45464247,1.694,0.0,10.704,0.421,0.775,1.938,0.041,0.678,0.0,0.809,17.06,,,131.5
DK,2015,S.aureus-MRSA,1.54584221,1.644,0.0,10.873,0.324,0.745,1.941,0.041,0.662,0.0,0.864,17.094,,,132.4
DK,2016,S.aureus-MRSA,1.98675496,1.651,0.0,10.788,0.294,0.8320000000000001,1.907,0.053,0.626,0.0,0.86,17.011,3152.32,0.31,136.4
DK,2017,S.aureus-MRSA,2.50501002,1.466,0.0,10.518,0.33,0.8240000000000002,1.749,0.06,0.584,0.0,0.715,16.246000000000002,3127.81,0.0,137.3
DK,2018,S.aureus-MRSA,1.65061898,1.443,0.0,10.228,0.285,0.79,1.607,0.054,0.547,0.0,0.606,15.56,3058.42,13.8,138.0
DK,2019,S.aureus-MRSA,2.20994475,1.538,0.0,9.926,0.263,0.712,1.577,0.061,0.493,0.0,0.734,15.304,3033.01,2.05,138.5
DK,2020,S.aureus-MRSA,1.71548117,1.739,0.0,9.054,0.241,0.673,1.314,0.046,0.438,0.0,0.759,14.264000000000001,2924.58,0.67,138.5
DK,2021,S.aureus-MRSA,1.80746561,1.693,0.0,9.291,0.231,0.656,1.267,0.051,0.417,0.0,0.807,14.413,3266.04,0.69,138.9
DK,2022,S.aureus-MRSA,1.85089974,1.751,0.0,9.911,0.232,0.63,1.32,0.048,0.442,0.0,0.822,15.155999999999999,3020.27,3.21,140.6
DK,2023,S.aureus-MRSA,1.4973262,1.797,0.0,10.844,0.213,0.648,1.479,0.05,0.425,0.0,0.721,16.177,3032.98,0.04,141.6
DK,2024,S.aureus-MRSA,1.87180941,1.887,0.0,10.256,0.207,0.588,1.784,0.055,0.401,0.0,0.867,16.045,2890.62,0.06,142.4
EE,2001,S.aureus-MRSA,5.06329113,2.892,0.0,5.49,0.682,1.393,1.454,0.306,0.8230000000000002,0.0,1.331,14.370999999999999,,,32.0
EE,2002,S.aureus-MRSA,1.21951219,2.83,0.0,3.97,0.813,1.139,1.285,0.277,0.712,0.0,1.389,12.415,,,31.8
EE,2003,S.aureus-MRSA,4.08163265,2.893,0.0,3.808,0.842,0.914,1.204,0.252,0.793,0.0,1.339,12.045,,,31.6
EE,2004,S.aureus-MRSA,4.8076923,2.564,0.0,3.555,0.966,0.92,1.572,0.319,0.93,0.0,0.589,11.415000000000001,,,31.4
EE,2005,S.aureus-MRSA,2.12765957,2.521,0.0,3.786,1.06,0.991,1.879,0.205,1.011,0.0,1.377,12.83,,,31.2
EE,2006,S.aureus-MRSA,3.24675324,2.397,0.0,3.629,1.151,0.029,2.002,0.085,1.044,0.0,0.644,10.981,,,31.0
EE,2007,S.aureus-MRSA,8.25242718,2.4,0.0,3.858,1.223,0.029,2.453,0.13,1.067,0.0,0.5680000000000001,11.728,,,30.9
EE,2008,S.aureus-MRSA,4.32432432,2.271,0.0,3.777,1.314,0.023,2.451,0.116,1.201,0.0,0.613,11.766,,,30.8
EE,2009,S.aureus-MRSA,3.28638497,2.173,0.0,3.406,1.246,0.023,2.21,0.074,1.021,0.0,0.5640000000000001,10.717,,,30.7
EE,2010,S.aureus-MRSA,0.68965517,1.985,0.0,3.35,1.356,0.021,2.356,0.131,0.996,0.0,0.546,10.741,,,30.7
EE,2011,S.aureus-MRSA,1.72413793,2.176,0.0,3.591,1.501,0.022,2.678,0.064,1.044,0.0,0.58,11.656,,,30.6
EE,2012,S.aureus-MRSA,7.69230769,1.888,0.0,3.548,1.53,0.028,2.682,0.07,1.15,0.0,0.609,11.505,,,30.5
EE,2013,S.aureus-MRSA,3.52941176,1.691,0.0,3.543,1.641,0.03,2.642,0.06,1.085,0.0,0.622,11.314,,,30.3
EE,2014,S.aureus-MRSA,3.13901345,1.52,0.0,3.625,1.703,0.031,2.582,0.073,1.087,0.0,0.63,11.251000000000001,,,30.3
EE,2015,S.aureus-MRSA,3.97350993,1.497,0.0,3.742,1.782,0.03,2.604,0.044,1.078,0.0,0.647,11.424000000000001,,,30.3
EE,2016,S.aureus-MRSA,3.50318471,1.603,0.0,3.857,1.706,0.45,2.406,0.033,0.99,0.0,0.663,11.708000000000002,4215.88,1.53,30.3
EE,2017,S.aureus-MRSA,2.06896551,1.32,0.0,3.982,1.733,0.463,2.424,0.042,0.987,0.0,0.644,11.595,4218.11,0.0,30.3
EE,2018,S.aureus-MRSA,3.34261838,1.278,0.0,4.278,1.687,0.485,2.489,0.032,0.861,0.0,0.667,11.777,4070.6,25.77,30.4
EE,2019,S.aureus-MRSA,3.00546448,1.385,0.0,4.288,1.694,0.454,2.49,0.025,0.775,0.0,0.669,11.780000000000001,3890.15,1.32,30.5
EE,2020,S.aureus-MRSA,2.9972752,1.39,0.0,3.757,1.535,0.339,1.97,0.025,0.883,0.0,0.5630000000000001,10.462,3563.54,1.61,30.5
EE,2021,S.aureus-MRSA,1.50753768,1.332,0.0,3.74,1.393,0.367,1.861,0.022,0.704,0.0,0.652,10.071,4289.96,37.65,30.6
EE,2022,S.aureus-MRSA,2.21130221,1.547,0.0,4.881,1.672,0.425,2.435,0.024,0.719,0.0,0.69,12.392999999999999,4124.88,15.65,31.3
EE,2023,S.aureus-MRSA,2.06422018,1.642,0.0,5.013,1.588,0.536,2.618,0.019,0.7020000000000002,0.0,0.593,12.711,3992.11,7.02,31.8
EE,2024,S.aureus-MRSA,3.39366515,1.589,0.0,5.155,1.425,0.494,2.865,0.019,0.636,0.0,0.7030000000000002,12.886,3674.01,1.62,31.8
EL,2000,S.aureus-MRSA,49.72677595,2.851,0.003,7.758,7.286,0.744,7.084,0.319,1.912,0.022,0.4150000000000001,28.394,,,82.6
EL,2001,S.aureus-MRSA,39.88919667,2.828,0.004,7.508,7.252,0.638,7.146,0.263,2.286,0.021,0.464,28.409999999999997,,,83.0
EL,2002,S.aureus-MRSA,44.02173913,2.752,0.002,7.325,7.401,0.596,8.067,0.278,2.621,0.017,0.488,29.546999999999997,,,83.3
EL,2003,S.aureus-MRSA,45.19519519,2.589,0.002,7.609,6.865,0.658,9.637,0.293,2.008,0.012,0.4780000000000001,30.151000000000003,,,83.5
EL,2004,S.aureus-MRSA,44.33497536,2.646,0.002,7.162,7.144,0.683,9.771,0.281,1.83,0.003,0.289,29.811000000000003,,,83.7
EL,2005,S.aureus-MRSA,41.99706314,2.563,0.002,7.667,7.86,0.693,10.081,0.277,1.843,0.0,0.158,31.144000000000002,,,84.0
EL,2006,S.aureus-MRSA,42.6150121,2.521,0.002,9.627,7.748,0.0,10.463,3.329,2.121,0.0,0.6,36.411,,,84.2
EL,2007,S.aureus-MRSA,48.01488833,2.456,0.002,8.991,8.917,0.0,12.009,2.512,2.929,0.0,0.669,38.485,,,84.5
EL,2008,S.aureus-MRSA,40.62863795,2.417,0.0,10.172,9.501,0.0,11.601,2.606,2.973,0.0,0.709,39.979000000000006,,,84.7
EL,2009,S.aureus-MRSA,40.36144578,2.052,0.001,10.283,9.303,0.0,11.85,0.253,2.855,0.0,0.637,37.234,,,84.9
EL,2010,S.aureus-MRSA,39.21568627,2.346,0.001,8.738,9.006,0.0,9.006,0.311,2.85,0.0,2.999,35.257000000000005,,,85.0
EL,2011,S.aureus-MRSA,39.15816326,2.486,0.001,8.686,8.293000000000001,0.0,9.746,0.166,2.843,0.0,0.837,33.05800000000001,,,84.1
EL,2012,S.aureus-MRSA,40.98173515,1.963,0.001,8.957,7.101,0.003,7.989,0.132,2.579,0.0,0.819,29.543999999999997,,,83.6
EL,2013,S.aureus-MRSA,40.29062087,1.875,0.0,8.965,7.939,0.346,7.416,0.124,2.239,0.0,0.946,29.85,,,83.0
EL,2014,S.aureus-MRSA,37.05035971,2.427,0.001,8.548,7.817,0.365,8.092,0.137,2.783,0.0,0.966,31.136000000000003,,,82.5
EL,2015,S.aureus-MRSA,39.37908496,2.639,0.001,10.374,8.069,0.432,7.712,0.119,2.909,0.0,1.041,33.296,,,82.7
EL,2016,S.aureus-MRSA,38.81064162,2.761,0.001,11.733,7.987,0.397,6.251,0.139,2.834,0.0,1.156,33.259,1543.43,330.5,82.4
EL,2017,S.aureus-MRSA,38.44282238,2.864,0.001,11.607,8.251,0.343,7.153,0.138,2.818,0.0,1.242,34.416999999999994,1687.31,335.59,82.2
EL,2018,S.aureus-MRSA,36.37387387,3.022,0.001,11.455,8.48,0.321,6.547,0.144,3.178,0.0,1.228,34.376000000000005,1449.59,288.92,82.5
EL,2019,S.aureus-MRSA,37.64705882,3.124,0.001,11.353,8.181000000000001,0.3490000000000001,6.797,0.143,3.266,0.0,1.165,34.379,1529.79,346.48,82.4
EL,2020,S.aureus-MRSA,40.17857142,3.075,0.001,9.079,6.365,0.465,5.309,0.127,2.827,0.0,1.149,28.397,1562.82,322.09,82.4
EL,2021,S.aureus-MRSA,41.85248713,3.051,0.001,7.872,5.014,0.347,3.75,0.129,2.393,0.0,1.267,23.823999999999998,1607.97,401.36,82.3
EL,2022,S.aureus-MRSA,38.99782135,2.986,0.001,10.137,7.458,0.354,7.303,0.084,3.337,0.0,1.223,32.883,1610.97,348.44,80.3
EL,2023,S.aureus-MRSA,41.23434704,1.953,0.001,9.232,6.664,0.173,6.072,0.083,3.437,0.0,0.947,28.561999999999998,1449.03,366.5,80.0
EL,2024,S.aureus-MRSA,40.5377456,2.019,0.001,10.057,7.114,0.322,5.883,0.12,3.527,0.0,0.984,30.027,1382.8,538.38,79.8
ES,2000,S.aureus-MRSA,29.40490081,,,,,,,,,,,,,,80.2
ES,2001,S.aureus-MRSA,24.44678609,,,,,,,,,,,,,,80.7
ES,2002,S.aureus-MRSA,23.32775919,,,,,,,,,,,,,,81.9
ES,2003,S.aureus-MRSA,24.01150251,,,,,,,,,,,,,,83.4
ES,2004,S.aureus-MRSA,26.27785058,,,,,,,,,,,,,,84.8
ES,2005,S.aureus-MRSA,27.07554225,,,,,,,,,,,,,,86.3
ES,2006,S.aureus-MRSA,25.21915037,,,,,,,,,,,,,,87.7
ES,2007,S.aureus-MRSA,25.45676004,,,,,,,,,,,,,,90.1
ES,2008,S.aureus-MRSA,26.69322709,,,,,,,,,,,,,,91.6
ES,2009,S.aureus-MRSA,25.94752186,,,,,,,,,,,,,,92.4
ES,2010,S.aureus-MRSA,25.32729103,,,,,,,,,,,,,,92.8
ES,2011,S.aureus-MRSA,22.46153846,,,,,,,,,,,,,,93.2
ES,2012,S.aureus-MRSA,24.2759347,,,,,,,,,,,,,,93.2
ES,2013,S.aureus-MRSA,22.56612267,,,,,,,,,,,,,,92.9
ES,2014,S.aureus-MRSA,21.66666666,,,,,,,,,,,,,,92.5
ES,2015,S.aureus-MRSA,25.2920264,,,,,,,,,,,,,,92.5
ES,2016,S.aureus-MRSA,25.80976863,1.494,0.0,15.427,2.67,0.292,3.315,0.087,3.241,0.0,0.676,27.202,1783.41,286.22,92.5
ES,2017,S.aureus-MRSA,25.21551724,1.486,0.0,14.844,2.676,0.463,3.211,0.081,3.119,0.0,0.65,26.53,1658.76,311.27,92.7
ES,2018,S.aureus-MRSA,24.67266775,1.49,0.0,14.392,2.751,0.471,3.178,0.082,2.966,0.0,0.665,25.994999999999997,1862.64,240.11,93.1
ES,2019,S.aureus-MRSA,23.31243083,1.515,0.0,13.737,2.76,0.459,2.95,0.077,2.527,0.184,0.691,24.9,1736.29,248.58,93.8
ES,2020,S.aureus-MRSA,23.08690012,1.483,0.0,10.379,2.329,0.45,2.222,0.078,1.974,0.163,0.675,19.753,1623.19,277.58,93.8
ES,2021,S.aureus-MRSA,27.37341772,1.683,0.0,10.382,2.384,0.483,2.187,0.078,1.894,0.151,0.725,19.967000000000002,1730.2,235.66,94.2
ES,2022,S.aureus-MRSA,25.70632709,1.533,0.0,12.255,2.77,0.512,3.004,0.072,2.163,0.133,0.782,23.223999999999997,1537.27,383.27,95.1
ES,2023,S.aureus-MRSA,25.88446036,1.491,0.0,12.967,2.904,0.544,2.987,0.064,2.223,0.118,0.81,24.107999999999997,1543.89,337.49,96.2
ES,2024,S.aureus-MRSA,23.68647717,1.597,0.0,12.686,2.858,0.58,3.323,0.056,2.153,0.124,0.818,24.195,1496.82,304.19,97.2
FI,2000,S.aureus-MRSA,1.36239782,4.903,0.0,5.116000000000001,3.058,2.266,2.291,0.035,1.206,0.0,2.999,21.874,,,17.0
FI,2001,S.aureus-MRSA,0.8250825,4.849,0.0,5.423,3.138,2.196,2.481,0.035,1.45,0.0,2.911,22.483,,,17.0
FI,2002,S.aureus-MRSA,0.83217753,4.126,0.0,4.54,3.134,2.058,2.367,0.035,1.534,0.0,2.921,20.715,,,17.1
FI,2003,S.aureus-MRSA,1.37551581,4.12,0.0,5.088,3.128,1.993,2.637,0.029,1.272,0.0,2.849,21.116000000000003,,,17.1
FI,2004,S.aureus-MRSA,3.06122448,3.748,0.0,4.63,2.975,1.992,2.129,0.031,1.248,0.0,2.887,19.64,,,17.2
FI,2005,S.aureus-MRSA,2.9113924,4.194,0.0,5.06,3.108,1.878,2.056,0.03,1.241,0.0,2.849,20.416,,,17.2
FI,2006,S.aureus-MRSA,3.25112107,3.966,0.0,4.905,3.165,1.79,1.818,0.025,1.24,0.0,2.814,19.723000000000003,,,17.3
FI,2007,S.aureus-MRSA,1.59705159,4.172,0.0,5.275,3.274,1.754,1.829,0.022,1.277,0.0,2.644,20.247,,,17.4
FI,2008,S.aureus-MRSA,2.92524377,4.243,0.0,5.287,3.283,1.199,1.601,0.017,1.173,0.0,2.69,19.493000000000002,,,17.5
FI,2009,S.aureus-MRSA,2.45398773,4.25,0.0,5.285,3.284,1.199,1.626,0.017,1.246,0.0,2.69,19.597,,,17.6
FI,2010,S.aureus-MRSA,2.28519195,4.305,0.0,5.551,3.222,1.149,1.615,0.017,1.216,0.0,2.655,19.73,,,17.6
FI,2011,S.aureus-MRSA,3.63912054,4.978,0.0,5.533,3.335,1.191,1.979,0.017,1.286,0.0,2.662,20.980999999999998,,,17.7
FI,2012,S.aureus-MRSA,2.27111426,4.917,0.0,5.417,3.211,1.077,1.707,0.016,1.189,0.0,2.634,20.168,,,17.8
FI,2013,S.aureus-MRSA,2.08860759,4.537,0.0,5.366000000000001,3.19,1.014,1.42,0.009,1.132,0.0,2.436,19.104,,,17.9
FI,2014,S.aureus-MRSA,3.00382304,4.333,0.0,5.494,3.144,0.964,1.301,0.006,1.109,0.0,2.303,18.654,,,18.0
FI,2015,S.aureus-MRSA,2.07729468,4.125,0.0,5.387,2.991,0.91,1.175,0.016,0.988,0.0,2.086,17.678,,,18.0
FI,2016,S.aureus-MRSA,2.32804232,3.91,0.0,5.302,3.015,1.196,1.048,0.017,0.994,0.0,1.934,17.416,5343.23,0.0,18.1
FI,2017,S.aureus-MRSA,2.09102091,3.452,0.0,4.942,2.779,1.105,0.873,0.015,0.888,0.0,1.653,15.707,5525.81,0.0,18.1
FI,2018,S.aureus-MRSA,2.09026128,3.21,0.0,4.954,2.903,1.064,0.837,0.017,0.821,0.0,1.643,15.449000000000002,5365.18,8.84,18.1
FI,2019,S.aureus-MRSA,2.26445612,3.161,0.0,4.927,2.632,1.159,0.755,0.017,0.62,0.0,1.388,14.658999999999999,5500.24,0.9,18.2
FI,2020,S.aureus-MRSA,2.60511882,2.492,0.0,3.617,2.28,1.032,0.555,0.016,0.549,0.0,1.354,11.895,4887.41,0.42,18.1
FI,2021,S.aureus-MRSA,2.60008254,2.312,0.0,3.497,2.195,1.021,0.495,0.013,0.488,0.0,1.269,11.29,5636.13,7.84,18.2
FI,2022,S.aureus-MRSA,2.27460711,2.579,0.0,4.344,2.222,0.984,0.58,0.011,0.524,0.0,1.233,12.477000000000002,5289.78,2.4,18.3
FI,2023,S.aureus-MRSA,2.85306704,2.66,0.0,4.765,2.129,1.025,0.635,0.011,0.527,0.0,1.184,12.936,5448.45,1.49,18.4
FI,2024,S.aureus-MRSA,3.70531822,3.318,0.0,4.841,1.992,0.9480000000000002,0.776,0.009,0.487,0.0,1.236,13.607000000000001,5151.26,0.44,18.5
FR,2001,S.aureus-MRSA,33.3722287,3.119,0.5660000000000001,12.541,4.463,0.616,6.244,0.407,2.467,0.02,0.5650000000000001,31.008000000000003,,,96.7
FR,2002,S.aureus-MRSA,32.95249549,3.635,0.002,12.754,3.99,0.528,5.449,0.15,2.403,0.0,1.508,30.419,,,97.4
FR,2003,S.aureus-MRSA,28.8056206,3.543,0.002,10.79,3.559,0.494,4.984,0.121,2.381,0.0,1.001,26.875,,,98.1
FR,2004,S.aureus-MRSA,28.59276964,3.645,0.001,9.774,3.293,0.511,4.46,0.127,2.408,0.0,0.927,25.146,,,98.8
FR,2005,S.aureus-MRSA,27.24662647,3.638,0.001,10.766,3.488,0.52,4.681,0.13,2.514,0.036,0.722,26.496000000000002,,,99.6
FR,2006,S.aureus-MRSA,26.7417496,3.496,0.001,10.752,3.014,0.508,4.059,0.129,2.515,0.029,0.655,25.157999999999998,,,100.2
FR,2007,S.aureus-MRSA,25.78823529,3.364,0.004,10.976,3.198,0.527,4.232,0.129,2.602,0.023,0.647,25.702,,,100.9
FR,2008,S.aureus-MRSA,24.49725776,3.465,0.001,10.895,2.77,0.515,4.278,0.125,2.396,0.012,0.669,25.126,,,101.4
FR,2009,S.aureus-MRSA,22.75423728,3.415,0.003,11.752,3.183,0.465,4.274,0.124,2.311,0.0,0.688,26.215,,,101.9
FR,2010,S.aureus-MRSA,21.58880428,3.187,0.001,11.454,2.973,0.459,3.861,0.107,2.291,0.0,0.7010000000000002,25.034,,,102.4
FR,2011,S.aureus-MRSA,20.12298558,3.115,0.001,11.994,2.82,0.422,3.963,0.103,2.036,0.0,0.644,25.098,,,102.9
FR,2012,S.aureus-MRSA,19.18515684,3.31,0.001,12.599,2.676,0.486,3.81,0.091,2.182,0.0,0.583,25.738,,,103.4
FR,2013,S.aureus-MRSA,17.0686798,3.374,0.001,13.275,2.548,0.32,3.604,0.089,2.09,0.013,0.584,25.898000000000003,,,103.9
FR,2014,S.aureus-MRSA,17.3778264,3.244,0.001,13.031,2.368,0.522,3.125,0.093,1.99,0.007,0.537,24.918000000000003,,,104.6
FR,2015,S.aureus-MRSA,15.71815718,3.28,0.001,13.546,2.441,0.449,3.343,0.092,1.826,0.0,0.589,25.566999999999997,,,105.1
FR,2016,S.aureus-MRSA,13.76837576,3.261,0.001,14.174,2.269,0.451,3.085,0.089,1.731,0.0,0.582,25.643,2424.12,48.87,105.3
FR,2017,S.aureus-MRSA,12.9171817,3.03,0.001,13.843,1.918,0.484,3.159,0.081,1.56,0.0,0.627,24.702999999999996,2362.84,67.3,105.6
FR,2018,S.aureus-MRSA,12.11067651,3.174,0.001,14.168,1.727,0.461,3.001,0.072,1.528,0.632,0.587,25.351,2209.97,65.0,105.9
FR,2019,S.aureus-MRSA,11.62826658,3.243,0.001,14.186,1.608,0.479,2.938,0.069,1.378,0.589,0.599,25.09,2274.73,86.97,106.1
FR,2020,S.aureus-MRSA,12.0691257,2.962,0.001,10.803,1.199,0.51,2.493,0.06,1.246,0.537,0.528,20.339,2064.45,75.76,106.3
FR,2021,S.aureus-MRSA,11.00034674,3.156,0.001,11.776,1.225,0.554,2.49,0.055,1.164,0.534,0.591,21.546,2439.61,30.18,106.6
FR,2022,S.aureus-MRSA,10.43470079,2.799,0.001,13.887,1.419,0.5740000000000001,3.233,0.051,1.311,0.437,0.599,24.311000000000003,2058.81,115.48,107.6
FR,2024,S.aureus-MRSA,9.90878938,3.171,0.001,16.013,1.3,0.491,3.413,0.045,1.128,0.321,0.637,26.520000000000007,2102.8,61.64,108.5
HR,2001,S.aureus-MRSA,31.54362416,1.526,0.001,7.415,3.753,1.831,2.065,0.172,1.533,0.0,0.051,18.346999999999998,,,76.1
HR,2002,S.aureus-MRSA,36.91756272,1.986,0.001,9.698,4.352,2.047,2.095,0.196,1.769,0.0,0.085,22.229,,,76.1
HR,2003,S.aureus-MRSA,36.94444444,2.095,0.001,10.04,4.658,1.918,2.323,0.139,1.783,0.0,0.117,23.074,,,76.1
HR,2004,S.aureus-MRSA,37.5,2.042,0.0,9.285,4.037,1.768,2.422,0.118,1.66,0.0,0.609,21.941000000000003,,,76.1
HR,2005,S.aureus-MRSA,36.72316384,2.154,0.001,9.214,4.244,1.693,2.998,0.122,1.768,0.0,0.693,22.887000000000004,,,76.2
HR,2006,S.aureus-MRSA,36.31713554,1.88,0.0,8.115,3.918,1.479,2.931,0.12,1.779,0.0,0.748,20.970000000000002,,,76.2
HR,2007,S.aureus-MRSA,37.6,1.933,0.001,8.32,4.202,0.001,3.601,0.109,1.624,0.0,0.586,20.377,,,76.2
HR,2008,S.aureus-MRSA,35.23206751,1.889,0.0,8.307,4.545,0.002,3.543,0.123,1.673,0.0,0.771,20.853,,,76.2
HR,2010,S.aureus-MRSA,26.05042016,1.196,0.001,7.063,3.941,0.003,3.17,0.144,1.525,0.0,0.815,17.858,,,75.9
HR,2011,S.aureus-MRSA,27.71084337,1.448,0.001,7.153,3.474,0.002,3.022,0.109,1.513,0.0,0.707,17.429,,,75.7
HR,2012,S.aureus-MRSA,21.33995037,1.248,0.001,8.23,4.069,0.001,3.132,0.113,1.681,0.0,0.816,19.291,,,75.4
HR,2013,S.aureus-MRSA,24.03846153,1.238,0.001,8.22,3.471,0.0,2.948,0.101,1.662,0.0,0.843,18.483999999999998,,,75.2
HR,2014,S.aureus-MRSA,21.28099173,1.165,0.001,8.397,3.331,0.0,3.045,0.137,1.696,0.0,0.939,18.711,,,74.9
HR,2015,S.aureus-MRSA,24.4855967,1.183,0.001,8.546,3.283,0.001,3.249,0.102,1.705,0.0,0.995,19.065,,,74.4
HR,2016,S.aureus-MRSA,25.32751091,1.06,0.001,8.329,2.994,0.633,2.862,0.098,1.701,0.0,1.045,18.723,2295.64,111.19,74.6
HR,2017,S.aureus-MRSA,28.46153846,1.032,0.001,8.279,3.021,0.591,2.904,0.096,1.731,0.0,0.922,18.577,2354.95,202.95,73.9
HR,2018,S.aureus-MRSA,26.41921397,1.013,0.001,8.307,3.053,0.535,2.994,0.101,1.723,0.0,1.078,18.805,2166.74,145.94,73.2
HR,2019,S.aureus-MRSA,24.86033519,0.965,0.001,8.388,3.11,0.53,2.971,0.091,1.601,0.0,1.135,18.792,2106.64,186.64,72.8
HR,2020,S.aureus-MRSA,29.24528301,0.82,0.0,6.552,2.593,0.47,2.628,0.072,1.417,0.0,1.108,15.66,2170.86,124.56,72.8
HR,2021,S.aureus-MRSA,34.83333333,1.005,0.0,7.337,2.961,0.513,3.259,0.088,1.678,0.0,1.314,18.155,2399.07,190.55,72.4
HR,2022,S.aureus-MRSA,31.09656301,0.964,0.0,8.296,3.328,0.524,3.809,0.091,1.744,0.0,1.406,20.162,2146.64,202.43,69.0
HR,2023,S.aureus-MRSA,30.0546448,1.052,0.0,8.763,3.556,0.559,3.914,0.114,1.761,0.0,1.5,21.218999999999998,1984.3,176.62,69.0
HR,2024,S.aureus-MRSA,29.81260647,1.089,0.0,9.297,3.509,0.5730000000000001,4.103,0.097,1.7,0.0,1.595,21.963,1942.27,312.07,69.2
HU,2001,S.aureus-MRSA,4.65116279,2.274,0.001,6.856,2.593,1.234,3.272,0.05,1.281,0.0,0.032,17.593,,,109.5
HU,2002,S.aureus-MRSA,8.95883777,2.007,0.001,6.167,2.435,1.052,2.93,0.057,1.578,0.0,0.047,16.274,,,109.2
HU,2003,S.aureus-MRSA,14.91841491,2.006,0.0,7.159,2.537,1.293,3.3,0.048,1.749,0.0,0.057,18.148999999999997,,,108.9
HU,2004,S.aureus-MRSA,16.66666666,1.836,0.0,6.517,2.457,1.134,3.314,0.05,1.862,0.0,0.062,17.232000000000003,,,108.6
HU,2005,S.aureus-MRSA,19.85226223,1.802,0.0,6.626,2.574,1.041,4.083,0.055,2.157,0.0,0.069,18.407,,,108.4
HU,2006,S.aureus-MRSA,25.11091393,1.502,0.0,5.519,2.349,0.864,3.619,0.054,2.051,0.0,0.339,16.297,,,108.3
HU,2007,S.aureus-MRSA,23.26939115,1.458,0.0,5.305,1.872,0.767,3.022,0.045,1.729,0.0,0.328,14.526,,,108.1
HU,2008,S.aureus-MRSA,22.52328535,1.456,0.0,4.605,2.109,0.728,3.206,0.045,2.003,0.0,0.34,14.492,,,107.9
HU,2009,S.aureus-MRSA,29.02621722,1.383,0.0,5.294,2.233,0.688,3.14,0.043,2.045,0.0,0.182,15.008000000000001,,,107.7
HU,2010,S.aureus-MRSA,30.22875816,1.416,0.0,4.989,2.205,0.641,3.164,0.043,2.239,0.0,0.14,14.837,,,107.5
HU,2011,S.aureus-MRSA,26.21107266,1.312,0.0,5.184,2.179,0.588,3.16,0.042,2.168,0.0,0.248,14.880999999999998,,,107.2
HU,2012,S.aureus-MRSA,24.84689413,1.213,0.0,4.913,2.058,0.562,2.854,0.043,2.184,0.0,0.28,14.107000000000001,,,106.6
HU,2013,S.aureus-MRSA,24.0,1.215,0.0,4.967000000000001,2.12,0.5650000000000001,2.932,0.042,2.323,0.0,0.312,14.476,,,106.4
HU,2014,S.aureus-MRSA,23.06489444,1.216,0.0,4.964,2.196,0.538,3.257,0.042,2.644,0.0,0.34,15.197,,,108.1
HU,2015,S.aureus-MRSA,24.65392221,1.248,0.0,5.082,2.316,0.548,3.44,0.041,2.932,0.0,0.272,15.879,,,107.9
HU,2016,S.aureus-MRSA,25.17985611,1.14,0.0,4.7,2.397,0.52,2.942,0.04,2.598,0.0,0.148,14.485,2715.27,62.86,107.6
HU,2017,S.aureus-MRSA,23.62707535,1.106,0.0,4.825,2.472,0.48,2.938,0.04,2.624,0.0,0.167,14.652000000000001,2752.31,141.1,107.3
HU,2018,S.aureus-MRSA,23.12608948,1.15,0.0,4.933,2.514,0.4750000000000001,2.972,0.026,2.516,0.0,0.352,14.937999999999999,2476.88,123.08,107.1
HU,2019,S.aureus-MRSA,19.37367303,1.242,0.0,4.923,2.462,0.48,2.938,0.03,2.086,0.0,0.379,14.539999999999997,2389.46,147.71,107.1
HU,2020,S.aureus-MRSA,20.95175148,1.235,0.0,3.421,1.819,0.416,2.45,0.037,1.56,0.0,0.403,11.341000000000001,2553.61,69.64,107.1
HU,2021,S.aureus-MRSA,19.28783382,1.3,0.0,3.537,1.729,0.408,3.083,0.031,1.55,0.0,0.41,12.048,2808.93,165.31,106.9
HU,2022,S.aureus-MRSA,20.89768339,1.176,0.0,4.683,1.931,0.463,3.931,0.028,1.788,0.0,0.513,14.513,2556.51,162.1,105.3
HU,2023,S.aureus-MRSA,20.6607495,1.132,0.0,4.768,2.142,0.454,3.465,0.036,1.643,0.0,0.5760000000000001,14.216000000000001,2330.28,120.4,105.1
HU,2024,S.aureus-MRSA,17.28675136,1.031,0.0,4.844,2.208,0.425,3.299,0.036,1.361,0.0,0.5710000000000001,13.775,2292.36,271.54,104.8
IE,2000,S.aureus-MRSA,37.96477495,,,,,,,,,,,,,,55.6
IE,2001,S.aureus-MRSA,42.61275272,,,,,,,,,,,,,,56.5
IE,2002,S.aureus-MRSA,42.48496993,,,,,,,,,,,,,,57.5
IE,2003,S.aureus-MRSA,42.23826714,,,,,,,,,,,,,,58.4
IE,2004,S.aureus-MRSA,41.44634525,3.852,0.001,7.443,1.968,0.86,2.985,0.039,0.803,0.0,0.305,18.256,,,59.5
IE,2005,S.aureus-MRSA,41.76470588,3.278,0.001,7.734,1.874,0.935,3.234,0.037,0.909,0.0,0.378,18.380000000000003,,,60.8
IE,2006,S.aureus-MRSA,42.31625835,3.386,0.001,8.412,2.029,0.988,3.845,0.078,1.138,0.0,0.253,20.130000000000003,,,62.5
IE,2007,S.aureus-MRSA,38.06306306,3.332,0.001,8.823,2.043,0.722,4.288,0.043,1.161,0.0,0.21,20.623,,,64.3
IE,2008,S.aureus-MRSA,33.09178743,3.209,0.001,8.898,1.685,1.04,4.347,0.123,1.195,0.0,0.239,20.737,,,65.6
IE,2009,S.aureus-MRSA,26.80412371,2.757,0.001,8.322000000000001,1.437,1.169,3.987,0.115,1.039,0.0,0.204,19.031,,,66.3
IE,2010,S.aureus-MRSA,23.86081193,2.617,0.001,8.52,1.356,0.876,3.923,0.071,1.027,0.0,0.239,18.63,,,66.7
IE,2011,S.aureus-MRSA,23.74645222,2.807,0.001,9.599,1.351,0.912,4.445,0.067,1.046,0.0,0.231,20.459000000000003,,,67.0
IE,2012,S.aureus-MRSA,22.63969171,2.952,0.001,9.763,1.384,0.909,4.428,0.068,0.986,0.0,0.215,20.706,,,67.3
IE,2013,S.aureus-MRSA,19.9251637,2.986,0.001,10.15,1.517,0.707,4.655,0.071,0.98,0.0,0.248,21.315,,,67.6
IE,2014,S.aureus-MRSA,19.44186046,2.748,0.001,10.25,1.274,0.728,4.424,0.062,0.94,0.0,0.241,20.668,,,67.8
IE,2015,S.aureus-MRSA,18.07000946,2.611,0.001,12.139,1.34,0.906,4.468,0.088,1.033,0.0,0.225,22.811,,,68.5
IE,2016,S.aureus-MRSA,14.34820647,2.579,0.001,11.035,1.34,1.152,4.648,0.089,0.976,0.0,0.222,22.042,2763.23,0.0,69.3
IE,2017,S.aureus-MRSA,16.31578947,2.825,0.001,10.272,1.264,0.899,4.41,0.101,0.902,0.0,0.214,20.887999999999998,2687.76,0.0,70.0
IE,2018,S.aureus-MRSA,12.37373737,2.647,0.001,10.505,1.331,1.079,4.255,0.1,0.859,0.0,1.547,22.324,2772.27,0.0,70.9
IE,2019,S.aureus-MRSA,12.56544502,3.012,0.001,10.831,1.367,1.061,4.056,0.105,0.622,0.0,1.58,22.634999999999998,2725.23,0.0,71.9
IE,2020,S.aureus-MRSA,11.62109375,2.993,0.001,7.959,1.152,1.102,3.082,0.078,0.473,0.0,1.556,18.396,2762.76,0.0,71.9
IE,2021,S.aureus-MRSA,10.63478977,2.97,0.001,7.842,1.146,1.007,2.626,0.071,0.422,0.0,1.511,17.596,2663.39,0.16,72.6
IE,2022,S.aureus-MRSA,10.44142614,3.802,0.001,10.976,1.521,0.934,3.466,0.071,0.44,0.0,1.51,22.721000000000004,2566.8,0.02,75.9
IE,2023,S.aureus-MRSA,9.66183574,3.995,0.001,11.375,0.769,0.9530000000000002,3.296,0.071,0.431,0.0,1.537,22.427999999999997,2417.79,0.01,77.4
IE,2024,S.aureus-MRSA,11.03773584,4.265,0.001,11.33,1.116,0.886,3.505,0.077,0.395,0.0,1.397,22.971999999999998,2617.79,0.0,78.6
IS,2000,S.aureus-MRSA,2.5,4.746,0.0,10.48,0.5670000000000001,2.207,1.571,0.04,0.626,0.0,0.29,20.527,,,2.8
IS,2001,S.aureus-MRSA,0.0,4.631,0.0,10.122,0.526,2.131,1.525,0.038,0.711,0.0,0.319,20.002999999999997,,,2.8
IS,2002,S.aureus-MRSA,0.0,4.814,0.0,10.694,0.539,1.966,1.546,0.037,0.715,0.0,0.336,20.647,,,2.9
IS,2003,S.aureus-MRSA,0.0,4.762,0.0,9.68,0.496,1.924,0.821,0.041,0.713,0.0,0.306,18.743,,,2.9
IS,2004,S.aureus-MRSA,0.0,5.184,0.0,8.995000000000001,0.434,1.909,1.678,0.039,0.645,0.0,0.506,19.39,,,2.9
IS,2005,S.aureus-MRSA,0.0,5.46,0.0,9.633,0.51,1.968,1.827,0.049,0.786,0.0,0.663,20.895999999999997,,,3.0
IS,2006,S.aureus-MRSA,0.0,,,,,,,,,,,,,,3.0
IS,2007,S.aureus-MRSA,0.0,,,,,,,,,,,,,,3.1
IS,2008,S.aureus-MRSA,1.58730158,,,,,,,,,,,,,,3.2
IS,2009,S.aureus-MRSA,0.0,,,,,,,,,,,,,,3.2
IS,2010,S.aureus-MRSA,1.53846153,5.054,0.0,9.6,0.612,0.42,1.559,0.0,1.016,0.0,1.032,19.293,,,3.2
IS,2011,S.aureus-MRSA,2.8169014,4.891,0.0,9.654,0.625,0.503,1.577,0.018,1.054,0.0,1.042,19.364,,,3.2
IS,2012,S.aureus-MRSA,1.72413793,4.78,0.0,9.606,0.689,0.486,1.66,0.024,1.012,0.0,0.928,19.185,,,3.2
IS,2013,S.aureus-MRSA,0.0,4.667,0.0,9.226,0.765,0.453,1.71,0.022,1.124,0.0,1.119,19.086000000000002,,,3.2
IS,2014,S.aureus-MRSA,3.27868852,,,,,,,,,,,,,,3.3
IS,2015,S.aureus-MRSA,0.0,,,,,,,,,,,,,,3.3
IS,2016,S.aureus-MRSA,1.31578947,,,,,,,,,,,,,,3.3
IS,2017,S.aureus-MRSA,1.44927536,5.219,0.0,9.773,0.891,0.535,1.841,0.026,0.913,0.0,1.519,20.717,,,3.4
IS,2018,S.aureus-MRSA,0.0,5.225000000000001,0.0,9.747,0.862,0.5680000000000001,1.792,0.027,0.907,0.0,1.257,20.385,,,3.5
IS,2019,S.aureus-MRSA,5.78512396,5.346,0.0,9.085,0.799,0.5730000000000001,1.567,0.026,0.616,0.0,1.283,19.295,,,3.6
IS,2020,S.aureus-MRSA,5.17241379,4.841,0.0,7.432,0.754,0.536,1.293,0.032,0.532,0.0,1.069,16.489,,,3.6
IS,2021,S.aureus-MRSA,1.05263157,4.437,0.0,7.95,0.8290000000000002,0.5630000000000001,1.193,0.022,0.496,0.0,1.265,16.755000000000003,,,3.6
IS,2022,S.aureus-MRSA,2.77777777,4.648,0.0,9.13,1.038,0.553,1.39,0.021,0.505,0.0,1.321,18.606,,,3.8
IS,2023,S.aureus-MRSA,6.20155038,4.133,0.0,9.131,1.238,0.582,1.479,0.029,0.471,0.0,1.47,18.532999999999998,,,3.8
IS,2024,S.aureus-MRSA,5.59440559,4.834000000000001,0.0,9.384,1.054,0.635,1.814,0.029,0.449,0.0,1.644,19.843,,,3.8
IT,2000,S.aureus-MRSA,44.25531914,,,,,,,,,,,,,,193.0
IT,2001,S.aureus-MRSA,41.00119189,,,,,,,,,,,,,,193.1
IT,2002,S.aureus-MRSA,38.19806403,,,,,,,,,,,,,,193.3
IT,2003,S.aureus-MRSA,39.38566552,,,,,,,,,,,,,,194.2
IT,2004,S.aureus-MRSA,39.78671041,,,,,,,,,,,,,,195.5
IT,2005,S.aureus-MRSA,37.10691823,0.473,0.066,8.952,3.135,0.595,4.997,0.058,3.331,0.0,0.646,22.253,,,196.4
IT,2006,S.aureus-MRSA,38.49637681,,,,,,,,,,,,,,197.0
IT,2007,S.aureus-MRSA,33.71104815,0.512,0.073,10.523,2.946,0.553,5.028,0.081,3.781,0.0,0.807,24.304,,,198.0
IT,2008,S.aureus-MRSA,33.65591397,0.557,0.047,10.817,3.118,0.002,5.482,0.121,3.909,0.0,0.934,24.987000000000002,,,199.3
IT,2009,S.aureus-MRSA,37.42331288,,,,,,,,,,,,,,200.2
IT,2010,S.aureus-MRSA,36.5232163,0.5630000000000001,0.059,10.423,2.917,0.003,5.281,0.087,3.924,0.0,0.92,24.177,,,200.9
IT,2011,S.aureus-MRSA,38.22363203,0.538,0.064,11.015,2.891,0.002,5.113,0.067,3.894,0.0,1.108,24.692000000000004,,,201.2
IT,2012,S.aureus-MRSA,35.20782396,0.558,0.061,10.911,2.781,0.001,4.883,0.079,3.914,0.0,1.027,24.215000000000003,,,201.8
IT,2013,S.aureus-MRSA,35.83959899,0.579,0.065,11.386,2.896,0.0,4.987,0.075,3.976,0.0,0.834,24.798,,,199.4
IT,2014,S.aureus-MRSA,33.55201499,0.608,0.064,11.086,2.748,0.0,4.86,0.072,3.806,0.0,0.849,24.093,,,206.0
IT,2015,S.aureus-MRSA,34.1,0.5760000000000001,0.059,11.005,2.69,0.0,4.803,0.286,3.804,0.0,0.856,24.079,,,205.8
IT,2016,S.aureus-MRSA,33.57933579,0.591,0.054,10.921,2.559,0.4140000000000001,4.518,0.487,3.627,0.0,0.851,24.022,1868.47,183.68,205.4
IT,2017,S.aureus-MRSA,33.89028125,0.51,0.052,9.36,2.331,0.781,3.936,0.069,3.073,0.0,0.799,20.910999999999998,1991.03,284.26,203.3
IT,2018,S.aureus-MRSA,33.98281495,0.55,0.053,9.477,2.501,0.851,4.051,0.068,3.013,0.0,0.845,21.409,1848.86,220.66,202.9
IT,2019,S.aureus-MRSA,34.31463691,0.593,0.056,9.81,2.729,1.018,4.261,0.058,2.245,0.0,0.922,21.692000000000004,1931.26,276.73,201.5
IT,2020,S.aureus-MRSA,33.54389819,0.624,0.042,7.836,2.132,1.05,3.879,0.057,1.874,0.0,0.927,18.421,1863.17,223.82,200.6
IT,2021,S.aureus-MRSA,30.54778746,0.685,0.026,7.571,2.006,1.033,3.416,0.054,1.771,0.0,0.97,17.532,2024.69,273.46,199.6
IT,2022,S.aureus-MRSA,29.94378424,0.673,0.021,9.51,2.6,1.077,4.917,0.049,1.974,0.0,1.035,21.855999999999998,1821.07,358.04,198.1
IT,2023,S.aureus-MRSA,26.57455228,0.7000000000000002,0.015,10.831,2.955,1.214,4.338,0.051,1.932,0.0,1.046,23.081999999999997,1758.88,287.11,198.1
IT,2024,S.aureus-MRSA,25.69594469,0.713,0.012,10.495,2.8,1.23,4.277,0.047,1.783,0.0,1.004,22.361,1678.29,365.17,198.0
LI,2022,S.aureus-MRSA,,,,,,,,,,,,,,,250.0
LI,2023,S.aureus-MRSA,,,,,,,,,,,,,,,252.2
LI,2024,S.aureus-MRSA,,,,,,,,,,,,,,,256.0
LT,2006,S.aureus-MRSA,11.9760479,1.721,0.049,14.505,0.87,0.011,1.107,1.551,0.834,0.0,1.444,22.092,,,52.2
LT,2007,S.aureus-MRSA,8.75,2.47,0.001,9.512,1.805,0.011,1.922,0.36,1.457,0.0,2.188,19.726,,,51.6
LT,2008,S.aureus-MRSA,10.7913669,2.366,0.0,8.921,3.203,0.009,2.044,0.382,1.553,0.0,2.521,20.999,,,51.0
LT,2009,S.aureus-MRSA,11.02362204,2.002,0.0,6.805,1.263,0.006,1.927,0.243,1.222,0.0,2.733,16.201,,,50.5
LT,2010,S.aureus-MRSA,14.11764705,1.681,0.0,6.377,1.089,0.009,1.667,0.15,1.085,0.0,1.984,14.041999999999998,,,49.4
LT,2011,S.aureus-MRSA,5.39568345,1.646,0.0,6.914,1.321,0.008,1.91,0.147,1.191,0.0,1.972,15.109,,,48.3
LT,2012,S.aureus-MRSA,8.66873065,1.599,0.0,6.823,1.489,0.009,1.943,0.193,1.37,0.0,1.499,14.925000000000002,,,47.7
LT,2013,S.aureus-MRSA,10.11235955,1.612,0.0,7.91,1.835,0.009,2.45,0.139,1.128,0.0,1.56,16.643,,,47.2
LT,2014,S.aureus-MRSA,7.31070496,1.444,0.0,6.718,1.723,0.011,1.966,0.102,1.084,0.0,1.625,14.673000000000002,,,46.8
LT,2015,S.aureus-MRSA,9.04255319,1.389,0.0,7.166,1.885,0.011,1.981,0.106,1.191,0.0,1.633,15.361999999999998,,,46.4
LT,2016,S.aureus-MRSA,11.5308151,1.511,0.0,7.204,1.973,0.01,2.039,0.085,1.155,0.0,1.679,15.655999999999999,3833.02,7.59,45.8
LT,2017,S.aureus-MRSA,8.75486381,1.454,0.0,7.4,2.071,0.671,2.152,0.075,1.108,0.0,1.423,16.354,3764.21,4.59,45.2
LT,2018,S.aureus-MRSA,8.39363241,1.39,0.0,7.182,2.106,0.706,2.184,0.065,1.065,0.0,1.434,16.132,3692.16,24.68,44.7
LT,2019,S.aureus-MRSA,9.29878048,1.474,0.0,6.949,2.178,0.834,2.187,0.065,1.018,0.0,1.594,16.299,3394.26,11.47,44.6
LT,2020,S.aureus-MRSA,9.80113636,1.539,0.0,5.536,1.992,0.662,1.776,0.049,0.925,0.0,1.719,14.198,3310.44,1.14,44.6
LT,2021,S.aureus-MRSA,8.98123324,1.4,0.0,6.129,1.93,0.778,1.55,0.049,0.779,0.0,1.473,14.088000000000001,4022.5,48.74,44.6
LT,2022,S.aureus-MRSA,9.42028985,1.622,0.0,8.51,2.391,0.958,2.341,0.06,0.858,0.0,1.756,18.496000000000002,3778.37,18.95,45.2
LT,2023,S.aureus-MRSA,8.6100861,1.864,0.0,7.377,2.772,1.078,2.925,0.058,0.945,0.0,1.702,18.720999999999997,3467.03,16.43,45.8
LT,2024,S.aureus-MRSA,10.01076426,1.849,0.0,8.532,2.179,0.336,4.064,0.052,0.868,0.0,1.609,19.489000000000004,3232.22,10.13,46.1
LU,2000,S.aureus-MRSA,17.91044776,2.937,0.001,7.39,6.06,0.5640000000000001,5.12,0.096,2.475,0.081,1.463,26.187,,,168.7
LU,2001,S.aureus-MRSA,20.0,2.762,0.001,7.779,5.823,0.531,5.044,0.092,2.815,0.097,1.365,26.309,,,170.7
LU,2002,S.aureus-MRSA,14.7368421,2.633,0.001,8.312,5.819,0.491,4.565,0.101,2.695,0.027,1.564,26.208000000000002,,,172.5
LU,2003,S.aureus-MRSA,21.05263157,2.429,0.001,9.154,6.123,0.463,4.535,0.094,3.022,0.002,1.243,27.066,,,174.6
LU,2004,S.aureus-MRSA,15.625,2.303,0.001,7.902,5.44,0.41,2.908,0.086,2.719,0.002,1.59,23.360999999999997,,,177.1
LU,2005,S.aureus-MRSA,13.25301204,2.237,0.001,8.51,5.799,0.396,3.211,0.097,2.92,0.001,1.42,24.592,,,179.9
LU,2006,S.aureus-MRSA,19.48051948,2.019,0.001,8.365,4.952,0.366,3.53,0.09,2.829,0.0,1.051,23.203,,,182.8
LU,2007,S.aureus-MRSA,20.0,2.115,0.001,9.15,5.186,0.377,3.954,0.091,3.067,0.0,1.175,25.116000000000003,,,185.6
LU,2008,S.aureus-MRSA,9.4017094,2.175,0.001,9.191,4.924,0.384,3.962,0.084,3.025,0.0,1.217,24.963,,,189.0
LU,2009,S.aureus-MRSA,13.27433628,2.093,0.001,9.685,5.002,0.4,4.044,0.072,3.074,0.0,1.325,25.696,,,192.5
LU,2010,S.aureus-MRSA,16.54135338,1.977,0.001,9.631,4.694,0.38,3.887,0.072,3.114,0.0,1.337,25.093,,,196.0
LU,2011,S.aureus-MRSA,20.47244094,1.996,0.001,9.634,4.442,0.369,4.056,0.063,3.094,0.0,1.522,25.177,,,200.4
LU,2012,S.aureus-MRSA,16.03053435,1.887,0.002,9.802,4.256,0.354,4.175,0.071,3.009,0.0,1.426,24.981999999999996,,,205.3
LU,2013,S.aureus-MRSA,8.88888888,1.863,0.002,9.815,4.41,0.393,4.107,0.058,2.878,0.0,1.437,24.963,,,210.1
LU,2014,S.aureus-MRSA,12.0,1.734,0.001,9.19,3.925,0.335,3.813,0.079,2.778,0.0,1.391,23.245999999999995,,,215.1
LU,2015,S.aureus-MRSA,8.88888888,1.699,0.002,9.565,3.99,0.304,3.791,0.057,2.678,0.0,1.377,23.462999999999997,,,220.3
LU,2016,S.aureus-MRSA,9.62566844,1.786,0.001,8.931000000000001,3.911,0.297,3.993,0.057,2.618,0.0,1.349,22.943,3050.44,11.09,225.1
LU,2017,S.aureus-MRSA,9.5,1.102,0.054,7.369,2.863,0.596,5.648,0.061,2.961,0.0,1.902,22.556,3010.9,11.11,230.6
LU,2018,S.aureus-MRSA,7.73480662,2.086,0.004,9.015,3.288,0.307,3.577,0.046,2.211,0.0,1.552,22.086,2818.52,31.41,235.1
LU,2019,S.aureus-MRSA,6.22009569,2.055,0.005,8.806000000000001,3.187,0.333,3.421,0.044,1.716,0.0,1.572,21.139,2959.01,34.97,239.8
LU,2020,S.aureus-MRSA,3.07692307,1.606,0.004,6.477,2.156,0.347,2.603,0.022,1.387,0.0,1.51,16.112000000000002,2761.9,39.88,239.8
LU,2021,S.aureus-MRSA,5.52763819,1.589,0.004,6.456,2.01,0.3500000000000001,2.504,0.023,1.379,0.0,1.58,15.895000000000001,3178.78,1.45,243.8
LU,2022,S.aureus-MRSA,4.68085106,1.447,0.001,8.372,2.382,0.366,3.362,0.031,1.477,0.0,1.617,19.055000000000003,2775.63,16.53,252.6
LU,2023,S.aureus-MRSA,5.78947368,1.671,0.001,9.181,2.379,0.419,3.609,0.042,1.462,0.0,1.468,20.232,2746.25,2.55,257.7
LU,2024,S.aureus-MRSA,5.12820512,1.696,0.001,9.535,2.371,0.442,4.385,0.031,1.465,0.0,1.644,21.57,2778.44,9.48,261.8
LV,2004,S.aureus-MRSA,25.28735632,2.816,0.15,6.06,0.992,1.35,1.158,0.514,1.135,0.0,0.883,15.058,,,36.3
LV,2005,S.aureus-MRSA,19.84126984,2.831,0.004,5.644,1.16,1.103,1.196,0.241,1.563,0.0,0.736,14.478,,,35.9
LV,2006,S.aureus-MRSA,18.60465116,2.751,0.0,4.743,1.709,0.002,1.133,0.419,1.375,0.0,0.659,12.791,,,35.6
LV,2007,S.aureus-MRSA,7.69230769,2.945,0.0,5.037,1.939,0.004,1.446,0.45,1.397,0.0,0.68,13.898,,,35.3
LV,2008,S.aureus-MRSA,12.19512195,2.366,0.0,4.203,1.635,0.932,1.088,0.428,1.348,0.0,0.481,12.481,,,35.0
LV,2009,S.aureus-MRSA,8.60215053,2.265,0.0,3.948,1.179,1.199,0.999,0.318,1.198,0.0,0.392,11.498,,,34.4
LV,2010,S.aureus-MRSA,13.72549019,2.477,0.0,4.209000000000001,1.757,0.003,1.262,0.325,1.244,0.0,0.3500000000000001,11.627,,,33.7
LV,2011,S.aureus-MRSA,9.89583333,1.571,0.001,2.405,0.525,0.003,0.836,0.072,0.775,0.0,0.402,6.59,,,33.1
LV,2012,S.aureus-MRSA,9.00473933,2.699,0.001,4.564,1.113,0.005,1.679,0.117,1.332,0.0,0.751,12.260999999999997,,,32.7
LV,2013,S.aureus-MRSA,6.97674418,2.474,0.001,4.79,1.181,0.006,1.884,0.105,1.371,0.0,0.8,12.612,,,32.4
LV,2014,S.aureus-MRSA,8.18181818,2.319,0.001,4.471,1.145,0.009,1.765,0.094,1.351,0.0,0.889,12.043999999999999,,,32.0
LV,2015,S.aureus-MRSA,5.57768924,2.288,0.001,4.78,1.186,0.007,1.993,0.091,1.32,0.0,0.935,12.600999999999999,,,31.8
LV,2016,S.aureus-MRSA,4.22535211,2.283,0.001,4.686,1.21,0.884,1.944,0.082,1.308,0.0,0.96,13.358,4011.73,5.12,31.0
LV,2017,S.aureus-MRSA,5.71428571,2.282,0.001,5.066,1.303,0.897,2.117,0.08,1.272,0.0,0.923,13.941,4009.3,0.86,30.7
LV,2018,S.aureus-MRSA,5.71428571,2.223,0.0,5.011,1.223,0.8300000000000002,2.288,0.074,1.227,0.0,0.91,13.786000000000001,3870.56,24.16,30.4
LV,2019,S.aureus-MRSA,7.8384798,2.338,0.001,5.068000000000001,1.272,0.842,2.277,0.065,1.07,0.0,0.96,13.893000000000004,3633.98,3.22,30.2
LV,2020,S.aureus-MRSA,9.34844192,2.428,0.001,4.0,1.093,0.559,1.83,0.061,0.926,0.0,1.001,11.899,3413.39,1.52,30.2
LV,2021,S.aureus-MRSA,5.25164113,2.773,0.001,3.797,0.992,0.455,1.742,0.044,0.814,0.0,1.028,11.646,4151.13,41.45,30.0
LV,2022,S.aureus-MRSA,7.21247563,2.745,0.001,5.517,1.228,0.682,2.413,0.044,0.939,0.0,1.322,14.890999999999998,4022.19,13.13,29.7
LV,2023,S.aureus-MRSA,5.38793103,2.715,0.001,5.386,1.314,0.617,2.342,0.04,0.886,0.0,1.474,14.775,3765.14,8.49,30.2
LV,2024,S.aureus-MRSA,6.9327731,2.613,0.001,5.437,1.373,0.591,3.031,0.042,0.833,0.0,1.488,15.408999999999999,3445.66,3.16,30.0
MT,2000,S.aureus-MRSA,35.52631578,,,,,,,,,,,,,,1208.4
MT,2001,S.aureus-MRSA,53.65853658,,,,,,,,,,,,,,1245.4
MT,2002,S.aureus-MRSA,42.52873563,,,,,,,,,,,,,,1254.7
MT,2003,S.aureus-MRSA,42.97520661,,,,,,,,,,,,,,1263.0
MT,2004,S.aureus-MRSA,56.38297872,,,,,,,,,,,,,,1271.5
MT,2005,S.aureus-MRSA,55.84415584,,,,,,,,,,,,,,1279.6
MT,2006,S.aureus-MRSA,66.66666666,,,,,,,,,,,,,,1284.3
MT,2007,S.aureus-MRSA,52.38095238,0.958,0.001,6.197,3.275,0.208,3.403,0.055,1.821,0.0,0.288,16.206,,,1288.8
MT,2008,S.aureus-MRSA,51.85185185,1.144,0.001,6.403,5.241000000000001,0.214,3.955,0.057,1.925,0.0,0.268,19.208000000000002,,,1295.5
MT,2009,S.aureus-MRSA,58.82352941,1.135,0.001,6.407,5.836,0.203,4.117,0.046,1.811,0.0,0.295,19.851000000000003,,,1305.3
MT,2010,S.aureus-MRSA,48.14814814,1.12,0.001,7.009,5.41,0.309,3.436,0.079,2.021,0.12,0.399,19.904000000000003,,,1311.7
MT,2011,S.aureus-MRSA,49.23076923,1.108,0.001,7.276,6.023,0.32,3.889,0.097,2.059,0.291,0.544,21.608,,,1317.3
MT,2012,S.aureus-MRSA,47.52475247,1.748,0.001,6.388,5.514,0.232,3.91,0.064,2.217,0.291,0.455,20.82,,,1329.2
MT,2013,S.aureus-MRSA,53.7735849,1.077,0.001,6.9,5.76,0.222,4.178,0.086,3.166,0.311,0.534,22.235,,,1348.0
MT,2014,S.aureus-MRSA,43.58974358,1.333,0.001,7.096,4.808,0.318,4.016,0.107,3.421,0.66,0.648,22.408,,,1375.2
MT,2015,S.aureus-MRSA,49.42528735,0.918,0.001,6.637,4.350000000000001,0.342,4.36,0.113,3.119,0.25,1.209,21.299000000000003,,,1408.4
MT,2016,S.aureus-MRSA,37.11340206,2.08,0.001,6.99,3.802,0.32,4.233,0.088,2.678,0.273,0.48,20.945,341.35,592.37,1450.2
MT,2017,S.aureus-MRSA,42.10526315,1.776,0.001,8.67,3.405,0.454,4.794,0.081,2.486,0.291,0.665,22.622999999999998,569.46,661.06,1495.2
MT,2018,S.aureus-MRSA,36.36363636,1.618,0.001,6.949,2.944,0.368,4.63,0.081,2.603,0.282,0.784,20.26,386.91,613.66,1548.3
MT,2019,S.aureus-MRSA,24.0,1.861,0.001,7.527,3.12,0.448,4.491,0.098,2.124,0.249,0.815,20.734,540.06,744.94,1595.1
MT,2020,S.aureus-MRSA,19.56521739,2.234,0.001,6.029,2.251,0.352,2.685,0.055,1.637,0.176,1.129,16.549,418.24,657.53,1610.4
MT,2021,S.aureus-MRSA,20.38834951,2.19,0.001,6.198,1.653,0.49,2.547,0.066,1.47,0.183,0.994,15.792000000000002,482.13,778.79,1646.4
MT,2022,S.aureus-MRSA,18.96551724,2.453,0.001,9.681,2.954,0.48,5.115,0.049,1.907,0.174,1.189,24.003,557.81,828.76,1696.8
MT,2023,S.aureus-MRSA,14.54545454,2.615,0.001,9.201,2.993,0.367,4.776,0.069,1.724,0.028,1.139,22.913,414.17,731.92,1766.0
MT,2024,S.aureus-MRSA,15.23809523,2.572,0.001,9.765,2.427,0.345,5.84,0.049,1.682,0.161,1.031,23.873,306.21,791.57,1817.4
NL,2000,S.aureus-MRSA,0.26954177,2.492,0.001,3.029,0.151,0.745,1.215,0.028,0.895,0.0,0.774,9.330000000000002,,,470.2
NL,2001,S.aureus-MRSA,0.5658852,2.409,0.001,3.026,0.137,0.726,1.307,0.029,0.885,0.0,0.803,9.323,,,473.7
NL,2002,S.aureus-MRSA,0.94466936,2.349,0.001,3.099,0.147,0.712,1.347,0.039,0.872,0.0,0.822,9.388,,,476.7
NL,2003,S.aureus-MRSA,1.027146,,,,,,,,,,,,,,480.3
NL,2004,S.aureus-MRSA,1.12275449,,,,,,,,,,,,,,481.9
NL,2005,S.aureus-MRSA,0.92395167,,,,,,,,,,,,,,483.1
NL,2006,S.aureus-MRSA,1.10091743,,,,,,,,,,,,,,483.8
NL,2007,S.aureus-MRSA,1.4295439,,,,,,,,,,,,,,485.3
NL,2008,S.aureus-MRSA,1.67286245,,,,,,,,,,,,,,487.2
NL,2009,S.aureus-MRSA,1.25603864,,,,,,,,,,,,,,489.7
NL,2010,S.aureus-MRSA,1.43949617,2.684,0.001,3.538,0.197,0.591,1.523,0.092,0.988,0.002,1.333,10.949000000000002,,,492.2
NL,2011,S.aureus-MRSA,1.625239,2.629,0.001,3.568,0.199,0.5750000000000001,1.566,0.086,0.947,0.0,1.416,10.987,,,494.5
NL,2012,S.aureus-MRSA,1.27360562,2.517,0.0,3.584,0.21,0.553,1.573,0.08,0.923,0.0,1.502,10.942,,,496.9
NL,2013,S.aureus-MRSA,1.50324564,2.349,0.001,3.499,0.217,0.495,1.451,0.08,0.868,0.0,1.498,10.458,,,498.4
NL,2014,S.aureus-MRSA,0.93328724,2.258,0.001,3.399,0.227,0.463,1.415,0.074,0.893,0.0,1.54,10.27,,,500.9
NL,2015,S.aureus-MRSA,1.55234657,2.276,0.001,3.456,0.237,0.452,1.452,0.074,0.871,0.0,1.542,10.360999999999999,,,503.1
NL,2016,S.aureus-MRSA,1.18382111,2.12,0.0,3.42,0.235,0.45,1.433,0.065,0.841,0.0,1.541,10.105,2676.94,13.97,498.1
NL,2017,S.aureus-MRSA,1.57635467,2.006,0.001,3.238,0.244,0.45,1.438,0.056,0.82,0.0,1.528,9.781,2537.97,5.75,501.1
NL,2018,S.aureus-MRSA,1.20583286,1.961,0.0,3.17,0.256,0.458,1.502,0.055,0.813,0.0,1.521,9.736,2530.56,30.89,504.0
NL,2019,S.aureus-MRSA,1.49022042,1.85,0.0,3.125,0.26,0.482,1.502,0.05,0.742,0.0,1.468,9.479,2515.46,39.82,507.3
NL,2020,S.aureus-MRSA,1.48800485,1.561,0.0,2.664,0.257,0.479,1.412,0.044,0.705,0.0,1.413,8.535,2387.24,40.42,507.3
NL,2021,S.aureus-MRSA,1.51655834,1.436,0.001,2.651,0.261,0.4780000000000001,1.353,0.044,0.7000000000000002,0.0,1.412,8.336,2723.7,4.38,510.2
NL,2022,S.aureus-MRSA,1.88417844,1.563,0.0,3.141,0.259,0.49,1.45,0.041,0.733,0.0,1.399,9.076,2396.93,18.74,517.8
NL,2023,S.aureus-MRSA,1.76517785,1.749,0.0,3.339,0.267,0.514,1.522,0.041,0.752,0.0,1.389,9.573,2319.9,10.68,526.0
NL,2024,S.aureus-MRSA,2.02219482,1.867,0.0,3.327,0.301,0.525,1.642,0.044,0.741,0.0,1.374,9.821,2275.73,6.73,529.5
NO,2000,S.aureus-MRSA,0.0,,,,,,,,,,,,,,14.7
NO,2001,S.aureus-MRSA,0.486618,3.108,0.003,6.869,0.523,1.158,1.796,0.054,0.388,0.0,2.512,16.411,,,14.7
NO,2002,S.aureus-MRSA,0.19920318,3.119,0.003,6.876,0.552,1.151,1.974,0.059,0.433,0.0,2.559,16.726000000000003,,,14.8
NO,2003,S.aureus-MRSA,0.39682539,3.02,0.003,6.927,0.544,1.079,1.912,0.061,0.468,0.0,2.615,16.628999999999998,,,14.9
NO,2004,S.aureus-MRSA,0.77669902,2.957,0.002,6.878,0.516,1.089,1.881,0.059,0.511,0.0,2.813,16.706,,,15.1
NO,2005,S.aureus-MRSA,0.5444646,3.1,0.002,7.272,0.472,1.054,2.117,0.066,0.556,0.0,3.036,17.675,,,15.2
NO,2006,S.aureus-MRSA,0.13623978,2.813,0.001,6.678,0.482,0.862,2.079,0.07,0.533,0.0,2.467,15.985000000000001,,,15.3
NO,2007,S.aureus-MRSA,0.12658227,2.912,0.001,6.966,0.485,0.843,2.145,0.068,0.5740000000000001,0.0,2.639,16.633,,,15.5
NO,2008,S.aureus-MRSA,0.59808612,2.866,0.002,7.189,0.47,0.834,1.988,0.072,0.609,0.0,2.852,16.881999999999998,,,15.6
NO,2009,S.aureus-MRSA,0.33076074,2.764,0.001,6.906,0.444,0.779,1.76,0.068,0.602,0.0,2.982,16.305999999999997,,,15.8
NO,2010,S.aureus-MRSA,0.66857688,2.829,0.001,7.045,0.436,0.742,1.863,0.07,0.633,0.0,3.188,16.807,,,16.0
NO,2011,S.aureus-MRSA,0.32706459,3.156,0.001,7.133,0.43,0.734,2.078,0.071,0.644,0.0,3.288,17.534999999999997,,,16.2
NO,2012,S.aureus-MRSA,1.25874125,3.512,0.001,7.079,0.42,0.719,2.075,0.074,0.637,0.0,3.416,17.933,,,16.5
NO,2013,S.aureus-MRSA,0.67888662,3.306,0.001,6.803,0.407,0.714,1.771,0.07,0.608,0.0,3.509,17.189,,,16.7
NO,2014,S.aureus-MRSA,1.03626943,3.187,0.001,6.751,0.376,0.735,1.536,0.072,0.5700000000000001,0.0,3.682,16.91,,,16.9
NO,2015,S.aureus-MRSA,1.10116999,3.151,0.001,6.758,0.354,0.728,1.378,0.074,0.514,0.0,3.837,16.794999999999998,,,17.1
NO,2016,S.aureus-MRSA,1.17403314,2.959,0.001,6.514,0.335,0.717,1.215,0.073,0.463,0.0,3.96,16.237000000000002,5354.12,0.0,16.9
NO,2017,S.aureus-MRSA,0.95759233,2.802,0.001,6.3,0.33,0.714,1.074,0.084,0.4,0.0,4.04,15.745000000000001,5495.64,0.0,17.1
NO,2018,S.aureus-MRSA,0.90497737,2.695,0.001,6.087,0.324,0.743,0.9530000000000002,0.09,0.361,0.0,4.03,15.283999999999999,5401.77,1.34,17.2
NO,2019,S.aureus-MRSA,1.03406326,2.784,0.001,6.324,0.309,0.786,0.933,0.096,0.315,0.0,3.368,14.915999999999999,5487.8,1.06,17.3
NO,2020,S.aureus-MRSA,1.61082474,2.549,0.001,5.329,0.283,0.763,0.708,0.085,0.272,0.0,3.933,13.922999999999998,5087.63,0.15,17.3
NO,2021,S.aureus-MRSA,0.91575091,2.567,0.001,5.408,0.292,0.769,0.624,0.081,0.247,0.0,4.002,13.991,5535.12,0.05,17.4
NO,2022,S.aureus-MRSA,1.11358574,2.707,0.001,6.413,0.311,0.791,0.654,0.087,0.245,0.0,4.056,15.265,5285.41,0.32,15.0
NO,2023,S.aureus-MRSA,1.92532088,2.718,0.001,6.51,0.303,0.802,0.669,0.09,0.236,0.0,4.165,15.494,5567.91,0.01,15.2
NO,2024,S.aureus-MRSA,2.05949656,3.238,0.001,6.332,0.295,0.806,0.728,0.092,0.221,0.0,4.343,16.055999999999997,5119.82,0.06,15.3
PL,2001,S.aureus-MRSA,15.23178807,4.403,0.0,8.786,2.762,2.79,2.711,0.3500000000000001,1.166,0.0,0.835,23.803,,,122.3
PL,2002,S.aureus-MRSA,23.11827956,4.14,0.0,7.395,2.451,1.328,2.462,0.249,1.21,0.0,0.599,19.834,,,122.3
PL,2003,S.aureus-MRSA,19.27710843,,,,,,,,,,,,,,122.2
PL,2004,S.aureus-MRSA,19.46564885,2.851,0.0,4.909,2.53,0.588,2.988,0.055,1.005,0.0,1.948,16.874,,,122.1
PL,2005,S.aureus-MRSA,24.24242424,,,,,,,,,,,,,,122.1
PL,2006,S.aureus-MRSA,19.54022988,,,,,,,,,,,,,,122.0
PL,2007,S.aureus-MRSA,15.13513513,,,,,,,,,,,,,,121.9
PL,2008,S.aureus-MRSA,12.12121212,,,,,,,,,,,,,,121.9
PL,2009,S.aureus-MRSA,20.15810276,,,,,,,,,,,,,,124.6
PL,2010,S.aureus-MRSA,13.11787072,,,,,,,,,,,,,,124.2
PL,2011,S.aureus-MRSA,19.41860465,,,,,,,,,,,,,,124.3
PL,2012,S.aureus-MRSA,14.43167305,,,,,,,,,,,,,,124.3
PL,2013,S.aureus-MRSA,16.01615074,,,,,,,,,,,,,,124.2
PL,2014,S.aureus-MRSA,22.24489795,2.462,0.001,6.395,2.727,0.5750000000000001,3.875,0.094,1.352,0.0,3.725,21.206000000000003,,,123.7
PL,2015,S.aureus-MRSA,15.76200417,2.46,0.0,7.429,3.201,0.649,4.686,0.086,1.542,0.0,4.065,24.118000000000002,,,123.6
PL,2016,S.aureus-MRSA,16.36568848,2.345,0.0,7.187,3.197,0.62,4.258,0.047,1.621,0.0,2.715,21.990000000000002,3288.51,16.64,123.6
PL,2017,S.aureus-MRSA,15.1800554,2.455,0.001,7.015,4.632,0.51,4.546,0.079,1.662,0.0,4.511,25.410999999999998,3290.5,19.52,123.6
PL,2018,S.aureus-MRSA,15.87544665,2.336,0.001,7.073,3.453,0.596,6.103,0.077,1.66,0.0,3.09,24.389,3126.18,29.8,123.6
PL,2019,S.aureus-MRSA,14.93753394,2.212,0.001,6.69,4.065,0.555,4.001,0.072,1.517,0.0,4.539,23.652,2954.0,48.7,123.6
PL,2020,S.aureus-MRSA,13.84159881,1.805,0.0,4.651,2.854,0.4750000000000001,2.868,0.06,1.296,0.0,4.503,18.512,3011.03,11.19,123.6
PL,2021,S.aureus-MRSA,16.4726426,1.782,0.0,5.567,2.859,0.301,3.827,0.059,1.456,0.0,4.78,20.631,3497.15,28.79,123.4
PL,2022,S.aureus-MRSA,13.25,1.985,0.0,7.365,3.536,0.588,4.743,0.065,1.5,0.0,4.285,24.067,3205.03,40.52,119.8
PL,2023,S.aureus-MRSA,13.92729134,1.919,0.0,7.971,3.5,0.399,4.481,0.064,1.427,0.0,3.475,23.236000000000004,2977.66,25.71,119.4
PL,2024,S.aureus-MRSA,10.75407026,1.906,0.0,6.892,3.249,0.393,5.303,0.061,1.374,0.0,3.52,22.698,2742.81,42.15,119.0
PT,2000,S.aureus-MRSA,25.16556291,,,,,,,,,,,,,,111.7
PT,2001,S.aureus-MRSA,31.86180422,,,,,,,,,,,,,,112.7
PT,2002,S.aureus-MRSA,38.12154696,,,,,,,,,,,,,,113.3
PT,2003,S.aureus-MRSA,45.49854791,,,,,,,,,,,,,,113.7
PT,2004,S.aureus-MRSA,46.09595484,,,,,,,,,,,,,,114.0
PT,2005,S.aureus-MRSA,46.57415437,,,,,,,,,,,,,,114.0
PT,2006,S.aureus-MRSA,48.08575803,,,,,,,,,,,,,,114.3
PT,2007,S.aureus-MRSA,48.37310195,,,,,,,,,,,,,,114.5
PT,2008,S.aureus-MRSA,52.89203084,,,,,,,,,,,,,,114.6
PT,2009,S.aureus-MRSA,48.84868421,0.734,0.001,8.618,2.344,0.021,3.986,0.082,3.128,0.0,10.497,29.411,,,114.6
PT,2010,S.aureus-MRSA,53.33741579,0.73,0.001,8.652000000000001,2.202,0.021,3.549,0.077,3.062,0.0,1.089,19.383,,,114.7
PT,2011,S.aureus-MRSA,54.55241009,1.037,0.0,8.824,2.044,0.026,3.544,0.071,2.78,0.0,1.481,19.807000000000002,,,114.5
PT,2012,S.aureus-MRSA,53.81443298,1.094,0.001,8.862,1.951,0.02,3.37,0.069,2.559,0.0,1.552,19.478,,,114.0
PT,2013,S.aureus-MRSA,46.77824267,0.769,0.001,8.018,1.834,0.016,2.905,0.076,2.343,0.0,1.152,17.114,,,113.4
PT,2014,S.aureus-MRSA,47.44754149,0.843,0.001,8.339,1.841,0.022,2.942,0.07,2.266,0.0,1.211,17.534999999999997,,,112.8
PT,2015,S.aureus-MRSA,46.83614258,0.842,0.001,8.757,1.962,0.016,3.223,0.069,2.184,0.0,1.252,18.305999999999997,,,112.3
PT,2016,S.aureus-MRSA,43.57266936,0.8230000000000002,0.001,9.107,1.949,0.489,3.255,0.067,2.043,0.0,1.267,19.000999999999998,1278.04,276.68,113.5
PT,2017,S.aureus-MRSA,39.16309012,0.843,0.001,9.136,2.037,0.479,2.598,0.062,1.858,0.0,1.291,18.304999999999996,1090.94,265.88,113.2
PT,2018,S.aureus-MRSA,38.0839895,0.872,0.001,9.713,2.014,0.4130000000000001,2.84,0.06,1.82,0.0,1.337,19.069999999999997,1350.22,233.14,113.0
PT,2019,S.aureus-MRSA,34.76263399,0.878,0.001,9.567,2.04,0.436,3.285,0.058,1.638,0.0,1.399,19.302,1150.19,165.18,113.0
PT,2020,S.aureus-MRSA,29.67565929,0.82,0.001,7.055,1.708,0.408,2.156,0.053,1.272,0.0,1.361,14.834,1051.38,264.53,113.0
PT,2021,S.aureus-MRSA,25.13052558,0.932,0.001,6.892,1.818,0.441,1.998,0.052,1.217,0.0,1.372,14.723,1105.62,133.84,113.2
PT,2022,S.aureus-MRSA,24.97178329,0.916,0.001,8.758000000000001,2.124,0.42,2.855,0.046,1.315,0.0,1.414,17.849000000000004,1009.97,285.45,115.0
PT,2023,S.aureus-MRSA,23.08160779,0.937,0.001,9.334,1.999,0.484,2.987,0.044,1.324,0.0,1.483,18.593,1093.43,232.85,116.3
PT,2024,S.aureus-MRSA,23.80555555,1.07,0.001,9.508,2.105,0.538,3.355,0.044,1.334,0.0,1.494,19.448999999999998,1013.14,205.63,117.6
RO,2002,S.aureus-MRSA,36.25,,,,,,,,,,,,,,94.8
RO,2003,S.aureus-MRSA,45.88235294,,,,,,,,,,,,,,94.5
RO,2004,S.aureus-MRSA,70.52631578,,,,,,,,,,,,,,94.3
RO,2005,S.aureus-MRSA,58.69565217,,,,,,,,,,,,,,94.1
RO,2006,S.aureus-MRSA,53.01204819,,,,,,,,,,,,,,93.9
RO,2007,S.aureus-MRSA,26.19047619,,,,,,,,,,,,,,93.7
RO,2008,S.aureus-MRSA,33.33333333,,,,,,,,,,,,,,93.6
RO,2009,S.aureus-MRSA,34.04255319,0.142,0.002,4.987,2.963,0.196,1.91,0.252,1.586,0.0,0.077,12.115,,,93.4
RO,2010,S.aureus-MRSA,39.13043478,,,,,,,,,,,,,,93.2
RO,2011,S.aureus-MRSA,49.5412844,1.344,0.013,13.22,4.062,0.964,2.917,0.465,3.388,0.0,0.109,26.482,,,93.0
RO,2012,S.aureus-MRSA,53.27510917,1.333,0.012,12.77,4.362,0.895,2.67,0.418,3.363,0.0,0.122,25.944999999999997,,,87.1
RO,2013,S.aureus-MRSA,64.49086161,1.19,0.01,13.068,4.814,0.937,2.753,0.387,3.469,0.0,0.141,26.768999999999995,,,86.9
RO,2014,S.aureus-MRSA,56.01265822,1.133,0.008,12.078,5.328,0.881,2.912,0.401,3.72,0.0,0.163,26.624,,,86.6
RO,2015,S.aureus-MRSA,57.23905723,1.104,0.01,13.549,5.273,0.89,3.185,0.364,3.504,0.0,0.187,28.066,,,86.1
RO,2016,S.aureus-MRSA,50.73375262,0.933,0.007,11.493,4.943000000000001,0.812,2.815,0.294,2.895,0.0,0.238,24.43,2953.68,105.53,85.6
RO,2017,S.aureus-MRSA,45.36489151,0.848,0.008,11.225,4.954,0.878,2.892,0.214,3.25,0.0,0.242,24.511,2952.08,128.25,85.2
RO,2018,S.aureus-MRSA,43.0,0.9490000000000002,0.009,11.355,5.172,0.8320000000000001,3.003,0.196,3.297,0.0,0.269,25.081999999999997,2772.9,81.98,83.1
RO,2019,S.aureus-MRSA,46.88,0.913,0.007,11.624,5.39,0.855,3.149,0.187,3.321,0.0,0.326,25.772000000000002,2596.56,120.66,82.7
RO,2020,S.aureus-MRSA,47.29064039,1.054,0.004,10.651,4.495,0.742,4.703,0.159,3.125,0.0,0.246,25.179,2696.85,94.25,82.7
RO,2021,S.aureus-MRSA,40.9978308,1.053,0.004,10.733,4.653,0.744,4.733000000000001,0.15,3.331,0.0,0.265,25.666,3026.96,134.37,82.2
RO,2022,S.aureus-MRSA,38.92617449,1.015,0.003,11.783,5.032,0.992,4.866,0.165,3.476,0.0,0.251,27.583,2784.38,142.04,81.3
RO,2023,S.aureus-MRSA,39.38992042,0.928,0.003,12.102,5.02,0.945,4.513,0.16,3.438,0.0,0.259,27.368000000000002,2538.88,149.96,81.4
RO,2024,S.aureus-MRSA,36.82664054,0.81,0.001,10.93,5.558,0.712,3.884,0.13,2.84,0.0,0.303,25.168,2514.35,254.48,81.3
SE,2000,S.aureus-MRSA,0.60893098,3.432,0.001,7.345,0.808,0.8230000000000002,0.978,0.017,1.221,0.0,1.82,16.445,,,21.6
SE,2001,S.aureus-MRSA,0.85731781,3.423,0.001,7.535,0.781,0.819,1.035,0.017,1.272,0.0,1.851,16.733999999999998,,,21.7
SE,2002,S.aureus-MRSA,0.65359477,3.253,0.001,7.268,0.742,0.803,0.9510000000000002,0.016,1.17,0.0,1.908,16.112000000000002,,,21.8
SE,2003,S.aureus-MRSA,0.86253369,3.194,0.001,6.885,0.713,0.805,0.897,0.015,1.167,0.0,1.98,15.657,,,21.8
SE,2004,S.aureus-MRSA,0.73452256,3.229,0.001,6.68,0.673,0.793,0.887,0.02,1.151,0.0,2.146,15.580000000000002,,,21.9
SE,2005,S.aureus-MRSA,1.01465614,3.434,0.001,6.765,0.665,0.762,0.926,0.021,1.165,0.0,2.199,15.938,,,22.0
SE,2006,S.aureus-MRSA,0.86426029,3.514,0.001,7.152,0.663,0.77,0.946,0.023,1.158,0.0,2.223,16.45,,,22.1
SE,2007,S.aureus-MRSA,0.50855293,3.549,0.001,7.2,0.578,0.846,0.942,0.02,1.067,0.0,2.18,16.383,,,22.3
SE,2008,S.aureus-MRSA,0.664176,3.416,0.001,7.596,0.543,0.66,0.509,0.025,0.987,0.0,1.984,15.720999999999998,,,22.5
SE,2010,S.aureus-MRSA,0.52592036,3.504,0.001,7.394,0.389,0.283,0.812,0.022,0.934,0.0,1.744,15.083,,,22.9
SE,2011,S.aureus-MRSA,0.8080808,3.744,0.0,7.44,0.355,0.248,0.67,0.023,0.935,0.0,1.711,15.126,,,23.0
SE,2012,S.aureus-MRSA,0.73551946,3.648,0.001,7.429,0.353,0.222,0.694,0.025,0.909,0.0,1.712,14.993,,,23.4
SE,2013,S.aureus-MRSA,1.07343254,3.04,0.001,7.086,0.355,0.191,0.685,0.028,0.87,0.0,1.7,13.956,,,23.6
SE,2014,S.aureus-MRSA,0.94717668,2.836,0.0,7.135,0.31,0.166,0.67,0.027,0.849,0.0,1.686,13.678999999999998,,,23.8
SE,2015,S.aureus-MRSA,0.80025608,2.745,0.0,6.804,0.305,0.154,0.666,0.016,0.844,0.0,1.678,13.212,,,24.1
SE,2016,S.aureus-MRSA,2.26086956,2.585,0.0,6.815,0.303,0.438,0.609,0.028,0.82,0.0,1.636,13.233999999999998,5111.62,0.03,24.4
SE,2017,S.aureus-MRSA,1.16186955,2.526,0.0,6.689,0.244,0.312,0.604,0.027,0.776,0.0,1.599,12.777,5204.01,0.0,24.7
SE,2018,S.aureus-MRSA,1.92360538,2.32,0.0,6.649,0.237,0.316,0.56,0.025,0.749,0.0,1.582,12.438,5139.24,4.8,25.0
SE,2019,S.aureus-MRSA,1.798924,2.289,0.0,6.312,0.224,0.328,0.579,0.024,0.694,0.0,1.354,11.804000000000002,5138.93,0.84,25.2
SE,2020,S.aureus-MRSA,2.32862756,2.052,0.0,5.277,0.21,0.312,0.561,0.023,0.624,0.0,1.28,10.338999999999999,4616.81,0.07,25.2
SE,2021,S.aureus-MRSA,1.96560196,1.956,0.0,5.173,0.219,0.314,0.517,0.02,0.62,0.0,1.249,10.068000000000001,5220.65,0.89,25.4
SE,2022,S.aureus-MRSA,1.85231854,,,,,,,,,,,,4939.74,1.36,25.7
SE,2023,S.aureus-MRSA,2.12255211,,,,,,,,,,,,5201.02,0.03,25.9
SE,2024,S.aureus-MRSA,2.59879437,,,,,,,,,,,,4817.57,0.05,26.0
SI,2000,S.aureus-MRSA,21.05263157,0.834,0.001,8.389,0.962,1.276,3.861,0.086,1.585,0.0,0.092,17.086,,,98.8
SI,2001,S.aureus-MRSA,19.62962962,0.792,0.001,8.445,0.857,1.267,3.461,0.081,1.548,0.0,0.094,16.546,,,98.9
SI,2002,S.aureus-MRSA,13.76811594,0.712,0.001,7.766,1.029,1.153,3.116,0.082,1.64,0.0,0.086,15.584999999999999,,,99.0
SI,2003,S.aureus-MRSA,12.7090301,0.727,0.001,8.214,1.064,1.22,3.329,0.085,1.424,0.0,0.079,16.143,,,99.1
SI,2004,S.aureus-MRSA,11.81556195,0.623,0.001,7.965,1.073,1.304,3.364,0.093,1.354,0.0,0.087,15.864,,,99.2
SI,2005,S.aureus-MRSA,10.31518624,0.584,0.001,7.448,1.082,1.271,3.395,0.082,1.41,0.0,0.086,15.359000000000004,,,99.3
SI,2006,S.aureus-MRSA,7.12328767,0.56,0.001,7.152,0.897,1.222,2.668,0.083,1.332,0.0,0.088,14.002999999999998,,,99.6
SI,2007,S.aureus-MRSA,8.29383886,0.586,0.0,7.899,0.919,0.007,2.798,0.073,1.369,0.0,0.084,13.735,,,99.8
SI,2008,S.aureus-MRSA,7.17703349,0.535,0.001,7.496,0.807,0.005,2.612,0.071,1.338,0.0,0.087,12.952,,,100.4
SI,2009,S.aureus-MRSA,9.55414012,0.061,0.001,7.6,0.808,0.006,2.465,0.07,1.312,0.0,0.093,12.415999999999999,,,101.3
SI,2010,S.aureus-MRSA,11.97478991,0.107,0.0,7.632,0.747,0.007,2.234,0.073,1.343,0.0,0.107,12.249999999999998,,,101.7
SI,2011,S.aureus-MRSA,7.11206896,0.338,0.0,7.673,0.677,0.005,2.088,0.065,1.314,0.0,0.168,12.327999999999998,,,101.9
SI,2012,S.aureus-MRSA,10.33707865,0.439,0.0,7.66,0.613,0.007,1.911,0.056,1.289,0.0,0.212,12.187,,,102.2
SI,2013,S.aureus-MRSA,9.03225806,0.473,0.0,7.738,0.595,0.006,1.895,0.053,1.307,0.0,0.281,12.348,,,102.3
SI,2014,S.aureus-MRSA,13.13131313,0.465,0.0,7.496,0.584,0.011,1.889,0.062,1.322,0.0,0.359,12.188,,,102.4
SI,2015,S.aureus-MRSA,9.16179337,0.429,0.0,7.567,0.614,0.01,1.984,0.062,1.377,0.0,0.472,12.515,,,102.4
SI,2016,S.aureus-MRSA,11.04868913,0.502,0.0,7.43,0.632,0.798,1.718,0.064,1.35,0.0,0.4760000000000001,12.97,2756.05,39.63,102.5
SI,2017,S.aureus-MRSA,9.02777777,0.492,0.0,7.505,0.683,0.734,1.812,0.063,1.31,0.0,0.508,13.107,2828.15,91.15,102.6
SI,2018,S.aureus-MRSA,11.71617161,0.533,0.0,7.511,0.627,0.749,1.912,0.06,1.302,0.0,0.471,13.165,2587.4,59.27,102.9
SI,2019,S.aureus-MRSA,7.46951219,0.562,0.0,7.354,0.709,0.679,1.863,0.062,1.167,0.0,0.605,13.001000000000001,2602.14,81.36,103.7
SI,2020,S.aureus-MRSA,9.84528832,0.544,0.0,5.294,0.6980000000000002,0.581,1.439,0.055,0.972,0.0,0.585,10.168,2678.32,34.66,103.7
SI,2021,S.aureus-MRSA,7.8125,0.562,0.0,5.165,0.787,0.588,1.364,0.055,0.978,0.0,0.671,10.17,2965.26,70.04,104.4
SI,2022,S.aureus-MRSA,8.69565217,0.611,0.0,6.911,0.85,0.591,1.675,0.051,1.013,0.0,0.736,12.438,2633.38,86.99,104.8
SI,2023,S.aureus-MRSA,10.10401188,0.629,0.0,7.66,0.706,0.581,1.844,0.048,1.101,0.0,0.8250000000000002,13.393999999999998,2494.76,75.38,105.3
SI,2024,S.aureus-MRSA,8.70206489,0.6990000000000002,0.0,7.92,0.979,0.535,2.299,0.052,1.057,0.0,0.846,14.386999999999999,2457.15,136.9,105.6
SK,2001,S.aureus-MRSA,5.4054054,2.327,0.006,13.99,3.011,1.261,3.526,0.19,1.937,0.0,0.818,27.066,,,109.7
SK,2002,S.aureus-MRSA,8.49420849,2.404,0.005,12.469,2.777,1.089,3.584,0.148,1.863,0.0,0.838,25.177,,,109.7
SK,2003,S.aureus-MRSA,12.6394052,2.526,0.003,12.444,2.487,0.846,3.817,0.075,1.583,0.0,0.72,24.500999999999998,,,109.6
SK,2004,S.aureus-MRSA,19.03114186,2.401,0.002,10.652,2.486,0.839,3.457,0.079,1.546,0.0,0.032,21.494,,,109.6
SK,2005,S.aureus-MRSA,19.04761904,2.332,0.002,10.94,3.918,0.77,4.025,0.082,1.938,0.0,0.04,24.046999999999997,,,109.6
SK,2011,S.aureus-MRSA,26.14840989,1.452,0.001,6.897,3.881,0.405,5.761,0.171,2.413,0.0,0.391,21.372,,,110.1
SK,2012,S.aureus-MRSA,24.05063291,1.397,0.001,6.469,4.013,0.372,5.009,0.072,2.198,0.0,0.192,19.723,,,110.3
SK,2013,S.aureus-MRSA,48.36956521,1.613,0.001,7.133,5.15,0.42,6.037,0.082,2.45,0.0,0.276,23.162000000000003,,,110.4
SK,2014,S.aureus-MRSA,27.96875,1.706,0.001,6.952,5.053,0.453,5.75,0.084,0.922,0.0,0.259,21.18,,,110.5
SK,2015,S.aureus-MRSA,28.1303602,1.77,0.001,7.105,5.447,0.487,6.357,0.092,2.709,0.0,0.238,24.206,,,110.6
SK,2016,S.aureus-MRSA,27.14535901,1.711,0.001,6.803,5.372,1.244,5.589,0.079,2.551,0.0,0.269,23.619,3222.12,25.18,111.5
SK,2017,S.aureus-MRSA,29.20065252,1.658,0.001,5.369,5.004,0.407,4.813,0.086,2.4,0.0,0.242,19.98,3338.74,56.43,111.7
SK,2018,S.aureus-MRSA,26.55737704,1.746,0.001,5.344,6.702,0.406,4.854,0.121,2.344,0.0,0.483,22.001,2963.43,48.34,111.8
SK,2019,S.aureus-MRSA,27.17584369,1.726,0.001,5.143,5.264,0.486,4.723,0.082,1.663,0.0,0.263,19.351000000000003,2946.23,61.06,112.0
SK,2020,S.aureus-MRSA,24.81481481,1.697,0.001,3.554,3.69,0.439,3.462,0.072,1.317,0.0,0.194,14.426,3089.05,19.01,112.0
SK,2021,S.aureus-MRSA,22.33676975,1.799,0.001,3.542,3.997,0.488,4.463,0.074,1.359,0.0,0.247,15.969999999999999,3423.3,60.39,112.1
SK,2022,S.aureus-MRSA,17.99307958,1.794,0.001,4.849,5.385,0.578,6.483,0.065,1.433,0.0,0.209,20.797,3083.08,65.52,111.5
SK,2023,S.aureus-MRSA,14.42307692,1.825,0.001,5.295,4.765,0.646,5.788,0.066,1.448,0.0,0.232,20.066,2879.8,45.52,111.4
SK,2024,S.aureus-MRSA,19.26229508,1.452,0.001,5.167,5.109,0.67,6.331,0.055,1.376,0.0,0.232,20.393,2701.84,123.04,111.3
UK,2000,S.aureus-MRSA,41.43763213,,,,,,,,,,,,,,242.8
UK,2001,S.aureus-MRSA,47.25738396,,,,,,,,,,,,,,243.8
UK,2002,S.aureus-MRSA,46.66246851,,,,,,,,,,,,,,244.8
UK,2003,S.aureus-MRSA,44.01588201,,,,,,,,,,,,,,246.0
UK,2004,S.aureus-MRSA,43.64811691,,,,,,,,,,,,,,247.4
UK,2005,S.aureus-MRSA,42.95437358,,,,,,,,,,,,,,249.1
UK,2006,S.aureus-MRSA,42.075,,,,,,,,,,,,,,250.9
UK,2007,S.aureus-MRSA,35.60590313,,,,,,,,,,,,,,252.9
UK,2008,S.aureus-MRSA,30.71641791,,,,,,,,,,,,,,254.9
UK,2009,S.aureus-MRSA,27.81824488,,,,,,,,,,,,,,256.8
UK,2010,S.aureus-MRSA,21.57228017,,,,,,,,,,,,,,258.8
UK,2011,S.aureus-MRSA,13.64436619,,,,,,,,,,,,,,260.9
UK,2012,S.aureus-MRSA,14.16292974,,,,,,,,,,,,,,262.7
UK,2013,S.aureus-MRSA,13.88757675,5.109,0.002,7.949,0.484,1.983,3.494,0.126,0.582,,1.127,20.855999999999998,,,264.4
UK,2014,S.aureus-MRSA,11.29166666,5.257,0.003,8.06,0.4750000000000001,1.657,3.545,0.129,0.587,0.0,1.144,20.857,,,266.4
UK,2015,S.aureus-MRSA,10.73630758,5.192,0.002,7.789,0.433,1.454,3.406,0.123,0.5690000000000001,0.0,1.2,20.168,,,268.5
UK,2016,S.aureus-MRSA,6.72919458,5.09,0.003,7.665,0.396,1.35,3.313,0.12,0.554,0.0,1.25,19.741,3003.93,0.6,270.6
UK,2017,S.aureus-MRSA,6.92333671,5.053,0.002,7.456,0.398,1.162,3.209,0.13,0.5700000000000001,0.0,1.442,19.422,2892.87,0.26,272.4
UK,2018,S.aureus-MRSA,7.25262576,4.896,0.002,7.344,0.383,0.986,2.953,0.132,0.5710000000000001,0.0,1.518,18.785,2956.3,1.21,273.8
UK,2019,S.aureus-MRSA,5.8810621,5.015,0.002,7.039,0.373,0.915,2.804,0.133,0.515,,1.473,18.269,2957.5,2.13,
AT,2005,S.pneumoniae-macrolides,13.30798479,,,,,,,,,,,,,,99.8
AT,2006,S.pneumoniae-macrolides,9.88142292,,,,,,,,,,,,,,100.3
AT,2007,S.pneumoniae-macrolides,12.21374045,,,,,,,,,,,,,,100.6
AT,2008,S.pneumoniae-macrolides,10.57142857,,,,,,,,,,,,,,100.9
AT,2009,S.pneumoniae-macrolides,12.85266457,,,,,,,,,,,,,,101.2
AT,2010,S.pneumoniae-macrolides,10.21671826,,,,,,,,,,,,,,101.5
AT,2011,S.pneumoniae-macrolides,11.52815013,,,,,,,,,,,,,,101.8
AT,2012,S.pneumoniae-macrolides,17.24137931,,,,,,,,,,,,,,102.3
AT,2013,S.pneumoniae-macrolides,9.97624703,,,,,,,,,,,,,,102.9
AT,2014,S.pneumoniae-macrolides,10.5,,,,,,,,,,,,,,103.7
AT,2015,S.pneumoniae-macrolides,8.42824601,,,,,,,,,,,,,,104.9
AT,2016,S.pneumoniae-macrolides,8.57142857,,,,,,,,,,,,3480.26,12.26,106.0
AT,2017,S.pneumoniae-macrolides,10.84812623,,,,,,,,,,,,3559.94,34.86,106.8
AT,2018,S.pneumoniae-macrolides,11.56583629,,,,,,,,,,,,3251.71,32.12,107.1
AT,2019,S.pneumoniae-macrolides,12.43144424,,,,,,,,,,,,3334.77,39.63,107.6
AT,2020,S.pneumoniae-macrolides,11.52542372,,,,,,,,,,,,3370.17,9.8,107.6
AT,2021,S.pneumoniae-macrolides,14.3283582,,,,,,,,,,,,3688.56,23.21,108.1
AT,2022,S.pneumoniae-macrolides,10.89743589,,,,,,,,,,,,3283.96,28.98,109.6
AT,2023,S.pneumoniae-macrolides,10.63492063,,,,,,,,,,,,3208.85,36.81,110.7
AT,2024,S.pneumoniae-macrolides,10.59972105,,,,,,,,,,,,3087.92,55.62,111.3
BE,2005,S.pneumoniae-macrolides,31.31903833,1.973,0.026,8.811,3.44,0.376,2.605,0.077,2.724,0.0,2.131,22.163,,,345.5
BE,2006,S.pneumoniae-macrolides,31.11422564,0.021,0.002,0.742,0.377,0.001,0.094,0.058,0.254,0.0,0.142,1.6909999999999998,,,347.8
BE,2007,S.pneumoniae-macrolides,24.48709463,1.973,0.024,9.88,2.722,0.001,2.723,0.058,2.512,0.0,2.339,22.232,,,350.4
BE,2008,S.pneumoniae-macrolides,24.2258652,2.213,0.021,11.155,2.353,0.001,2.897,0.049,2.632,0.0,2.475,23.796,,,353.1
BE,2009,S.pneumoniae-macrolides,23.07692307,2.164,0.024,11.004,2.191,0.0,3.04,0.059,2.85,0.0,2.61,23.942,,,356.0
BE,2010,S.pneumoniae-macrolides,24.70784641,2.124,0.035,11.804,1.962,0.0,3.02,0.048,2.933,0.0,2.656,24.582,,,359.5
BE,2011,S.pneumoniae-macrolides,26.02515035,2.11,0.033,11.963,1.889,0.0,3.274,0.044,2.973,0.0,2.746,25.031999999999996,,,364.3
BE,2012,S.pneumoniae-macrolides,25.15042117,2.128,0.034,12.248,1.911,0.0,3.497,0.048,3.0,0.0,2.779,25.645,,,366.3
BE,2013,S.pneumoniae-macrolides,22.74459974,2.178,0.033,10.614,1.918,0.0,3.443,0.051,2.856,0.0,2.851,23.944,,,368.0
BE,2014,S.pneumoniae-macrolides,17.68953068,2.117,0.029,10.655,1.804,0.0,3.498,0.043,2.761,0.0,2.899,23.806,,,369.6
BE,2015,S.pneumoniae-macrolides,18.58927259,2.052,0.028,10.848,1.827,0.0,3.742,0.04,2.781,0.0,2.872,24.19,,,371.8
BE,2016,S.pneumoniae-macrolides,15.7498116,2.012,0.019,10.96,1.694,0.241,3.729,0.038,2.604,0.0,2.883,24.18,2723.56,23.22,373.7
BE,2017,S.pneumoniae-macrolides,15.08152173,1.933,0.018,10.483,1.544,0.223,3.526,0.036,2.362,0.0,2.642,22.767,2620.02,15.26,373.6
BE,2018,S.pneumoniae-macrolides,15.20314547,1.89,0.017,10.859,1.622,0.25,3.673,0.034,1.333,0.0,2.627,22.305,2544.33,34.27,375.3
BE,2019,S.pneumoniae-macrolides,15.69767441,1.878,0.017,10.532,1.576,0.259,3.621,0.034,0.731,0.0,2.724,21.372,2570.53,37.7,377.3
BE,2020,S.pneumoniae-macrolides,19.11421911,1.645,0.011,7.613,1.133,0.265,2.754,0.032,0.595,0.0,2.613,16.661,2382.39,48.74,377.3
BE,2021,S.pneumoniae-macrolides,16.48873072,1.825,0.011,8.155,1.144,0.284,2.749,0.031,0.581,0.0,2.649,17.429,2782.1,4.18,378.9
BE,2022,S.pneumoniae-macrolides,14.55044612,1.74,0.014,10.341,1.303,0.3,3.47,0.029,0.614,0.0,2.677,20.488,2400.32,24.85,383.6
BE,2023,S.pneumoniae-macrolides,14.83644859,1.804,0.015,10.641,1.177,0.33,3.715,0.026,0.607,0.0,2.343,20.658,2376.92,11.07,386.8
BE,2024,S.pneumoniae-macrolides,16.53051417,1.901,0.014,9.962,1.085,0.334,3.793,0.024,1.301,0.0,2.711,21.125,2396.73,12.26,389.1
BG,2005,S.pneumoniae-macrolides,8.1081081,2.611,0.081,5.691,2.077,0.879,1.362,0.347,2.28,0.0,0.23,15.558000000000002,,,69.0
BG,2006,S.pneumoniae-macrolides,15.0,2.555,0.064,6.408,2.245,0.0,1.9,0.4130000000000001,1.916,0.0,0.042,15.543000000000001,,,68.5
BG,2007,S.pneumoniae-macrolides,13.33333333,2.378,0.064,6.892,2.431,0.0,2.731,0.41,2.052,0.0,0.052,17.009999999999998,,,68.0
BG,2008,S.pneumoniae-macrolides,4.16666666,2.194,0.057,6.928,2.761,0.0,3.308,0.391,2.189,0.0,0.067,17.895,,,67.5
BG,2009,S.pneumoniae-macrolides,19.23076923,1.643,0.035,5.978,3.002,0.0,3.294,0.354,2.079,0.0,0.076,16.461000000000002,,,67.1
BG,2010,S.pneumoniae-macrolides,25.0,1.731,0.04,5.669,3.101,0.0,3.279,0.328,2.086,0.0,0.065,16.299000000000003,,,67.9
BG,2011,S.pneumoniae-macrolides,13.33333333,1.843,0.04,5.849,3.383,0.0,3.539,0.324,2.373,0.0,0.068,17.419,,,67.5
BG,2012,S.pneumoniae-macrolides,15.0,1.792,0.039,5.417,3.248,0.0,3.289,0.275,2.522,0.0,0.015,16.597,,,67.1
BG,2013,S.pneumoniae-macrolides,11.11111111,1.779,0.04,5.843,3.575,0.0,3.578,0.267,2.634,0.0,0.081,17.796999999999997,,,66.7
BG,2014,S.pneumoniae-macrolides,23.33333333,1.816,0.04,5.698,4.172,0.0,4.068000000000001,0.287,3.011,0.0,0.017,19.109,,,66.3
BG,2015,S.pneumoniae-macrolides,18.18181818,1.763,0.038,5.761,4.751,0.0,4.084000000000001,0.285,3.041,0.0,0.102,19.825000000000003,,,66.2
BG,2016,S.pneumoniae-macrolides,21.875,1.753,0.001,4.897,4.964,0.807,3.896,0.265,3.018,0.0,0.219,19.82,2484.46,175.43,64.8
BG,2017,S.pneumoniae-macrolides,27.58620689,1.708,0.035,5.687,5.207,0.887,4.075,0.26,3.11,0.0,0.259,21.228,2592.48,197.78,64.3
BG,2018,S.pneumoniae-macrolides,16.66666666,1.702,0.034,5.887,5.619,0.908,4.303,0.269,3.123,0.0,0.204,22.049000000000003,2418.88,118.51,63.9
BG,2019,S.pneumoniae-macrolides,30.4347826,1.786,0.034,5.761,5.48,0.822,4.337,0.267,3.081,0.0,0.17,21.738,2219.62,152.56,63.4
BG,2020,S.pneumoniae-macrolides,10.71428571,2.357,0.034,5.112,5.266,0.685,6.293,0.274,3.886,0.0,0.142,24.049,2314.23,156.38,63.4
BG,2021,S.pneumoniae-macrolides,,2.775,0.033,5.22,6.096,0.697,5.963,0.26,4.513,0.216,0.116,25.889,2568.31,204.5,63.0
BG,2022,S.pneumoniae-macrolides,22.22222222,2.57,0.032,6.384,6.857,0.851,6.127,0.236,3.73,0.211,0.095,27.092999999999996,2373.0,191.67,58.8
BG,2023,S.pneumoniae-macrolides,35.48387096,2.504,0.03,6.38,7.375,0.797,5.403,0.256,3.276,0.194,0.076,26.290999999999997,2145.56,235.67,58.6
BG,2024,S.pneumoniae-macrolides,44.18604651,2.028,0.024,5.536,7.079,0.617,4.837,0.269,2.736,0.186,0.102,23.413999999999998,2174.74,334.56,58.6
CY,2005,S.pneumoniae-macrolides,,,,,,,,,,,,,,,79.8
CY,2006,S.pneumoniae-macrolides,,3.11,0.001,9.731,6.249,0.438,3.334,0.096,3.83,0.0,0.359,27.148000000000003,,,81.2
CY,2007,S.pneumoniae-macrolides,,2.51,0.001,10.625,7.013,0.352,3.59,0.4150000000000001,3.768,0.0,0.385,28.659,,,82.9
CY,2008,S.pneumoniae-macrolides,,,,,,,,,,,,,,,85.4
CY,2009,S.pneumoniae-macrolides,,2.874,0.001,10.758,6.447,0.456,3.985,0.096,4.102,0.0,0.442,29.160999999999998,,,87.7
CY,2010,S.pneumoniae-macrolides,,3.273,0.001,9.692,5.403,0.01,2.902,0.073,4.072,0.0,0.471,25.897000000000002,,,90.0
CY,2011,S.pneumoniae-macrolides,,1.399,0.0,5.232,3.07,0.007,1.575,0.033,1.907,0.0,0.229,13.452,,,92.3
CY,2012,S.pneumoniae-macrolides,,3.092,0.0,9.292,5.357,0.008,2.918,0.059,3.513,0.0,0.495,24.734,,,93.8
CY,2013,S.pneumoniae-macrolides,,,,,,,,,,,,,,,93.5
CY,2014,S.pneumoniae-macrolides,,3.296,0.0,7.804,4.461,0.004,2.457,0.057,3.211,0.0,0.5680000000000001,21.858,,,92.5
CY,2015,S.pneumoniae-macrolides,,3.549,0.0,8.81,5.162,0.006,3.213,0.063,4.482,0.0,0.675,25.96,,,92.0
CY,2016,S.pneumoniae-macrolides,,3.774,0.0,8.589,5.077,0.007,2.736,0.068,6.893,0.0,0.722,27.866000000000003,707.54,715.66,92.4
CY,2017,S.pneumoniae-macrolides,,3.444,0.0,9.168,5.705,0.285,2.843,0.072,6.099,0.0,0.765,28.381,747.94,689.02,93.3
CY,2018,S.pneumoniae-macrolides,,3.748,0.0,8.74,5.788,0.26,2.992,0.082,5.211,0.0,0.721,27.541999999999998,505.57,777.9,94.4
CY,2019,S.pneumoniae-macrolides,,3.725,0.0,9.57,6.294,0.189,3.127,0.076,5.726,0.0,0.932,29.639,729.19,738.12,95.7
CY,2020,S.pneumoniae-macrolides,,3.292,0.0,8.182,6.09,0.282,2.58,0.091,7.224,0.0,0.727,28.468,678.47,771.19,95.7
CY,2021,S.pneumoniae-macrolides,,3.808,0.0,7.233,5.052,0.2,2.714,0.085,4.600000000000001,0.0,0.843,24.535,653.54,704.32,96.8
CY,2022,S.pneumoniae-macrolides,,1.534,0.0,15.19,6.308,0.186,3.685,0.09,4.442,0.0,1.213,32.647999999999996,741.05,671.11,100.6
CY,2023,S.pneumoniae-macrolides,25.80645161,,,,,,,,,,,,577.0,744.01,104.0
CY,2024,S.pneumoniae-macrolides,38.09523809,1.49,0.0,7.086,5.398,0.196,2.548,0.065,4.603,0.0,1.045,22.431000000000004,558.83,956.92,105.8
CZ,2005,S.pneumoniae-macrolides,2.08333333,,,,,,,,,,,,,,132.2
CZ,2006,S.pneumoniae-macrolides,2.90697674,,,,,,,,,,,,,,132.5
CZ,2007,S.pneumoniae-macrolides,5.36585365,,,,,,,,,,,,,,133.3
CZ,2008,S.pneumoniae-macrolides,2.86885245,,,,,,,,,,,,,,134.4
CZ,2009,S.pneumoniae-macrolides,4.71380471,,,,,,,,,,,,,,135.2
CZ,2010,S.pneumoniae-macrolides,5.90277777,,,,,,,,,,,,,,135.6
CZ,2011,S.pneumoniae-macrolides,3.48101265,,,,,,,,,,,,,,135.9
CZ,2012,S.pneumoniae-macrolides,7.66423357,,,,,,,,,,,,,,136.1
CZ,2013,S.pneumoniae-macrolides,8.4084084,,,,,,,,,,,,,,136.1
CZ,2014,S.pneumoniae-macrolides,7.66423357,,,,,,,,,,,,,,136.3
CZ,2015,S.pneumoniae-macrolides,6.69014084,,,,,,,,,,,,,,136.6
CZ,2016,S.pneumoniae-macrolides,7.2243346,,,,,,,,,,,,3285.11,9.9,136.8
CZ,2017,S.pneumoniae-macrolides,9.01639344,,,,,,,,,,,,3348.9,21.52,137.2
CZ,2018,S.pneumoniae-macrolides,10.05291005,,,,,,,,,,,,3029.83,44.26,137.7
CZ,2019,S.pneumoniae-macrolides,10.33591731,2.0,0.002,6.018,2.543,0.896,3.598,0.087,0.686,0.0,1.092,16.921999999999997,3033.44,38.51,138.2
CZ,2020,S.pneumoniae-macrolides,6.86274509,1.819,0.002,4.474,1.906,0.778,2.733,0.083,0.596,0.0,0.994,13.385000000000002,3112.48,5.96,138.2
CZ,2021,S.pneumoniae-macrolides,10.52631578,1.563,0.002,4.673,2.009,0.754,2.838,0.077,0.598,0.0,1.21,13.724,3486.42,10.36,138.6
CZ,2022,S.pneumoniae-macrolides,10.15228426,1.769,0.002,6.054,2.513,0.89,3.961,0.074,0.628,0.0,1.194,17.085,3115.35,26.34,138.2
CZ,2023,S.pneumoniae-macrolides,10.22964509,1.689,0.002,6.975,2.972,0.899,3.857,0.073,0.514,0.0,1.286,18.267000000000003,2957.0,30.11,140.7
CZ,2024,S.pneumoniae-macrolides,11.08829568,1.879,0.001,6.528,2.224,0.848,4.879,0.063,0.511,0.0,1.499,18.431999999999995,2812.31,42.33,141.2
DE,2005,S.pneumoniae-macrolides,16.36363636,,,,,,,,,,,,,,230.9
DE,2006,S.pneumoniae-macrolides,11.53846153,,,,,,,,,,,,,,230.7
DE,2007,S.pneumoniae-macrolides,6.06060606,,,,,,,,,,,,,,230.4
DE,2008,S.pneumoniae-macrolides,8.73786407,,,,,,,,,,,,,,229.9
DE,2009,S.pneumoniae-macrolides,7.37463126,,,,,,,,,,,,,,229.3
DE,2010,S.pneumoniae-macrolides,8.65921787,,,,,,,,,,,,,,229.0
DE,2011,S.pneumoniae-macrolides,7.36543909,,,,,,,,,,,,,,224.8
DE,2012,S.pneumoniae-macrolides,7.4074074,,,,,,,,,,,,,,225.2
DE,2013,S.pneumoniae-macrolides,10.18711018,,,,,,,,,,,,,,225.8
DE,2014,S.pneumoniae-macrolides,6.88259109,,,,,,,,,,,,,,226.5
DE,2015,S.pneumoniae-macrolides,8.17941952,,,,,,,,,,,,,,228.4
DE,2016,S.pneumoniae-macrolides,8.008658,,,,,,,,,,,,3018.69,15.74,233.1
DE,2017,S.pneumoniae-macrolides,6.85066535,,,,,,,,,,,,2975.2,9.01,234.0
DE,2018,S.pneumoniae-macrolides,7.06319702,,,,,,,,,,,,2784.88,51.94,234.7
DE,2019,S.pneumoniae-macrolides,7.66497461,,,,,,,,,,,,2812.97,45.54,235.2
DE,2020,S.pneumoniae-macrolides,7.17522658,,,,,,,,,,,,2754.54,25.29,235.2
DE,2021,S.pneumoniae-macrolides,6.64983164,,,,,,,,,,,,3128.38,11.33,235.4
DE,2022,S.pneumoniae-macrolides,6.3132335,,,,,,,,,,,,2748.46,33.23,235.4
DE,2023,S.pneumoniae-macrolides,6.63160969,1.594,0.0,5.251,2.774,0.493,2.024,0.022,0.584,0.0,0.639,13.380999999999998,2675.87,19.14,235.8
DE,2024,S.pneumoniae-macrolides,6.60821214,1.602,0.001,5.863,2.469,0.5720000000000001,2.149,0.021,0.53,0.0,0.64,13.847000000000001,2583.4,19.02,236.4
DK,2005,S.pneumoniae-macrolides,5.64292321,1.285,0.0,9.512,0.275,0.884,2.428,0.065,0.464,0.0,0.85,15.763,,,125.7
DK,2006,S.pneumoniae-macrolides,4.35779816,1.388,0.0,9.867,0.304,0.908,2.412,0.057,0.528,0.0,0.872,16.336000000000002,,,126.2
DK,2007,S.pneumoniae-macrolides,6.11650485,1.485,0.0,10.44,0.353,0.833,2.545,0.046,0.627,0.0,0.622,16.951,,,126.7
DK,2008,S.pneumoniae-macrolides,6.53104925,,,,,,,,,,,,,,127.5
DK,2009,S.pneumoniae-macrolides,3.51405622,1.646,0.0,10.089,0.38,0.772,2.347,0.036,0.729,0.0,0.66,16.659000000000002,,,128.2
DK,2010,S.pneumoniae-macrolides,4.08805031,1.722,0.0,10.432,0.374,0.785,2.471,0.021,0.713,0.0,0.945,17.463,,,128.7
DK,2011,S.pneumoniae-macrolides,5.02232142,1.761,0.0,10.881,0.372,0.754,2.745,0.038,0.759,0.0,0.932,18.241999999999997,,,129.7
DK,2012,S.pneumoniae-macrolides,5.76701268,1.8,0.0,10.332,0.323,0.762,2.344,0.045,0.741,0.0,0.923,17.270000000000003,,,130.4
DK,2013,S.pneumoniae-macrolides,4.81622306,1.993,0.0,10.729,0.386,0.766,1.925,0.054,0.7020000000000002,0.0,0.901,17.456,,,130.8
DK,2014,S.pneumoniae-macrolides,6.629055,1.694,0.0,10.704,0.421,0.775,1.938,0.041,0.678,0.0,0.809,17.06,,,131.5
DK,2015,S.pneumoniae-macrolides,5.22088353,1.644,0.0,10.873,0.324,0.745,1.941,0.041,0.662,0.0,0.864,17.094,,,132.4
DK,2016,S.pneumoniae-macrolides,4.80905233,1.651,0.0,10.788,0.294,0.8320000000000001,1.907,0.053,0.626,0.0,0.86,17.011,3152.32,0.31,136.4
DK,2017,S.pneumoniae-macrolides,3.57634112,1.466,0.0,10.518,0.33,0.8240000000000002,1.749,0.06,0.584,0.0,0.715,16.246000000000002,3127.81,0.0,137.3
DK,2018,S.pneumoniae-macrolides,2.5,1.443,0.0,10.228,0.285,0.79,1.607,0.054,0.547,0.0,0.606,15.56,3058.42,13.8,138.0
DK,2019,S.pneumoniae-macrolides,3.49417637,1.538,0.0,9.926,0.263,0.712,1.577,0.061,0.493,0.0,0.734,15.304,3033.01,2.05,138.5
DK,2020,S.pneumoniae-macrolides,3.7037037,1.739,0.0,9.054,0.241,0.673,1.314,0.046,0.438,0.0,0.759,14.264000000000001,2924.58,0.67,138.5
DK,2021,S.pneumoniae-macrolides,5.08982035,1.693,0.0,9.291,0.231,0.656,1.267,0.051,0.417,0.0,0.807,14.413,3266.04,0.69,138.9
DK,2022,S.pneumoniae-macrolides,3.37972166,1.751,0.0,9.911,0.232,0.63,1.32,0.048,0.442,0.0,0.822,15.155999999999999,3020.27,3.21,140.6
DK,2023,S.pneumoniae-macrolides,3.97830018,1.797,0.0,10.844,0.213,0.648,1.479,0.05,0.425,0.0,0.721,16.177,3032.98,0.04,141.6
DK,2024,S.pneumoniae-macrolides,7.26256983,1.887,0.0,10.256,0.207,0.588,1.784,0.055,0.401,0.0,0.867,16.045,2890.62,0.06,142.4
EE,2005,S.pneumoniae-macrolides,0.0,2.521,0.0,3.786,1.06,0.991,1.879,0.205,1.011,0.0,1.377,12.83,,,31.2
EE,2006,S.pneumoniae-macrolides,2.5,2.397,0.0,3.629,1.151,0.029,2.002,0.085,1.044,0.0,0.644,10.981,,,31.0
EE,2007,S.pneumoniae-macrolides,1.88679245,2.4,0.0,3.858,1.223,0.029,2.453,0.13,1.067,0.0,0.5680000000000001,11.728,,,30.9
EE,2008,S.pneumoniae-macrolides,1.85185185,2.271,0.0,3.777,1.314,0.023,2.451,0.116,1.201,0.0,0.613,11.766,,,30.8
EE,2009,S.pneumoniae-macrolides,1.58730158,2.173,0.0,3.406,1.246,0.023,2.21,0.074,1.021,0.0,0.5640000000000001,10.717,,,30.7
EE,2010,S.pneumoniae-macrolides,2.22222222,1.985,0.0,3.35,1.356,0.021,2.356,0.131,0.996,0.0,0.546,10.741,,,30.7
EE,2011,S.pneumoniae-macrolides,0.0,2.176,0.0,3.591,1.501,0.022,2.678,0.064,1.044,0.0,0.58,11.656,,,30.6
EE,2012,S.pneumoniae-macrolides,5.76923076,1.888,0.0,3.548,1.53,0.028,2.682,0.07,1.15,0.0,0.609,11.505,,,30.5
EE,2013,S.pneumoniae-macrolides,3.3898305,1.691,0.0,3.543,1.641,0.03,2.642,0.06,1.085,0.0,0.622,11.314,,,30.3
EE,2014,S.pneumoniae-macrolides,5.55555555,1.52,0.0,3.625,1.703,0.031,2.582,0.073,1.087,0.0,0.63,11.251000000000001,,,30.3
EE,2015,S.pneumoniae-macrolides,7.4074074,1.497,0.0,3.742,1.782,0.03,2.604,0.044,1.078,0.0,0.647,11.424000000000001,,,30.3
EE,2016,S.pneumoniae-macrolides,7.0,1.603,0.0,3.857,1.706,0.45,2.406,0.033,0.99,0.0,0.663,11.708000000000002,4215.88,1.53,30.3
EE,2017,S.pneumoniae-macrolides,3.93700787,1.32,0.0,3.982,1.733,0.463,2.424,0.042,0.987,0.0,0.644,11.595,4218.11,0.0,30.3
EE,2018,S.pneumoniae-macrolides,7.35294117,1.278,0.0,4.278,1.687,0.485,2.489,0.032,0.861,0.0,0.667,11.777,4070.6,25.77,30.4
EE,2019,S.pneumoniae-macrolides,6.96202531,1.385,0.0,4.288,1.694,0.454,2.49,0.025,0.775,0.0,0.669,11.780000000000001,3890.15,1.32,30.5
EE,2020,S.pneumoniae-macrolides,9.21052631,1.39,0.0,3.757,1.535,0.339,1.97,0.025,0.883,0.0,0.5630000000000001,10.462,3563.54,1.61,30.5
EE,2021,S.pneumoniae-macrolides,6.12244897,1.332,0.0,3.74,1.393,0.367,1.861,0.022,0.704,0.0,0.652,10.071,4289.96,37.65,30.6
EE,2022,S.pneumoniae-macrolides,12.12121212,1.547,0.0,4.881,1.672,0.425,2.435,0.024,0.719,0.0,0.69,12.392999999999999,4124.88,15.65,31.3
EE,2023,S.pneumoniae-macrolides,13.44086021,1.642,0.0,5.013,1.588,0.536,2.618,0.019,0.7020000000000002,0.0,0.593,12.711,3992.11,7.02,31.8
EE,2024,S.pneumoniae-macrolides,18.53658536,1.589,0.0,5.155,1.425,0.494,2.865,0.019,0.636,0.0,0.7030000000000002,12.886,3674.01,1.62,31.8
EL,2022,S.pneumoniae-macrolides,34.09090909,2.986,0.001,10.137,7.458,0.354,7.303,0.084,3.337,0.0,1.223,32.883,1610.97,348.44,80.3
EL,2023,S.pneumoniae-macrolides,26.02739726,1.953,0.001,9.232,6.664,0.173,6.072,0.083,3.437,0.0,0.947,28.561999999999998,1449.03,366.5,80.0
EL,2024,S.pneumoniae-macrolides,33.92857142,2.019,0.001,10.057,7.114,0.322,5.883,0.12,3.527,0.0,0.984,30.027,1382.8,538.38,79.8
ES,2005,S.pneumoniae-macrolides,22.51023192,,,,,,,,,,,,,,86.3
ES,2006,S.pneumoniae-macrolides,21.04404567,,,,,,,,,,,,,,87.7
ES,2007,S.pneumoniae-macrolides,16.74528301,,,,,,,,,,,,,,90.1
ES,2008,S.pneumoniae-macrolides,20.58823529,,,,,,,,,,,,,,91.6
ES,2009,S.pneumoniae-macrolides,18.36441893,,,,,,,,,,,,,,92.4
ES,2010,S.pneumoniae-macrolides,25.40603248,,,,,,,,,,,,,,92.8
ES,2011,S.pneumoniae-macrolides,23.86058981,,,,,,,,,,,,,,93.2
ES,2012,S.pneumoniae-macrolides,25.5613126,,,,,,,,,,,,,,93.2
ES,2013,S.pneumoniae-macrolides,25.35714285,,,,,,,,,,,,,,92.9
ES,2014,S.pneumoniae-macrolides,19.85294117,,,,,,,,,,,,,,92.5
ES,2015,S.pneumoniae-macrolides,21.23613312,,,,,,,,,,,,,,92.5
ES,2016,S.pneumoniae-macrolides,24.92063492,1.494,0.0,15.427,2.67,0.292,3.315,0.087,3.241,0.0,0.676,27.202,1783.41,286.22,92.5
ES,2017,S.pneumoniae-macrolides,21.75732217,1.486,0.0,14.844,2.676,0.463,3.211,0.081,3.119,0.0,0.65,26.53,1658.76,311.27,92.7
ES,2018,S.pneumoniae-macrolides,17.97418073,1.49,0.0,14.392,2.751,0.471,3.178,0.082,2.966,0.0,0.665,25.994999999999997,1862.64,240.11,93.1
ES,2019,S.pneumoniae-macrolides,21.02564102,1.515,0.0,13.737,2.76,0.459,2.95,0.077,2.527,0.184,0.691,24.9,1736.29,248.58,93.8
ES,2020,S.pneumoniae-macrolides,22.0713073,1.483,0.0,10.379,2.329,0.45,2.222,0.078,1.974,0.163,0.675,19.753,1623.19,277.58,93.8
ES,2021,S.pneumoniae-macrolides,27.07774798,1.683,0.0,10.382,2.384,0.483,2.187,0.078,1.894,0.151,0.725,19.967000000000002,1730.2,235.66,94.2
ES,2022,S.pneumoniae-macrolides,20.81218274,1.533,0.0,12.255,2.77,0.512,3.004,0.072,2.163,0.133,0.782,23.223999999999997,1537.27,383.27,95.1
ES,2023,S.pneumoniae-macrolides,21.1359404,1.491,0.0,12.967,2.904,0.544,2.987,0.064,2.223,0.118,0.81,24.107999999999997,1543.89,337.49,96.2
ES,2024,S.pneumoniae-macrolides,23.66412213,1.597,0.0,12.686,2.858,0.58,3.323,0.056,2.153,0.124,0.818,24.195,1496.82,304.19,97.2
FI,2005,S.pneumoniae-macrolides,19.14414414,4.194,0.0,5.06,3.108,1.878,2.056,0.03,1.241,0.0,2.849,20.416,,,17.2
FI,2006,S.pneumoniae-macrolides,23.89558232,3.966,0.0,4.905,3.165,1.79,1.818,0.025,1.24,0.0,2.814,19.723000000000003,,,17.3
FI,2007,S.pneumoniae-macrolides,23.9488117,4.172,0.0,5.275,3.274,1.754,1.829,0.022,1.277,0.0,2.644,20.247,,,17.4
FI,2008,S.pneumoniae-macrolides,23.95023328,4.243,0.0,5.287,3.283,1.199,1.601,0.017,1.173,0.0,2.69,19.493000000000002,,,17.5
FI,2009,S.pneumoniae-macrolides,26.95139911,4.25,0.0,5.285,3.284,1.199,1.626,0.017,1.246,0.0,2.69,19.597,,,17.6
FI,2010,S.pneumoniae-macrolides,27.01812191,4.305,0.0,5.551,3.222,1.149,1.615,0.017,1.216,0.0,2.655,19.73,,,17.6
FI,2011,S.pneumoniae-macrolides,24.45141065,4.978,0.0,5.533,3.335,1.191,1.979,0.017,1.286,0.0,2.662,20.980999999999998,,,17.7
FI,2012,S.pneumoniae-macrolides,21.84300341,4.917,0.0,5.417,3.211,1.077,1.707,0.016,1.189,0.0,2.634,20.168,,,17.8
FI,2013,S.pneumoniae-macrolides,18.26484018,4.537,0.0,5.366000000000001,3.19,1.014,1.42,0.009,1.132,0.0,2.436,19.104,,,17.9
FI,2014,S.pneumoniae-macrolides,14.15094339,4.333,0.0,5.494,3.144,0.964,1.301,0.006,1.109,0.0,2.303,18.654,,,18.0
FI,2015,S.pneumoniae-macrolides,13.9869281,4.125,0.0,5.387,2.991,0.91,1.175,0.016,0.988,0.0,2.086,17.678,,,18.0
FI,2016,S.pneumoniae-macrolides,11.37800252,3.91,0.0,5.302,3.015,1.196,1.048,0.017,0.994,0.0,1.934,17.416,5343.23,0.0,18.1
FI,2017,S.pneumoniae-macrolides,14.97524752,3.452,0.0,4.942,2.779,1.105,0.873,0.015,0.888,0.0,1.653,15.707,5525.81,0.0,18.1
FI,2018,S.pneumoniae-macrolides,12.09800918,3.21,0.0,4.954,2.903,1.064,0.837,0.017,0.821,0.0,1.643,15.449000000000002,5365.18,8.84,18.1
FI,2019,S.pneumoniae-macrolides,10.53435114,3.161,0.0,4.927,2.632,1.159,0.755,0.017,0.62,0.0,1.388,14.658999999999999,5500.24,0.9,18.2
FI,2020,S.pneumoniae-macrolides,11.80555555,2.492,0.0,3.617,2.28,1.032,0.555,0.016,0.549,0.0,1.354,11.895,4887.41,0.42,18.1
FI,2021,S.pneumoniae-macrolides,13.28903654,2.312,0.0,3.497,2.195,1.021,0.495,0.013,0.488,0.0,1.269,11.29,5636.13,7.84,18.2
FI,2022,S.pneumoniae-macrolides,11.06382978,2.579,0.0,4.344,2.222,0.984,0.58,0.011,0.524,0.0,1.233,12.477000000000002,5289.78,2.4,18.3
FI,2023,S.pneumoniae-macrolides,11.22244488,2.66,0.0,4.765,2.129,1.025,0.635,0.011,0.527,0.0,1.184,12.936,5448.45,1.49,18.4
FI,2024,S.pneumoniae-macrolides,10.58091286,3.318,0.0,4.841,1.992,0.9480000000000002,0.776,0.009,0.487,0.0,1.236,13.607000000000001,5151.26,0.44,18.5
FR,2005,S.pneumoniae-macrolides,40.50632911,3.638,0.001,10.766,3.488,0.52,4.681,0.13,2.514,0.036,0.722,26.496000000000002,,,99.6
FR,2006,S.pneumoniae-macrolides,35.94594594,3.496,0.001,10.752,3.014,0.508,4.059,0.129,2.515,0.029,0.655,25.157999999999998,,,100.2
FR,2007,S.pneumoniae-macrolides,35.59577677,3.364,0.004,10.976,3.198,0.527,4.232,0.129,2.602,0.023,0.647,25.702,,,100.9
FR,2008,S.pneumoniae-macrolides,30.70017953,3.465,0.001,10.895,2.77,0.515,4.278,0.125,2.396,0.012,0.669,25.126,,,101.4
FR,2009,S.pneumoniae-macrolides,26.87651331,3.415,0.003,11.752,3.183,0.465,4.274,0.124,2.311,0.0,0.688,26.215,,,101.9
FR,2010,S.pneumoniae-macrolides,29.45874001,3.187,0.001,11.454,2.973,0.459,3.861,0.107,2.291,0.0,0.7010000000000002,25.034,,,102.4
FR,2011,S.pneumoniae-macrolides,25.54847841,3.115,0.001,11.994,2.82,0.422,3.963,0.103,2.036,0.0,0.644,25.098,,,102.9
FR,2012,S.pneumoniae-macrolides,27.66990291,3.31,0.001,12.599,2.676,0.486,3.81,0.091,2.182,0.0,0.583,25.738,,,103.4
FR,2013,S.pneumoniae-macrolides,27.63873775,3.374,0.001,13.275,2.548,0.32,3.604,0.089,2.09,0.013,0.584,25.898000000000003,,,103.9
FR,2014,S.pneumoniae-macrolides,23.01829268,3.244,0.001,13.031,2.368,0.522,3.125,0.093,1.99,0.007,0.537,24.918000000000003,,,104.6
FR,2015,S.pneumoniae-macrolides,24.43820224,3.28,0.001,13.546,2.441,0.449,3.343,0.092,1.826,0.0,0.589,25.566999999999997,,,105.1
FR,2016,S.pneumoniae-macrolides,22.94455066,3.261,0.001,14.174,2.269,0.451,3.085,0.089,1.731,0.0,0.582,25.643,2424.12,48.87,105.3
FR,2017,S.pneumoniae-macrolides,23.12703583,3.03,0.001,13.843,1.918,0.484,3.159,0.081,1.56,0.0,0.627,24.702999999999996,2362.84,67.3,105.6
FR,2018,S.pneumoniae-macrolides,23.92344497,3.174,0.001,14.168,1.727,0.461,3.001,0.072,1.528,0.632,0.587,25.351,2209.97,65.0,105.9
FR,2019,S.pneumoniae-macrolides,19.38291139,3.243,0.001,14.186,1.608,0.479,2.938,0.069,1.378,0.589,0.599,25.09,2274.73,86.97,106.1
FR,2020,S.pneumoniae-macrolides,21.55688622,2.962,0.001,10.803,1.199,0.51,2.493,0.06,1.246,0.537,0.528,20.339,2064.45,75.76,106.3
FR,2021,S.pneumoniae-macrolides,23.00224047,3.156,0.001,11.776,1.225,0.554,2.49,0.055,1.164,0.534,0.591,21.546,2439.61,30.18,106.6
FR,2022,S.pneumoniae-macrolides,24.78448275,2.799,0.001,13.887,1.419,0.5740000000000001,3.233,0.051,1.311,0.437,0.599,24.311000000000003,2058.81,115.48,107.6
FR,2023,S.pneumoniae-macrolides,23.87806943,2.806,0.001,13.909,1.397,0.547,3.222,0.052,1.178,0.332,0.617,24.061000000000003,2071.09,86.12,107.9
FR,2024,S.pneumoniae-macrolides,28.61035422,3.171,0.001,16.013,1.3,0.491,3.413,0.045,1.128,0.321,0.637,26.520000000000007,2102.8,61.64,108.5
HR,2005,S.pneumoniae-macrolides,17.91044776,2.154,0.001,9.214,4.244,1.693,2.998,0.122,1.768,0.0,0.693,22.887000000000004,,,76.2
HR,2006,S.pneumoniae-macrolides,16.21621621,1.88,0.0,8.115,3.918,1.479,2.931,0.12,1.779,0.0,0.748,20.970000000000002,,,76.2
HR,2007,S.pneumoniae-macrolides,8.82352941,1.933,0.001,8.32,4.202,0.001,3.601,0.109,1.624,0.0,0.586,20.377,,,76.2
HR,2008,S.pneumoniae-macrolides,15.38461538,1.889,0.0,8.307,4.545,0.002,3.543,0.123,1.673,0.0,0.771,20.853,,,76.2
HR,2010,S.pneumoniae-macrolides,27.72277227,1.196,0.001,7.063,3.941,0.003,3.17,0.144,1.525,0.0,0.815,17.858,,,75.9
HR,2011,S.pneumoniae-macrolides,23.57723577,1.448,0.001,7.153,3.474,0.002,3.022,0.109,1.513,0.0,0.707,17.429,,,75.7
HR,2012,S.pneumoniae-macrolides,28.86597938,1.248,0.001,8.23,4.069,0.001,3.132,0.113,1.681,0.0,0.816,19.291,,,75.4
HR,2013,S.pneumoniae-macrolides,31.89655172,1.238,0.001,8.22,3.471,0.0,2.948,0.101,1.662,0.0,0.843,18.483999999999998,,,75.2
HR,2014,S.pneumoniae-macrolides,21.55172413,1.165,0.001,8.397,3.331,0.0,3.045,0.137,1.696,0.0,0.939,18.711,,,74.9
HR,2015,S.pneumoniae-macrolides,19.04761904,1.183,0.001,8.546,3.283,0.001,3.249,0.102,1.705,0.0,0.995,19.065,,,74.4
HR,2016,S.pneumoniae-macrolides,33.76623376,1.06,0.001,8.329,2.994,0.633,2.862,0.098,1.701,0.0,1.045,18.723,2295.64,111.19,74.6
HR,2017,S.pneumoniae-macrolides,36.22047244,1.032,0.001,8.279,3.021,0.591,2.904,0.096,1.731,0.0,0.922,18.577,2354.95,202.95,73.9
HR,2018,S.pneumoniae-macrolides,32.16783216,1.013,0.001,8.307,3.053,0.535,2.994,0.101,1.723,0.0,1.078,18.805,2166.74,145.94,73.2
HR,2019,S.pneumoniae-macrolides,29.87012987,0.965,0.001,8.388,3.11,0.53,2.971,0.091,1.601,0.0,1.135,18.792,2106.64,186.64,72.8
HR,2020,S.pneumoniae-macrolides,40.0,0.82,0.0,6.552,2.593,0.47,2.628,0.072,1.417,0.0,1.108,15.66,2170.86,124.56,72.8
HR,2021,S.pneumoniae-macrolides,22.78481012,1.005,0.0,7.337,2.961,0.513,3.259,0.088,1.678,0.0,1.314,18.155,2399.07,190.55,72.4
HR,2022,S.pneumoniae-macrolides,26.50602409,0.964,0.0,8.296,3.328,0.524,3.809,0.091,1.744,0.0,1.406,20.162,2146.64,202.43,69.0
HR,2023,S.pneumoniae-macrolides,16.92307692,1.052,0.0,8.763,3.556,0.559,3.914,0.114,1.761,0.0,1.5,21.218999999999998,1984.3,176.62,69.0
HR,2024,S.pneumoniae-macrolides,20.0,1.089,0.0,9.297,3.509,0.5730000000000001,4.103,0.097,1.7,0.0,1.595,21.963,1942.27,312.07,69.2
HU,2005,S.pneumoniae-macrolides,30.15873015,1.802,0.0,6.626,2.574,1.041,4.083,0.055,2.157,0.0,0.069,18.407,,,108.4
HU,2006,S.pneumoniae-macrolides,18.75,1.502,0.0,5.519,2.349,0.864,3.619,0.054,2.051,0.0,0.339,16.297,,,108.3
HU,2007,S.pneumoniae-macrolides,35.0,1.458,0.0,5.305,1.872,0.767,3.022,0.045,1.729,0.0,0.328,14.526,,,108.1
HU,2008,S.pneumoniae-macrolides,31.01265822,1.456,0.0,4.605,2.109,0.728,3.206,0.045,2.003,0.0,0.34,14.492,,,107.9
HU,2009,S.pneumoniae-macrolides,19.40298507,1.383,0.0,5.294,2.233,0.688,3.14,0.043,2.045,0.0,0.182,15.008000000000001,,,107.7
HU,2010,S.pneumoniae-macrolides,24.06015037,1.416,0.0,4.989,2.205,0.641,3.164,0.043,2.239,0.0,0.14,14.837,,,107.5
HU,2011,S.pneumoniae-macrolides,14.72868217,1.312,0.0,5.184,2.179,0.588,3.16,0.042,2.168,0.0,0.248,14.880999999999998,,,107.2
HU,2012,S.pneumoniae-macrolides,19.72789115,1.213,0.0,4.913,2.058,0.562,2.854,0.043,2.184,0.0,0.28,14.107000000000001,,,106.6
HU,2013,S.pneumoniae-macrolides,14.3884892,1.215,0.0,4.967000000000001,2.12,0.5650000000000001,2.932,0.042,2.323,0.0,0.312,14.476,,,106.4
HU,2014,S.pneumoniae-macrolides,14.63414634,1.216,0.0,4.964,2.196,0.538,3.257,0.042,2.644,0.0,0.34,15.197,,,108.1
HU,2015,S.pneumoniae-macrolides,10.58823529,1.248,0.0,5.082,2.316,0.548,3.44,0.041,2.932,0.0,0.272,15.879,,,107.9
HU,2016,S.pneumoniae-macrolides,13.25301204,1.14,0.0,4.7,2.397,0.52,2.942,0.04,2.598,0.0,0.148,14.485,2715.27,62.86,107.6
HU,2017,S.pneumoniae-macrolides,11.76470588,1.106,0.0,4.825,2.472,0.48,2.938,0.04,2.624,0.0,0.167,14.652000000000001,2752.31,141.1,107.3
HU,2018,S.pneumoniae-macrolides,14.7368421,1.15,0.0,4.933,2.514,0.4750000000000001,2.972,0.026,2.516,0.0,0.352,14.937999999999999,2476.88,123.08,107.1
HU,2019,S.pneumoniae-macrolides,12.09302325,1.242,0.0,4.923,2.462,0.48,2.938,0.03,2.086,0.0,0.379,14.539999999999997,2389.46,147.71,107.1
HU,2020,S.pneumoniae-macrolides,17.39130434,1.235,0.0,3.421,1.819,0.416,2.45,0.037,1.56,0.0,0.403,11.341000000000001,2553.61,69.64,107.1
HU,2021,S.pneumoniae-macrolides,14.85714285,1.3,0.0,3.537,1.729,0.408,3.083,0.031,1.55,0.0,0.41,12.048,2808.93,165.31,106.9
HU,2022,S.pneumoniae-macrolides,10.76388888,1.176,0.0,4.683,1.931,0.463,3.931,0.028,1.788,0.0,0.513,14.513,2556.51,162.1,105.3
HU,2023,S.pneumoniae-macrolides,14.33691756,1.132,0.0,4.768,2.142,0.454,3.465,0.036,1.643,0.0,0.5760000000000001,14.216000000000001,2330.28,120.4,105.1
HU,2024,S.pneumoniae-macrolides,13.56382978,1.031,0.0,4.844,2.208,0.425,3.299,0.036,1.361,0.0,0.5710000000000001,13.775,2292.36,271.54,104.8
IE,2005,S.pneumoniae-macrolides,11.73333333,3.278,0.001,7.734,1.874,0.935,3.234,0.037,0.909,0.0,0.378,18.380000000000003,,,60.8
IE,2006,S.pneumoniae-macrolides,15.85677749,3.386,0.001,8.412,2.029,0.988,3.845,0.078,1.138,0.0,0.253,20.130000000000003,,,62.5
IE,2007,S.pneumoniae-macrolides,15.75,3.332,0.001,8.823,2.043,0.722,4.288,0.043,1.161,0.0,0.21,20.623,,,64.3
IE,2008,S.pneumoniae-macrolides,16.38141809,3.209,0.001,8.898,1.685,1.04,4.347,0.123,1.195,0.0,0.239,20.737,,,65.6
IE,2009,S.pneumoniae-macrolides,17.26190476,2.757,0.001,8.322000000000001,1.437,1.169,3.987,0.115,1.039,0.0,0.204,19.031,,,66.3
IE,2010,S.pneumoniae-macrolides,15.51724137,2.617,0.001,8.52,1.356,0.876,3.923,0.071,1.027,0.0,0.239,18.63,,,66.7
IE,2011,S.pneumoniae-macrolides,17.74193548,2.807,0.001,9.599,1.351,0.912,4.445,0.067,1.046,0.0,0.231,20.459000000000003,,,67.0
IE,2012,S.pneumoniae-macrolides,16.93811074,2.952,0.001,9.763,1.384,0.909,4.428,0.068,0.986,0.0,0.215,20.706,,,67.3
IE,2013,S.pneumoniae-macrolides,17.04918032,2.986,0.001,10.15,1.517,0.707,4.655,0.071,0.98,0.0,0.248,21.315,,,67.6
IE,2014,S.pneumoniae-macrolides,13.88012618,2.748,0.001,10.25,1.274,0.728,4.424,0.062,0.94,0.0,0.241,20.668,,,67.8
IE,2015,S.pneumoniae-macrolides,13.85135135,2.611,0.001,12.139,1.34,0.906,4.468,0.088,1.033,0.0,0.225,22.811,,,68.5
IE,2016,S.pneumoniae-macrolides,13.27683615,2.579,0.001,11.035,1.34,1.152,4.648,0.089,0.976,0.0,0.222,22.042,2763.23,0.0,69.3
IE,2017,S.pneumoniae-macrolides,12.87878787,2.825,0.001,10.272,1.264,0.899,4.41,0.101,0.902,0.0,0.214,20.887999999999998,2687.76,0.0,70.0
IE,2018,S.pneumoniae-macrolides,13.60381861,2.647,0.001,10.505,1.331,1.079,4.255,0.1,0.859,0.0,1.547,22.324,2772.27,0.0,70.9
IE,2019,S.pneumoniae-macrolides,12.64705882,3.012,0.001,10.831,1.367,1.061,4.056,0.105,0.622,0.0,1.58,22.634999999999998,2725.23,0.0,71.9
IE,2020,S.pneumoniae-macrolides,12.94117647,2.993,0.001,7.959,1.152,1.102,3.082,0.078,0.473,0.0,1.556,18.396,2762.76,0.0,71.9
IE,2021,S.pneumoniae-macrolides,12.57861635,2.97,0.001,7.842,1.146,1.007,2.626,0.071,0.422,0.0,1.511,17.596,2663.39,0.16,72.6
IE,2022,S.pneumoniae-macrolides,15.92592592,3.802,0.001,10.976,1.521,0.934,3.466,0.071,0.44,0.0,1.51,22.721000000000004,2566.8,0.02,75.9
IE,2023,S.pneumoniae-macrolides,15.01501501,3.995,0.001,11.375,0.769,0.9530000000000002,3.296,0.071,0.431,0.0,1.537,22.427999999999997,2417.79,0.01,77.4
IE,2024,S.pneumoniae-macrolides,13.39031339,4.265,0.001,11.33,1.116,0.886,3.505,0.077,0.395,0.0,1.397,22.971999999999998,2617.79,0.0,78.6
IS,2005,S.pneumoniae-macrolides,16.66666666,5.46,0.0,9.633,0.51,1.968,1.827,0.049,0.786,0.0,0.663,20.895999999999997,,,3.0
IS,2006,S.pneumoniae-macrolides,9.80392156,,,,,,,,,,,,,,3.0
IS,2007,S.pneumoniae-macrolides,16.66666666,,,,,,,,,,,,,,3.1
IS,2008,S.pneumoniae-macrolides,19.56521739,,,,,,,,,,,,,,3.2
IS,2009,S.pneumoniae-macrolides,8.57142857,,,,,,,,,,,,,,3.2
IS,2010,S.pneumoniae-macrolides,10.81081081,5.054,0.0,9.6,0.612,0.42,1.559,0.0,1.016,0.0,1.032,19.293,,,3.2
IS,2011,S.pneumoniae-macrolides,21.875,4.891,0.0,9.654,0.625,0.503,1.577,0.018,1.054,0.0,1.042,19.364,,,3.2
IS,2012,S.pneumoniae-macrolides,7.4074074,4.78,0.0,9.606,0.689,0.486,1.66,0.024,1.012,0.0,0.928,19.185,,,3.2
IS,2013,S.pneumoniae-macrolides,,4.667,0.0,9.226,0.765,0.453,1.71,0.022,1.124,0.0,1.119,19.086000000000002,,,3.2
IS,2014,S.pneumoniae-macrolides,12.5,,,,,,,,,,,,,,3.3
IS,2015,S.pneumoniae-macrolides,12.0,,,,,,,,,,,,,,3.3
IS,2016,S.pneumoniae-macrolides,,,,,,,,,,,,,,,3.3
IS,2017,S.pneumoniae-macrolides,18.51851851,5.219,0.0,9.773,0.891,0.535,1.841,0.026,0.913,0.0,1.519,20.717,,,3.4
IS,2018,S.pneumoniae-macrolides,12.9032258,5.225000000000001,0.0,9.747,0.862,0.5680000000000001,1.792,0.027,0.907,0.0,1.257,20.385,,,3.5
IS,2019,S.pneumoniae-macrolides,15.9090909,5.346,0.0,9.085,0.799,0.5730000000000001,1.567,0.026,0.616,0.0,1.283,19.295,,,3.6
IS,2020,S.pneumoniae-macrolides,30.0,4.841,0.0,7.432,0.754,0.536,1.293,0.032,0.532,0.0,1.069,16.489,,,3.6
IS,2021,S.pneumoniae-macrolides,,4.437,0.0,7.95,0.8290000000000002,0.5630000000000001,1.193,0.022,0.496,0.0,1.265,16.755000000000003,,,3.6
IS,2022,S.pneumoniae-macrolides,31.42857142,4.648,0.0,9.13,1.038,0.553,1.39,0.021,0.505,0.0,1.321,18.606,,,3.8
IS,2023,S.pneumoniae-macrolides,13.15789473,4.133,0.0,9.131,1.238,0.582,1.479,0.029,0.471,0.0,1.47,18.532999999999998,,,3.8
IS,2024,S.pneumoniae-macrolides,13.51351351,4.834000000000001,0.0,9.384,1.054,0.635,1.814,0.029,0.449,0.0,1.644,19.843,,,3.8
IT,2005,S.pneumoniae-macrolides,26.73611111,0.473,0.066,8.952,3.135,0.595,4.997,0.058,3.331,0.0,0.646,22.253,,,196.4
IT,2006,S.pneumoniae-macrolides,30.70539419,,,,,,,,,,,,,,197.0
IT,2007,S.pneumoniae-macrolides,28.13688212,0.512,0.073,10.523,2.946,0.553,5.028,0.081,3.781,0.0,0.807,24.304,,,198.0
IT,2008,S.pneumoniae-macrolides,23.66863905,0.557,0.047,10.817,3.118,0.002,5.482,0.121,3.909,0.0,0.934,24.987000000000002,,,199.3
IT,2009,S.pneumoniae-macrolides,19.37172774,,,,,,,,,,,,,,200.2
IT,2010,S.pneumoniae-macrolides,27.27272727,0.5630000000000001,0.059,10.423,2.917,0.003,5.281,0.087,3.924,0.0,0.92,24.177,,,200.9
IT,2011,S.pneumoniae-macrolides,27.44360902,0.538,0.064,11.015,2.891,0.002,5.113,0.067,3.894,0.0,1.108,24.692000000000004,,,201.2
IT,2012,S.pneumoniae-macrolides,33.74485596,0.558,0.061,10.911,2.781,0.001,4.883,0.079,3.914,0.0,1.027,24.215000000000003,,,201.8
IT,2013,S.pneumoniae-macrolides,24.11167512,0.579,0.065,11.386,2.896,0.0,4.987,0.075,3.976,0.0,0.834,24.798,,,199.4
IT,2014,S.pneumoniae-macrolides,27.38095238,0.608,0.064,11.086,2.748,0.0,4.86,0.072,3.806,0.0,0.849,24.093,,,206.0
IT,2015,S.pneumoniae-macrolides,23.36448598,0.5760000000000001,0.059,11.005,2.69,0.0,4.803,0.286,3.804,0.0,0.856,24.079,,,205.8
IT,2016,S.pneumoniae-macrolides,22.4137931,0.591,0.054,10.921,2.559,0.4140000000000001,4.518,0.487,3.627,0.0,0.851,24.022,1868.47,183.68,205.4
IT,2017,S.pneumoniae-macrolides,22.70450751,0.51,0.052,9.36,2.331,0.781,3.936,0.069,3.073,0.0,0.799,20.910999999999998,1991.03,284.26,203.3
IT,2018,S.pneumoniae-macrolides,20.2739726,0.55,0.053,9.477,2.501,0.851,4.051,0.068,3.013,0.0,0.845,21.409,1848.86,220.66,202.9
IT,2019,S.pneumoniae-macrolides,22.26502311,0.593,0.056,9.81,2.729,1.018,4.261,0.058,2.245,0.0,0.922,21.692000000000004,1931.26,276.73,201.5
IT,2020,S.pneumoniae-macrolides,24.10015649,0.624,0.042,7.836,2.132,1.05,3.879,0.057,1.874,0.0,0.927,18.421,1863.17,223.82,200.6
IT,2021,S.pneumoniae-macrolides,24.49297971,0.685,0.026,7.571,2.006,1.033,3.416,0.054,1.771,0.0,0.97,17.532,2024.69,273.46,199.6
IT,2022,S.pneumoniae-macrolides,25.02187226,0.673,0.021,9.51,2.6,1.077,4.917,0.049,1.974,0.0,1.035,21.855999999999998,1821.07,358.04,198.1
IT,2023,S.pneumoniae-macrolides,26.22663551,0.7000000000000002,0.015,10.831,2.955,1.214,4.338,0.051,1.932,0.0,1.046,23.081999999999997,1758.88,287.11,198.1
IT,2024,S.pneumoniae-macrolides,27.14955706,0.713,0.012,10.495,2.8,1.23,4.277,0.047,1.783,0.0,1.004,22.361,1678.29,365.17,198.0
LI,2022,S.pneumoniae-macrolides,,,,,,,,,,,,,,,250.0
LI,2023,S.pneumoniae-macrolides,,,,,,,,,,,,,,,252.2
LI,2024,S.pneumoniae-macrolides,,,,,,,,,,,,,,,256.0
LT,2006,S.pneumoniae-macrolides,0.0,1.721,0.049,14.505,0.87,0.011,1.107,1.551,0.834,0.0,1.444,22.092,,,52.2
LT,2007,S.pneumoniae-macrolides,9.375,2.47,0.001,9.512,1.805,0.011,1.922,0.36,1.457,0.0,2.188,19.726,,,51.6
LT,2008,S.pneumoniae-macrolides,6.38297872,2.366,0.0,8.921,3.203,0.009,2.044,0.382,1.553,0.0,2.521,20.999,,,51.0
LT,2009,S.pneumoniae-macrolides,2.27272727,2.002,0.0,6.805,1.263,0.006,1.927,0.243,1.222,0.0,2.733,16.201,,,50.5
LT,2010,S.pneumoniae-macrolides,0.0,1.681,0.0,6.377,1.089,0.009,1.667,0.15,1.085,0.0,1.984,14.041999999999998,,,49.4
LT,2011,S.pneumoniae-macrolides,21.95121951,1.646,0.0,6.914,1.321,0.008,1.91,0.147,1.191,0.0,1.972,15.109,,,48.3
LT,2012,S.pneumoniae-macrolides,22.85714285,1.599,0.0,6.823,1.489,0.009,1.943,0.193,1.37,0.0,1.499,14.925000000000002,,,47.7
LT,2013,S.pneumoniae-macrolides,17.85714285,1.612,0.0,7.91,1.835,0.009,2.45,0.139,1.128,0.0,1.56,16.643,,,47.2
LT,2014,S.pneumoniae-macrolides,22.58064516,1.444,0.0,6.718,1.723,0.011,1.966,0.102,1.084,0.0,1.625,14.673000000000002,,,46.8
LT,2015,S.pneumoniae-macrolides,12.5,1.389,0.0,7.166,1.885,0.011,1.981,0.106,1.191,0.0,1.633,15.361999999999998,,,46.4
LT,2016,S.pneumoniae-macrolides,18.08510638,1.511,0.0,7.204,1.973,0.01,2.039,0.085,1.155,0.0,1.679,15.655999999999999,3833.02,7.59,45.8
LT,2017,S.pneumoniae-macrolides,15.88785046,1.454,0.0,7.4,2.071,0.671,2.152,0.075,1.108,0.0,1.423,16.354,3764.21,4.59,45.2
LT,2018,S.pneumoniae-macrolides,20.65217391,1.39,0.0,7.182,2.106,0.706,2.184,0.065,1.065,0.0,1.434,16.132,3692.16,24.68,44.7
LT,2019,S.pneumoniae-macrolides,10.08403361,1.474,0.0,6.949,2.178,0.834,2.187,0.065,1.018,0.0,1.594,16.299,3394.26,11.47,44.6
LT,2020,S.pneumoniae-macrolides,14.58333333,1.539,0.0,5.536,1.992,0.662,1.776,0.049,0.925,0.0,1.719,14.198,3310.44,1.14,44.6
LT,2021,S.pneumoniae-macrolides,18.34862385,1.4,0.0,6.129,1.93,0.778,1.55,0.049,0.779,0.0,1.473,14.088000000000001,4022.5,48.74,44.6
LT,2022,S.pneumoniae-macrolides,14.53488372,1.622,0.0,8.51,2.391,0.958,2.341,0.06,0.858,0.0,1.756,18.496000000000002,3778.37,18.95,45.2
LT,2023,S.pneumoniae-macrolides,18.18181818,1.864,0.0,7.377,2.772,1.078,2.925,0.058,0.945,0.0,1.702,18.720999999999997,3467.03,16.43,45.8
LT,2024,S.pneumoniae-macrolides,14.90384615,1.849,0.0,8.532,2.179,0.336,4.064,0.052,0.868,0.0,1.609,19.489000000000004,3232.22,10.13,46.1
LU,2005,S.pneumoniae-macrolides,21.73913043,2.237,0.001,8.51,5.799,0.396,3.211,0.097,2.92,0.001,1.42,24.592,,,179.9
LU,2006,S.pneumoniae-macrolides,22.58064516,2.019,0.001,8.365,4.952,0.366,3.53,0.09,2.829,0.0,1.051,23.203,,,182.8
LU,2007,S.pneumoniae-macrolides,23.8095238,2.115,0.001,9.15,5.186,0.377,3.954,0.091,3.067,0.0,1.175,25.116000000000003,,,185.6
LU,2008,S.pneumoniae-macrolides,12.5,2.175,0.001,9.191,4.924,0.384,3.962,0.084,3.025,0.0,1.217,24.963,,,189.0
LU,2009,S.pneumoniae-macrolides,9.83606557,2.093,0.001,9.685,5.002,0.4,4.044,0.072,3.074,0.0,1.325,25.696,,,192.5
LU,2010,S.pneumoniae-macrolides,16.0,1.977,0.001,9.631,4.694,0.38,3.887,0.072,3.114,0.0,1.337,25.093,,,196.0
LU,2011,S.pneumoniae-macrolides,15.38461538,1.996,0.001,9.634,4.442,0.369,4.056,0.063,3.094,0.0,1.522,25.177,,,200.4
LU,2012,S.pneumoniae-macrolides,15.78947368,1.887,0.002,9.802,4.256,0.354,4.175,0.071,3.009,0.0,1.426,24.981999999999996,,,205.3
LU,2013,S.pneumoniae-macrolides,24.48979591,1.863,0.002,9.815,4.41,0.393,4.107,0.058,2.878,0.0,1.437,24.963,,,210.1
LU,2014,S.pneumoniae-macrolides,14.28571428,1.734,0.001,9.19,3.925,0.335,3.813,0.079,2.778,0.0,1.391,23.245999999999995,,,215.1
LU,2015,S.pneumoniae-macrolides,0.0,1.699,0.002,9.565,3.99,0.304,3.791,0.057,2.678,0.0,1.377,23.462999999999997,,,220.3
LU,2016,S.pneumoniae-macrolides,15.6862745,1.786,0.001,8.931000000000001,3.911,0.297,3.993,0.057,2.618,0.0,1.349,22.943,3050.44,11.09,225.1
LU,2017,S.pneumoniae-macrolides,8.1632653,1.102,0.054,7.369,2.863,0.596,5.648,0.061,2.961,0.0,1.902,22.556,3010.9,11.11,230.6
LU,2018,S.pneumoniae-macrolides,11.11111111,2.086,0.004,9.015,3.288,0.307,3.577,0.046,2.211,0.0,1.552,22.086,2818.52,31.41,235.1
LU,2019,S.pneumoniae-macrolides,7.89473684,2.055,0.005,8.806000000000001,3.187,0.333,3.421,0.044,1.716,0.0,1.572,21.139,2959.01,34.97,239.8
LU,2020,S.pneumoniae-macrolides,12.5,1.606,0.004,6.477,2.156,0.347,2.603,0.022,1.387,0.0,1.51,16.112000000000002,2761.9,39.88,239.8
LU,2021,S.pneumoniae-macrolides,28.57142857,1.589,0.004,6.456,2.01,0.3500000000000001,2.504,0.023,1.379,0.0,1.58,15.895000000000001,3178.78,1.45,243.8
LU,2022,S.pneumoniae-macrolides,15.9090909,1.447,0.001,8.372,2.382,0.366,3.362,0.031,1.477,0.0,1.617,19.055000000000003,2775.63,16.53,252.6
LU,2023,S.pneumoniae-macrolides,11.11111111,1.671,0.001,9.181,2.379,0.419,3.609,0.042,1.462,0.0,1.468,20.232,2746.25,2.55,257.7
LU,2024,S.pneumoniae-macrolides,9.09090909,1.696,0.001,9.535,2.371,0.442,4.385,0.031,1.465,0.0,1.644,21.57,2778.44,9.48,261.8
LV,2005,S.pneumoniae-macrolides,0.0,2.831,0.004,5.644,1.16,1.103,1.196,0.241,1.563,0.0,0.736,14.478,,,35.9
LV,2006,S.pneumoniae-macrolides,2.77777777,2.751,0.0,4.743,1.709,0.002,1.133,0.419,1.375,0.0,0.659,12.791,,,35.6
LV,2007,S.pneumoniae-macrolides,0.0,2.945,0.0,5.037,1.939,0.004,1.446,0.45,1.397,0.0,0.68,13.898,,,35.3
LV,2008,S.pneumoniae-macrolides,,2.366,0.0,4.203,1.635,0.932,1.088,0.428,1.348,0.0,0.481,12.481,,,35.0
LV,2009,S.pneumoniae-macrolides,0.0,2.265,0.0,3.948,1.179,1.199,0.999,0.318,1.198,0.0,0.392,11.498,,,34.4
LV,2010,S.pneumoniae-macrolides,5.26315789,2.477,0.0,4.209000000000001,1.757,0.003,1.262,0.325,1.244,0.0,0.3500000000000001,11.627,,,33.7
LV,2011,S.pneumoniae-macrolides,0.0,1.571,0.001,2.405,0.525,0.003,0.836,0.072,0.775,0.0,0.402,6.59,,,33.1
LV,2012,S.pneumoniae-macrolides,4.6875,2.699,0.001,4.564,1.113,0.005,1.679,0.117,1.332,0.0,0.751,12.260999999999997,,,32.7
LV,2013,S.pneumoniae-macrolides,1.51515151,2.474,0.001,4.79,1.181,0.006,1.884,0.105,1.371,0.0,0.8,12.612,,,32.4
LV,2014,S.pneumoniae-macrolides,4.08163265,2.319,0.001,4.471,1.145,0.009,1.765,0.094,1.351,0.0,0.889,12.043999999999999,,,32.0
LV,2015,S.pneumoniae-macrolides,5.17241379,2.288,0.001,4.78,1.186,0.007,1.993,0.091,1.32,0.0,0.935,12.600999999999999,,,31.8
LV,2016,S.pneumoniae-macrolides,5.76923076,2.283,0.001,4.686,1.21,0.884,1.944,0.082,1.308,0.0,0.96,13.358,4011.73,5.12,31.0
LV,2017,S.pneumoniae-macrolides,3.57142857,2.282,0.001,5.066,1.303,0.897,2.117,0.08,1.272,0.0,0.923,13.941,4009.3,0.86,30.7
LV,2018,S.pneumoniae-macrolides,9.09090909,2.223,0.0,5.011,1.223,0.8300000000000002,2.288,0.074,1.227,0.0,0.91,13.786000000000001,3870.56,24.16,30.4
LV,2019,S.pneumoniae-macrolides,5.26315789,2.338,0.001,5.068000000000001,1.272,0.842,2.277,0.065,1.07,0.0,0.96,13.893000000000004,3633.98,3.22,30.2
LV,2020,S.pneumoniae-macrolides,11.11111111,2.428,0.001,4.0,1.093,0.559,1.83,0.061,0.926,0.0,1.001,11.899,3413.39,1.52,30.2
LV,2021,S.pneumoniae-macrolides,0.0,2.773,0.001,3.797,0.992,0.455,1.742,0.044,0.814,0.0,1.028,11.646,4151.13,41.45,30.0
LV,2022,S.pneumoniae-macrolides,4.85436893,2.745,0.001,5.517,1.228,0.682,2.413,0.044,0.939,0.0,1.322,14.890999999999998,4022.19,13.13,29.7
LV,2023,S.pneumoniae-macrolides,5.97014925,2.715,0.001,5.386,1.314,0.617,2.342,0.04,0.886,0.0,1.474,14.775,3765.14,8.49,30.2
LV,2024,S.pneumoniae-macrolides,4.54545454,2.613,0.001,5.437,1.373,0.591,3.031,0.042,0.833,0.0,1.488,15.408999999999999,3445.66,3.16,30.0
MT,2005,S.pneumoniae-macrolides,,,,,,,,,,,,,,,1279.6
MT,2006,S.pneumoniae-macrolides,45.16129032,,,,,,,,,,,,,,1284.3
MT,2007,S.pneumoniae-macrolides,,0.958,0.001,6.197,3.275,0.208,3.403,0.055,1.821,0.0,0.288,16.206,,,1288.8
MT,2008,S.pneumoniae-macrolides,,1.144,0.001,6.403,5.241000000000001,0.214,3.955,0.057,1.925,0.0,0.268,19.208000000000002,,,1295.5
MT,2009,S.pneumoniae-macrolides,,1.135,0.001,6.407,5.836,0.203,4.117,0.046,1.811,0.0,0.295,19.851000000000003,,,1305.3
MT,2010,S.pneumoniae-macrolides,,1.12,0.001,7.009,5.41,0.309,3.436,0.079,2.021,0.12,0.399,19.904000000000003,,,1311.7
MT,2011,S.pneumoniae-macrolides,,1.108,0.001,7.276,6.023,0.32,3.889,0.097,2.059,0.291,0.544,21.608,,,1317.3
MT,2012,S.pneumoniae-macrolides,,1.748,0.001,6.388,5.514,0.232,3.91,0.064,2.217,0.291,0.455,20.82,,,1329.2
MT,2013,S.pneumoniae-macrolides,,1.077,0.001,6.9,5.76,0.222,4.178,0.086,3.166,0.311,0.534,22.235,,,1348.0
MT,2014,S.pneumoniae-macrolides,,1.333,0.001,7.096,4.808,0.318,4.016,0.107,3.421,0.66,0.648,22.408,,,1375.2
MT,2015,S.pneumoniae-macrolides,40.0,0.918,0.001,6.637,4.350000000000001,0.342,4.36,0.113,3.119,0.25,1.209,21.299000000000003,,,1408.4
MT,2016,S.pneumoniae-macrolides,,2.08,0.001,6.99,3.802,0.32,4.233,0.088,2.678,0.273,0.48,20.945,341.35,592.37,1450.2
MT,2017,S.pneumoniae-macrolides,,1.776,0.001,8.67,3.405,0.454,4.794,0.081,2.486,0.291,0.665,22.622999999999998,569.46,661.06,1495.2
MT,2018,S.pneumoniae-macrolides,24.32432432,1.618,0.001,6.949,2.944,0.368,4.63,0.081,2.603,0.282,0.784,20.26,386.91,613.66,1548.3
MT,2019,S.pneumoniae-macrolides,28.0,1.861,0.001,7.527,3.12,0.448,4.491,0.098,2.124,0.249,0.815,20.734,540.06,744.94,1595.1
MT,2020,S.pneumoniae-macrolides,,2.234,0.001,6.029,2.251,0.352,2.685,0.055,1.637,0.176,1.129,16.549,418.24,657.53,1610.4
MT,2021,S.pneumoniae-macrolides,,2.19,0.001,6.198,1.653,0.49,2.547,0.066,1.47,0.183,0.994,15.792000000000002,482.13,778.79,1646.4
MT,2022,S.pneumoniae-macrolides,,2.453,0.001,9.681,2.954,0.48,5.115,0.049,1.907,0.174,1.189,24.003,557.81,828.76,1696.8
MT,2023,S.pneumoniae-macrolides,53.84615384,2.615,0.001,9.201,2.993,0.367,4.776,0.069,1.724,0.028,1.139,22.913,414.17,731.92,1766.0
MT,2024,S.pneumoniae-macrolides,38.46153846,2.572,0.001,9.765,2.427,0.345,5.84,0.049,1.682,0.161,1.031,23.873,306.21,791.57,1817.4
NL,2005,S.pneumoniae-macrolides,9.71830985,,,,,,,,,,,,,,483.1
NL,2006,S.pneumoniae-macrolides,7.37704918,,,,,,,,,,,,,,483.8
NL,2007,S.pneumoniae-macrolides,5.86826347,,,,,,,,,,,,,,485.3
NL,2008,S.pneumoniae-macrolides,6.85714285,,,,,,,,,,,,,,487.2
NL,2009,S.pneumoniae-macrolides,4.56553755,,,,,,,,,,,,,,489.7
NL,2010,S.pneumoniae-macrolides,4.66772151,2.684,0.001,3.538,0.197,0.591,1.523,0.092,0.988,0.002,1.333,10.949000000000002,,,492.2
NL,2011,S.pneumoniae-macrolides,4.24597364,2.629,0.001,3.568,0.199,0.5750000000000001,1.566,0.086,0.947,0.0,1.416,10.987,,,494.5
NL,2012,S.pneumoniae-macrolides,3.96539293,2.517,0.0,3.584,0.21,0.553,1.573,0.08,0.923,0.0,1.502,10.942,,,496.9
NL,2013,S.pneumoniae-macrolides,4.14887126,2.349,0.001,3.499,0.217,0.495,1.451,0.08,0.868,0.0,1.498,10.458,,,498.4
NL,2014,S.pneumoniae-macrolides,4.17827298,2.258,0.001,3.399,0.227,0.463,1.415,0.074,0.893,0.0,1.54,10.27,,,500.9
NL,2015,S.pneumoniae-macrolides,3.39743589,2.276,0.001,3.456,0.237,0.452,1.452,0.074,0.871,0.0,1.542,10.360999999999999,,,503.1
NL,2016,S.pneumoniae-macrolides,3.12109862,2.12,0.0,3.42,0.235,0.45,1.433,0.065,0.841,0.0,1.541,10.105,2676.94,13.97,498.1
NL,2017,S.pneumoniae-macrolides,5.13462742,2.006,0.001,3.238,0.244,0.45,1.438,0.056,0.82,0.0,1.528,9.781,2537.97,5.75,501.1
NL,2018,S.pneumoniae-macrolides,3.87596899,1.961,0.0,3.17,0.256,0.458,1.502,0.055,0.813,0.0,1.521,9.736,2530.56,30.89,504.0
NL,2019,S.pneumoniae-macrolides,4.7652916,1.85,0.0,3.125,0.26,0.482,1.502,0.05,0.742,0.0,1.468,9.479,2515.46,39.82,507.3
NL,2020,S.pneumoniae-macrolides,3.4820457,1.561,0.0,2.664,0.257,0.479,1.412,0.044,0.705,0.0,1.413,8.535,2387.24,40.42,507.3
NL,2021,S.pneumoniae-macrolides,3.26370757,1.436,0.001,2.651,0.261,0.4780000000000001,1.353,0.044,0.7000000000000002,0.0,1.412,8.336,2723.7,4.38,510.2
NL,2022,S.pneumoniae-macrolides,3.38266384,1.563,0.0,3.141,0.259,0.49,1.45,0.041,0.733,0.0,1.399,9.076,2396.93,18.74,517.8
NL,2023,S.pneumoniae-macrolides,4.62610899,1.749,0.0,3.339,0.267,0.514,1.522,0.041,0.752,0.0,1.389,9.573,2319.9,10.68,526.0
NL,2024,S.pneumoniae-macrolides,4.02647545,1.867,0.0,3.327,0.301,0.525,1.642,0.044,0.741,0.0,1.374,9.821,2275.73,6.73,529.5
NO,2005,S.pneumoniae-macrolides,14.0625,3.1,0.002,7.272,0.472,1.054,2.117,0.066,0.556,0.0,3.036,17.675,,,15.2
NO,2006,S.pneumoniae-macrolides,11.89979123,2.813,0.001,6.678,0.482,0.862,2.079,0.07,0.533,0.0,2.467,15.985000000000001,,,15.3
NO,2007,S.pneumoniae-macrolides,9.46843853,2.912,0.001,6.966,0.485,0.843,2.145,0.068,0.5740000000000001,0.0,2.639,16.633,,,15.5
NO,2008,S.pneumoniae-macrolides,7.09219858,2.866,0.002,7.189,0.47,0.834,1.988,0.072,0.609,0.0,2.852,16.881999999999998,,,15.6
NO,2009,S.pneumoniae-macrolides,5.50458715,2.764,0.001,6.906,0.444,0.779,1.76,0.068,0.602,0.0,2.982,16.305999999999997,,,15.8
NO,2010,S.pneumoniae-macrolides,3.65630712,2.829,0.001,7.045,0.436,0.742,1.863,0.07,0.633,0.0,3.188,16.807,,,16.0
NO,2011,S.pneumoniae-macrolides,4.03508771,3.156,0.001,7.133,0.43,0.734,2.078,0.071,0.644,0.0,3.288,17.534999999999997,,,16.2
NO,2012,S.pneumoniae-macrolides,5.2532833,3.512,0.001,7.079,0.42,0.719,2.075,0.074,0.637,0.0,3.416,17.933,,,16.5
NO,2013,S.pneumoniae-macrolides,3.80761523,3.306,0.001,6.803,0.407,0.714,1.771,0.07,0.608,0.0,3.509,17.189,,,16.7
NO,2014,S.pneumoniae-macrolides,4.26829268,3.187,0.001,6.751,0.376,0.735,1.536,0.072,0.5700000000000001,0.0,3.682,16.91,,,16.9
NO,2015,S.pneumoniae-macrolides,3.97022332,3.151,0.001,6.758,0.354,0.728,1.378,0.074,0.514,0.0,3.837,16.794999999999998,,,17.1
NO,2016,S.pneumoniae-macrolides,5.28541226,2.959,0.001,6.514,0.335,0.717,1.215,0.073,0.463,0.0,3.96,16.237000000000002,5354.12,0.0,16.9
NO,2017,S.pneumoniae-macrolides,5.46697038,2.802,0.001,6.3,0.33,0.714,1.074,0.084,0.4,0.0,4.04,15.745000000000001,5495.64,0.0,17.1
NO,2018,S.pneumoniae-macrolides,7.60869565,2.695,0.001,6.087,0.324,0.743,0.9530000000000002,0.09,0.361,0.0,4.03,15.283999999999999,5401.77,1.34,17.2
NO,2019,S.pneumoniae-macrolides,5.66448801,2.784,0.001,6.324,0.309,0.786,0.933,0.096,0.315,0.0,3.368,14.915999999999999,5487.8,1.06,17.3
NO,2020,S.pneumoniae-macrolides,5.11627906,2.549,0.001,5.329,0.283,0.763,0.708,0.085,0.272,0.0,3.933,13.922999999999998,5087.63,0.15,17.3
NO,2021,S.pneumoniae-macrolides,5.37190082,2.567,0.001,5.408,0.292,0.769,0.624,0.081,0.247,0.0,4.002,13.991,5535.12,0.05,17.4
NO,2022,S.pneumoniae-macrolides,3.82775119,2.707,0.001,6.413,0.311,0.791,0.654,0.087,0.245,0.0,4.056,15.265,5285.41,0.32,15.0
NO,2023,S.pneumoniae-macrolides,6.77618069,2.718,0.001,6.51,0.303,0.802,0.669,0.09,0.236,0.0,4.165,15.494,5567.91,0.01,15.2
NO,2024,S.pneumoniae-macrolides,6.38722554,3.238,0.001,6.332,0.295,0.806,0.728,0.092,0.221,0.0,4.343,16.055999999999997,5119.82,0.06,15.3
PL,2005,S.pneumoniae-macrolides,,,,,,,,,,,,,,,122.1
PL,2006,S.pneumoniae-macrolides,,,,,,,,,,,,,,,122.0
PL,2008,S.pneumoniae-macrolides,,,,,,,,,,,,,,,121.9
PL,2009,S.pneumoniae-macrolides,19.3548387,,,,,,,,,,,,,,124.6
PL,2010,S.pneumoniae-macrolides,38.02816901,,,,,,,,,,,,,,124.2
PL,2011,S.pneumoniae-macrolides,26.66666666,,,,,,,,,,,,,,124.3
PL,2012,S.pneumoniae-macrolides,27.27272727,,,,,,,,,,,,,,124.3
PL,2013,S.pneumoniae-macrolides,30.98591549,,,,,,,,,,,,,,124.2
PL,2014,S.pneumoniae-macrolides,28.09917355,2.462,0.001,6.395,2.727,0.5750000000000001,3.875,0.094,1.352,0.0,3.725,21.206000000000003,,,123.7
PL,2015,S.pneumoniae-macrolides,30.58252427,2.46,0.0,7.429,3.201,0.649,4.686,0.086,1.542,0.0,4.065,24.118000000000002,,,123.6
PL,2016,S.pneumoniae-macrolides,30.32490974,2.345,0.0,7.187,3.197,0.62,4.258,0.047,1.621,0.0,2.715,21.990000000000002,3288.51,16.64,123.6
PL,2017,S.pneumoniae-macrolides,24.50592885,2.455,0.001,7.015,4.632,0.51,4.546,0.079,1.662,0.0,4.511,25.410999999999998,3290.5,19.52,123.6
PL,2018,S.pneumoniae-macrolides,24.91909385,2.336,0.001,7.073,3.453,0.596,6.103,0.077,1.66,0.0,3.09,24.389,3126.18,29.8,123.6
PL,2019,S.pneumoniae-macrolides,25.0,2.212,0.001,6.69,4.065,0.555,4.001,0.072,1.517,0.0,4.539,23.652,2954.0,48.7,123.6
PL,2020,S.pneumoniae-macrolides,22.76422764,1.805,0.0,4.651,2.854,0.4750000000000001,2.868,0.06,1.296,0.0,4.503,18.512,3011.03,11.19,123.6
PL,2021,S.pneumoniae-macrolides,29.10798122,1.782,0.0,5.567,2.859,0.301,3.827,0.059,1.456,0.0,4.78,20.631,3497.15,28.79,123.4
PL,2022,S.pneumoniae-macrolides,24.71590909,1.985,0.0,7.365,3.536,0.588,4.743,0.065,1.5,0.0,4.285,24.067,3205.03,40.52,119.8
PL,2023,S.pneumoniae-macrolides,25.0,1.919,0.0,7.971,3.5,0.399,4.481,0.064,1.427,0.0,3.475,23.236000000000004,2977.66,25.71,119.4
PL,2024,S.pneumoniae-macrolides,21.65178571,1.906,0.0,6.892,3.249,0.393,5.303,0.061,1.374,0.0,3.52,22.698,2742.81,42.15,119.0
PT,2005,S.pneumoniae-macrolides,18.90547263,,,,,,,,,,,,,,114.0
PT,2006,S.pneumoniae-macrolides,21.42857142,,,,,,,,,,,,,,114.3
PT,2007,S.pneumoniae-macrolides,22.88557213,,,,,,,,,,,,,,114.5
PT,2008,S.pneumoniae-macrolides,20.76923076,,,,,,,,,,,,,,114.6
PT,2009,S.pneumoniae-macrolides,21.09704641,0.734,0.001,8.618,2.344,0.021,3.986,0.082,3.128,0.0,10.497,29.411,,,114.6
PT,2010,S.pneumoniae-macrolides,21.79487179,0.73,0.001,8.652000000000001,2.202,0.021,3.549,0.077,3.062,0.0,1.089,19.383,,,114.7
PT,2011,S.pneumoniae-macrolides,14.14868105,1.037,0.0,8.824,2.044,0.026,3.544,0.071,2.78,0.0,1.481,19.807000000000002,,,114.5
PT,2012,S.pneumoniae-macrolides,18.5064935,1.094,0.001,8.862,1.951,0.02,3.37,0.069,2.559,0.0,1.552,19.478,,,114.0
PT,2013,S.pneumoniae-macrolides,19.95967741,0.769,0.001,8.018,1.834,0.016,2.905,0.076,2.343,0.0,1.152,17.114,,,113.4
PT,2014,S.pneumoniae-macrolides,15.65349544,0.843,0.001,8.339,1.841,0.022,2.942,0.07,2.266,0.0,1.211,17.534999999999997,,,112.8
PT,2015,S.pneumoniae-macrolides,16.30170316,0.842,0.001,8.757,1.962,0.016,3.223,0.069,2.184,0.0,1.252,18.305999999999997,,,112.3
PT,2016,S.pneumoniae-macrolides,14.36403508,0.8230000000000002,0.001,9.107,1.949,0.489,3.255,0.067,2.043,0.0,1.267,19.000999999999998,1278.04,276.68,113.5
PT,2017,S.pneumoniae-macrolides,14.84375,0.843,0.001,9.136,2.037,0.479,2.598,0.062,1.858,0.0,1.291,18.304999999999996,1090.94,265.88,113.2
PT,2018,S.pneumoniae-macrolides,15.53299492,0.872,0.001,9.713,2.014,0.4130000000000001,2.84,0.06,1.82,0.0,1.337,19.069999999999997,1350.22,233.14,113.0
PT,2019,S.pneumoniae-macrolides,12.81512605,0.878,0.001,9.567,2.04,0.436,3.285,0.058,1.638,0.0,1.399,19.302,1150.19,165.18,113.0
PT,2020,S.pneumoniae-macrolides,15.57522123,0.82,0.001,7.055,1.708,0.408,2.156,0.053,1.272,0.0,1.361,14.834,1051.38,264.53,113.0
PT,2021,S.pneumoniae-macrolides,19.05940594,0.932,0.001,6.892,1.818,0.441,1.998,0.052,1.217,0.0,1.372,14.723,1105.62,133.84,113.2
PT,2022,S.pneumoniae-macrolides,14.9122807,0.916,0.001,8.758000000000001,2.124,0.42,2.855,0.046,1.315,0.0,1.414,17.849000000000004,1009.97,285.45,115.0
PT,2023,S.pneumoniae-macrolides,14.97844827,0.937,0.001,9.334,1.999,0.484,2.987,0.044,1.324,0.0,1.483,18.593,1093.43,232.85,116.3
PT,2024,S.pneumoniae-macrolides,15.9351145,1.07,0.001,9.508,2.105,0.538,3.355,0.044,1.334,0.0,1.494,19.448999999999998,1013.14,205.63,117.6
RO,2005,S.pneumoniae-macrolides,,,,,,,,,,,,,,,94.1
RO,2006,S.pneumoniae-macrolides,25.0,,,,,,,,,,,,,,93.9
RO,2007,S.pneumoniae-macrolides,15.38461538,,,,,,,,,,,,,,93.7
RO,2008,S.pneumoniae-macrolides,,,,,,,,,,,,,,,93.6
RO,2009,S.pneumoniae-macrolides,,0.142,0.002,4.987,2.963,0.196,1.91,0.252,1.586,0.0,0.077,12.115,,,93.4
RO,2010,S.pneumoniae-macrolides,,,,,,,,,,,,,,,93.2
RO,2011,S.pneumoniae-macrolides,,1.344,0.013,13.22,4.062,0.964,2.917,0.465,3.388,0.0,0.109,26.482,,,93.0
RO,2012,S.pneumoniae-macrolides,37.20930232,1.333,0.012,12.77,4.362,0.895,2.67,0.418,3.363,0.0,0.122,25.944999999999997,,,87.1
RO,2013,S.pneumoniae-macrolides,35.71428571,1.19,0.01,13.068,4.814,0.937,2.753,0.387,3.469,0.0,0.141,26.768999999999995,,,86.9
RO,2014,S.pneumoniae-macrolides,48.0,1.133,0.008,12.078,5.328,0.881,2.912,0.401,3.72,0.0,0.163,26.624,,,86.6
RO,2015,S.pneumoniae-macrolides,30.0,1.104,0.01,13.549,5.273,0.89,3.185,0.364,3.504,0.0,0.187,28.066,,,86.1
RO,2016,S.pneumoniae-macrolides,37.28813559,0.933,0.007,11.493,4.943000000000001,0.812,2.815,0.294,2.895,0.0,0.238,24.43,2953.68,105.53,85.6
RO,2017,S.pneumoniae-macrolides,26.31578947,0.848,0.008,11.225,4.954,0.878,2.892,0.214,3.25,0.0,0.242,24.511,2952.08,128.25,85.2
RO,2018,S.pneumoniae-macrolides,32.25806451,0.9490000000000002,0.009,11.355,5.172,0.8320000000000001,3.003,0.196,3.297,0.0,0.269,25.081999999999997,2772.9,81.98,83.1
RO,2019,S.pneumoniae-macrolides,17.39130434,0.913,0.007,11.624,5.39,0.855,3.149,0.187,3.321,0.0,0.326,25.772000000000002,2596.56,120.66,82.7
RO,2020,S.pneumoniae-macrolides,27.02702702,1.054,0.004,10.651,4.495,0.742,4.703,0.159,3.125,0.0,0.246,25.179,2696.85,94.25,82.7
RO,2021,S.pneumoniae-macrolides,36.0,1.053,0.004,10.733,4.653,0.744,4.733000000000001,0.15,3.331,0.0,0.265,25.666,3026.96,134.37,82.2
RO,2022,S.pneumoniae-macrolides,36.11111111,1.015,0.003,11.783,5.032,0.992,4.866,0.165,3.476,0.0,0.251,27.583,2784.38,142.04,81.3
RO,2023,S.pneumoniae-macrolides,30.0,0.928,0.003,12.102,5.02,0.945,4.513,0.16,3.438,0.0,0.259,27.368000000000002,2538.88,149.96,81.4
RO,2024,S.pneumoniae-macrolides,29.50819672,0.81,0.001,10.93,5.558,0.712,3.884,0.13,2.84,0.0,0.303,25.168,2514.35,254.48,81.3
SE,2005,S.pneumoniae-macrolides,5.36480686,3.434,0.001,6.765,0.665,0.762,0.926,0.021,1.165,0.0,2.199,15.938,,,22.0
SE,2006,S.pneumoniae-macrolides,4.45387062,3.514,0.001,7.152,0.663,0.77,0.946,0.023,1.158,0.0,2.223,16.45,,,22.1
SE,2007,S.pneumoniae-macrolides,5.18358531,3.549,0.001,7.2,0.578,0.846,0.942,0.02,1.067,0.0,2.18,16.383,,,22.3
SE,2008,S.pneumoniae-macrolides,5.22586359,3.416,0.001,7.596,0.543,0.66,0.509,0.025,0.987,0.0,1.984,15.720999999999998,,,22.5
SE,2010,S.pneumoniae-macrolides,3.85818561,3.504,0.001,7.394,0.389,0.283,0.812,0.022,0.934,0.0,1.744,15.083,,,22.9
SE,2011,S.pneumoniae-macrolides,4.45134575,3.744,0.0,7.44,0.355,0.248,0.67,0.023,0.935,0.0,1.711,15.126,,,23.0
SE,2012,S.pneumoniae-macrolides,4.66019417,3.648,0.001,7.429,0.353,0.222,0.694,0.025,0.909,0.0,1.712,14.993,,,23.4
SE,2013,S.pneumoniae-macrolides,6.18556701,3.04,0.001,7.086,0.355,0.191,0.685,0.028,0.87,0.0,1.7,13.956,,,23.6
SE,2014,S.pneumoniae-macrolides,6.21827411,2.836,0.0,7.135,0.31,0.166,0.67,0.027,0.849,0.0,1.686,13.678999999999998,,,23.8
SE,2015,S.pneumoniae-macrolides,6.58823529,2.745,0.0,6.804,0.305,0.154,0.666,0.016,0.844,0.0,1.678,13.212,,,24.1
SE,2016,S.pneumoniae-macrolides,5.33926585,2.585,0.0,6.815,0.303,0.438,0.609,0.028,0.82,0.0,1.636,13.233999999999998,5111.62,0.03,24.4
SE,2017,S.pneumoniae-macrolides,4.66666666,2.526,0.0,6.689,0.244,0.312,0.604,0.027,0.776,0.0,1.599,12.777,5204.01,0.0,24.7
SE,2018,S.pneumoniae-macrolides,4.45103857,2.32,0.0,6.649,0.237,0.316,0.56,0.025,0.749,0.0,1.582,12.438,5139.24,4.8,25.0
SE,2019,S.pneumoniae-macrolides,6.54817586,2.289,0.0,6.312,0.224,0.328,0.579,0.024,0.694,0.0,1.354,11.804000000000002,5138.93,0.84,25.2
SE,2020,S.pneumoniae-macrolides,6.55737704,2.052,0.0,5.277,0.21,0.312,0.561,0.023,0.624,0.0,1.28,10.338999999999999,4616.81,0.07,25.2
SE,2021,S.pneumoniae-macrolides,4.78325859,1.956,0.0,5.173,0.219,0.314,0.517,0.02,0.62,0.0,1.249,10.068000000000001,5220.65,0.89,25.4
SE,2022,S.pneumoniae-macrolides,5.45454545,,,,,,,,,,,,4939.74,1.36,25.7
SE,2023,S.pneumoniae-macrolides,5.37471612,,,,,,,,,,,,5201.02,0.03,25.9
SE,2024,S.pneumoniae-macrolides,5.52959501,,,,,,,,,,,,4817.57,0.05,26.0
SI,2005,S.pneumoniae-macrolides,11.0576923,0.584,0.001,7.448,1.082,1.271,3.395,0.082,1.41,0.0,0.086,15.359000000000004,,,99.3
SI,2006,S.pneumoniae-macrolides,12.72727272,0.56,0.001,7.152,0.897,1.222,2.668,0.083,1.332,0.0,0.088,14.002999999999998,,,99.6
SI,2007,S.pneumoniae-macrolides,17.01030927,0.586,0.0,7.899,0.919,0.007,2.798,0.073,1.369,0.0,0.084,13.735,,,99.8
SI,2008,S.pneumoniae-macrolides,15.78947368,0.535,0.001,7.496,0.807,0.005,2.612,0.071,1.338,0.0,0.087,12.952,,,100.4
SI,2009,S.pneumoniae-macrolides,16.60079051,0.061,0.001,7.6,0.808,0.006,2.465,0.07,1.312,0.0,0.093,12.415999999999999,,,101.3
SI,2010,S.pneumoniae-macrolides,17.24137931,0.107,0.0,7.632,0.747,0.007,2.234,0.073,1.343,0.0,0.107,12.249999999999998,,,101.7
SI,2011,S.pneumoniae-macrolides,23.41269841,0.338,0.0,7.673,0.677,0.005,2.088,0.065,1.314,0.0,0.168,12.327999999999998,,,101.9
SI,2012,S.pneumoniae-macrolides,20.4,0.439,0.0,7.66,0.613,0.007,1.911,0.056,1.289,0.0,0.212,12.187,,,102.2
SI,2013,S.pneumoniae-macrolides,10.03584229,0.473,0.0,7.738,0.595,0.006,1.895,0.053,1.307,0.0,0.281,12.348,,,102.3
SI,2014,S.pneumoniae-macrolides,19.0,0.465,0.0,7.496,0.584,0.011,1.889,0.062,1.322,0.0,0.359,12.188,,,102.4
SI,2015,S.pneumoniae-macrolides,18.57585139,0.429,0.0,7.567,0.614,0.01,1.984,0.062,1.377,0.0,0.472,12.515,,,102.4
SI,2016,S.pneumoniae-macrolides,13.38289962,0.502,0.0,7.43,0.632,0.798,1.718,0.064,1.35,0.0,0.4760000000000001,12.97,2756.05,39.63,102.5
SI,2017,S.pneumoniae-macrolides,15.74074074,0.492,0.0,7.505,0.683,0.734,1.812,0.063,1.31,0.0,0.508,13.107,2828.15,91.15,102.6
SI,2018,S.pneumoniae-macrolides,10.33210332,0.533,0.0,7.511,0.627,0.749,1.912,0.06,1.302,0.0,0.471,13.165,2587.4,59.27,102.9
SI,2019,S.pneumoniae-macrolides,9.89399293,0.562,0.0,7.354,0.709,0.679,1.863,0.062,1.167,0.0,0.605,13.001000000000001,2602.14,81.36,103.7
SI,2020,S.pneumoniae-macrolides,14.53488372,0.544,0.0,5.294,0.6980000000000002,0.581,1.439,0.055,0.972,0.0,0.585,10.168,2678.32,34.66,103.7
SI,2021,S.pneumoniae-macrolides,6.95187165,0.562,0.0,5.165,0.787,0.588,1.364,0.055,0.978,0.0,0.671,10.17,2965.26,70.04,104.4
SI,2022,S.pneumoniae-macrolides,8.0,0.611,0.0,6.911,0.85,0.591,1.675,0.051,1.013,0.0,0.736,12.438,2633.38,86.99,104.8
SI,2023,S.pneumoniae-macrolides,6.03448275,0.629,0.0,7.66,0.706,0.581,1.844,0.048,1.101,0.0,0.8250000000000002,13.393999999999998,2494.76,75.38,105.3
SI,2024,S.pneumoniae-macrolides,5.70342205,0.6990000000000002,0.0,7.92,0.979,0.535,2.299,0.052,1.057,0.0,0.846,14.386999999999999,2457.15,136.9,105.6
SK,2005,S.pneumoniae-macrolides,,2.332,0.002,10.94,3.918,0.77,4.025,0.082,1.938,0.0,0.04,24.046999999999997,,,109.6
SK,2011,S.pneumoniae-macrolides,12.0,1.452,0.001,6.897,3.881,0.405,5.761,0.171,2.413,0.0,0.391,21.372,,,110.1
SK,2012,S.pneumoniae-macrolides,27.27272727,1.397,0.001,6.469,4.013,0.372,5.009,0.072,2.198,0.0,0.192,19.723,,,110.3
SK,2013,S.pneumoniae-macrolides,17.24137931,1.613,0.001,7.133,5.15,0.42,6.037,0.082,2.45,0.0,0.276,23.162000000000003,,,110.4
SK,2014,S.pneumoniae-macrolides,37.93103448,1.706,0.001,6.952,5.053,0.453,5.75,0.084,0.922,0.0,0.259,21.18,,,110.5
SK,2015,S.pneumoniae-macrolides,32.35294117,1.77,0.001,7.105,5.447,0.487,6.357,0.092,2.709,0.0,0.238,24.206,,,110.6
SK,2016,S.pneumoniae-macrolides,,1.711,0.001,6.803,5.372,1.244,5.589,0.079,2.551,0.0,0.269,23.619,3222.12,25.18,111.5
SK,2017,S.pneumoniae-macrolides,35.48387096,1.658,0.001,5.369,5.004,0.407,4.813,0.086,2.4,0.0,0.242,19.98,3338.74,56.43,111.7
SK,2018,S.pneumoniae-macrolides,24.44444444,1.746,0.001,5.344,6.702,0.406,4.854,0.121,2.344,0.0,0.483,22.001,2963.43,48.34,111.8
SK,2019,S.pneumoniae-macrolides,11.11111111,1.726,0.001,5.143,5.264,0.486,4.723,0.082,1.663,0.0,0.263,19.351000000000003,2946.23,61.06,112.0
SK,2020,S.pneumoniae-macrolides,,1.697,0.001,3.554,3.69,0.439,3.462,0.072,1.317,0.0,0.194,14.426,3089.05,19.01,112.0
SK,2021,S.pneumoniae-macrolides,14.28571428,1.799,0.001,3.542,3.997,0.488,4.463,0.074,1.359,0.0,0.247,15.969999999999999,3423.3,60.39,112.1
SK,2022,S.pneumoniae-macrolides,21.875,1.794,0.001,4.849,5.385,0.578,6.483,0.065,1.433,0.0,0.209,20.797,3083.08,65.52,111.5
SK,2023,S.pneumoniae-macrolides,17.85714285,1.825,0.001,5.295,4.765,0.646,5.788,0.066,1.448,0.0,0.232,20.066,2879.8,45.52,111.4
SK,2024,S.pneumoniae-macrolides,20.68965517,1.452,0.001,5.167,5.109,0.67,6.331,0.055,1.376,0.0,0.232,20.393,2701.84,123.04,111.3
UK,2005,S.pneumoniae-macrolides,11.41998497,,,,,,,,,,,,,,249.1
UK,2006,S.pneumoniae-macrolides,11.54639175,,,,,,,,,,,,,,250.9
UK,2007,S.pneumoniae-macrolides,9.38042848,,,,,,,,,,,,,,252.9
UK,2008,S.pneumoniae-macrolides,6.09857978,,,,,,,,,,,,,,254.9
UK,2009,S.pneumoniae-macrolides,4.15335463,,,,,,,,,,,,,,256.8
UK,2010,S.pneumoniae-macrolides,4.42203258,,,,,,,,,,,,,,258.8
UK,2011,S.pneumoniae-macrolides,4.98812351,,,,,,,,,,,,,,260.9
UK,2012,S.pneumoniae-macrolides,6.55296229,,,,,,,,,,,,,,262.7
UK,2013,S.pneumoniae-macrolides,6.73796791,5.109,0.002,7.949,0.484,1.983,3.494,0.126,0.582,,1.127,20.855999999999998,,,264.4
UK,2014,S.pneumoniae-macrolides,6.66666666,5.257,0.003,8.06,0.4750000000000001,1.657,3.545,0.129,0.587,0.0,1.144,20.857,,,266.4
UK,2015,S.pneumoniae-macrolides,6.87093779,5.192,0.002,7.789,0.433,1.454,3.406,0.123,0.5690000000000001,0.0,1.2,20.168,,,268.5
UK,2016,S.pneumoniae-macrolides,5.9012562,5.09,0.003,7.665,0.396,1.35,3.313,0.12,0.554,0.0,1.25,19.741,3003.93,0.6,270.6
UK,2017,S.pneumoniae-macrolides,5.61666276,5.053,0.002,7.456,0.398,1.162,3.209,0.13,0.5700000000000001,0.0,1.442,19.422,2892.87,0.26,272.4
UK,2018,S.pneumoniae-macrolides,5.55056179,4.896,0.002,7.344,0.383,0.986,2.953,0.132,0.5710000000000001,0.0,1.518,18.785,2956.3,1.21,273.8
UK,2019,S.pneumoniae-macrolides,5.50245414,5.015,0.002,7.039,0.373,0.915,2.804,0.133,0.515,,1.473,18.269,2957.5,2.13,
