Year,Country,atc_level,Name,ddd,Percent
2000,Belgium,J01A,Tetracyclines,3.518,0.1451200817156254
2000,Belgium,J01B,Amphenicols,0.039,0.0015885711013165
2000,Belgium,J01C,"Beta-lactam antibacterials, penicillins",7.426,0.3063738501416432
2000,Belgium,J01D,Other beta-lactam antibacterials,4.372,0.1803601514855065
2000,Belgium,J01E,Sulfonamides and trimethoprim,0.596,0.0245742265530726
2000,Belgium,J01F,"Macrolides, lincosamides and streptogramins",3.788,0.1562669400203315
2000,Belgium,J01G,Aminoglycoside antibacterials,0.091,0.0037421224392589
2000,Belgium,J01M,Quinolone antibacterials,2.52,0.1039665548864292
2000,Belgium,J01R,Combinations of antibacterials,0.0,0.0
2000,Belgium,J01X,Other antibacterials,1.891,0.0780075016568159
2001,Belgium,J01A,Tetracyclines,2.971,0.130968225245584
2001,Belgium,J01B,Amphenicols,0.036,0.0015777205747506
2001,Belgium,J01C,"Beta-lactam antibacterials, penicillins",7.226,0.3186227866328705
2001,Belgium,J01D,Other beta-lactam antibacterials,3.64,0.1604929419933701
2001,Belgium,J01E,Sulfonamides and trimethoprim,0.522,0.0230132902013278
2001,Belgium,J01F,"Macrolides, lincosamides and streptogramins",3.447,0.1519891251045548
2001,Belgium,J01G,Aminoglycoside antibacterials,0.085,0.0037271774539232
2001,Belgium,J01M,Quinolone antibacterials,2.881,0.1270056684616435
2001,Belgium,J01R,Combinations of antibacterials,0.0,0.0
2001,Belgium,J01X,Other antibacterials,1.874,0.0826030643319753
2002,Belgium,J01A,Tetracyclines,2.665,0.1174791628333264
2002,Belgium,J01B,Amphenicols,0.031,0.0013472633886035
2002,Belgium,J01C,"Beta-lactam antibacterials, penicillins",7.415,0.3269076960773096
2002,Belgium,J01D,Other beta-lactam antibacterials,3.83,0.1688374781469293
2002,Belgium,J01E,Sulfonamides and trimethoprim,0.473,0.0208409807230882
2002,Belgium,J01F,"Macrolides, lincosamides and streptogramins",3.338,0.1471791444068375
2002,Belgium,J01G,Aminoglycoside antibacterials,0.083,0.0036158953181417
2002,Belgium,J01M,Quinolone antibacterials,2.954,0.130211386088649
2002,Belgium,J01R,Combinations of antibacterials,0.0,0.0
2002,Belgium,J01X,Other antibacterials,1.896,0.0835809930171146
2003,Belgium,J01A,Tetracyclines,2.322,0.1028463300526313
2003,Belgium,J01B,Amphenicols,0.03,0.0013019952602287
2003,Belgium,J01C,"Beta-lactam antibacterials, penicillins",7.976,0.3532774750656146
2003,Belgium,J01D,Other beta-lactam antibacterials,3.719,0.164723728990969
2003,Belgium,J01E,Sulfonamides and trimethoprim,0.42,0.0185821695529783
2003,Belgium,J01F,"Macrolides, lincosamides and streptogramins",3.108,0.1376701075433999
2003,Belgium,J01G,Aminoglycoside antibacterials,0.088,0.0038564627411551
2003,Belgium,J01M,Quinolone antibacterials,3.009,0.1332706632113937
2003,Belgium,J01R,Combinations of antibacterials,0.0,0.0
2003,Belgium,J01X,Other antibacterials,1.907,0.0844710675816291
2004,Belgium,J01A,Tetracyclines,2.077,0.0975682140463399
2004,Belgium,J01B,Amphenicols,0.025,0.0011499302447397
2004,Belgium,J01C,"Beta-lactam antibacterials, penicillins",8.07,0.3792406409381935
2004,Belgium,J01D,Other beta-lactam antibacterials,3.539,0.1662774038354443
2004,Belgium,J01E,Sulfonamides and trimethoprim,0.385,0.0180519639327285
2004,Belgium,J01F,"Macrolides, lincosamides and streptogramins",2.427,0.1140154263313865
2004,Belgium,J01G,Aminoglycoside antibacterials,0.084,0.0039436653078419
2004,Belgium,J01M,Quinolone antibacterials,2.718,0.1277266138946012
2004,Belgium,J01R,Combinations of antibacterials,0.0,0.0
2004,Belgium,J01X,Other antibacterials,1.959,0.0920261414687244
2005,Belgium,J01A,Tetracyclines,1.973,0.089031633321429
2005,Belgium,J01B,Amphenicols,0.026,0.001135791434645
2005,Belgium,J01C,"Beta-lactam antibacterials, penicillins",8.811,0.3976263827479933
2005,Belgium,J01D,Other beta-lactam antibacterials,3.44,0.1552276125403181
2005,Belgium,J01E,Sulfonamides and trimethoprim,0.376,0.0169299538566112
2005,Belgium,J01F,"Macrolides, lincosamides and streptogramins",2.605,0.1175425889067306
2005,Belgium,J01G,Aminoglycoside antibacterials,0.077,0.0034325579493508
2005,Belgium,J01M,Quinolone antibacterials,2.724,0.1229253900204254
2005,Belgium,J01R,Combinations of antibacterials,0.0,0.0
2005,Belgium,J01X,Other antibacterials,2.131,0.0961480892224964
2006,Belgium,J01A,Tetracyclines,0.021,0.0122998047744224
2006,Belgium,J01B,Amphenicols,0.002,0.0006117859283302
2006,Belgium,J01C,"Beta-lactam antibacterials, penicillins",0.742,0.4402870824753892
2006,Belgium,J01D,Other beta-lactam antibacterials,0.377,0.2231499557923844
2006,Belgium,J01E,Sulfonamides and trimethoprim,0.001,1.305459788871549e-05
2006,Belgium,J01F,"Macrolides, lincosamides and streptogramins",0.094,0.0553603959103505
2006,Belgium,J01G,Aminoglycoside antibacterials,0.058,0.0341039502026429
2006,Belgium,J01M,Quinolone antibacterials,0.254,0.1504554274490723
2006,Belgium,J01R,Combinations of antibacterials,0.0,0.0
2006,Belgium,J01X,Other antibacterials,0.142,0.0837185428695193
2007,Belgium,J01A,Tetracyclines,1.973,0.088764929340883
2007,Belgium,J01B,Amphenicols,0.024,0.0010394215807639
2007,Belgium,J01C,"Beta-lactam antibacterials, penicillins",9.88,0.4444768777850688
2007,Belgium,J01D,Other beta-lactam antibacterials,2.722,0.1224341712037976
2007,Belgium,J01E,Sulfonamides and trimethoprim,0.001,3.149353359021559e-07
2007,Belgium,J01F,"Macrolides, lincosamides and streptogramins",2.723,0.1224990028922311
2007,Belgium,J01G,Aminoglycoside antibacterials,0.058,0.0025747763340492
2007,Belgium,J01M,Quinolone antibacterials,2.512,0.1129940295008927
2007,Belgium,J01R,Combinations of antibacterials,0.0,0.0
2007,Belgium,J01X,Other antibacterials,2.339,0.1052164764269776
2008,Belgium,J01A,Tetracyclines,2.213,0.0929842517765404
2008,Belgium,J01B,Amphenicols,0.021,0.0008712677517441
2008,Belgium,J01C,"Beta-lactam antibacterials, penicillins",11.155,0.4688606265830819
2008,Belgium,J01D,Other beta-lactam antibacterials,2.353,0.0988873345881696
2008,Belgium,J01E,Sulfonamides and trimethoprim,0.001,4.2033372816681536e-08
2008,Belgium,J01F,"Macrolides, lincosamides and streptogramins",2.897,0.1217364658844536
2008,Belgium,J01G,Aminoglycoside antibacterials,0.049,0.0020449235875315
2008,Belgium,J01M,Quinolone antibacterials,2.632,0.110596949554068
2008,Belgium,J01R,Combinations of antibacterials,0.0,0.0
2008,Belgium,J01X,Other antibacterials,2.475,0.1040181382410379
2009,Belgium,J01A,Tetracyclines,2.164,0.0903730527181118
2009,Belgium,J01B,Amphenicols,0.024,0.0009920726088543
2009,Belgium,J01C,"Beta-lactam antibacterials, penicillins",11.004,0.4596527620554575
2009,Belgium,J01D,Other beta-lactam antibacterials,2.191,0.0915139988755118
2009,Belgium,J01E,Sulfonamides and trimethoprim,0.0,0.0
2009,Belgium,J01F,"Macrolides, lincosamides and streptogramins",3.04,0.1269490362902249
2009,Belgium,J01G,Aminoglycoside antibacterials,0.059,0.0024628463586549
2009,Belgium,J01M,Quinolone antibacterials,2.85,0.1190372676774808
2009,Belgium,J01R,Combinations of antibacterials,0.0,0.0
2009,Belgium,J01X,Other antibacterials,2.61,0.1090189634157039
2010,Belgium,J01A,Tetracyclines,2.124,0.0864032789087674
2010,Belgium,J01B,Amphenicols,0.035,0.0013894170840159
2010,Belgium,J01C,"Beta-lactam antibacterials, penicillins",11.804,0.480262762535808
2010,Belgium,J01D,Other beta-lactam antibacterials,1.962,0.0798059788022044
2010,Belgium,J01E,Sulfonamides and trimethoprim,0.0,0.0
2010,Belgium,J01F,"Macrolides, lincosamides and streptogramins",3.02,0.1228377911193753
2010,Belgium,J01G,Aminoglycoside antibacterials,0.048,0.001912406547776
2010,Belgium,J01M,Quinolone antibacterials,2.933,0.1193272843570694
2010,Belgium,J01R,Combinations of antibacterials,0.0,0.0
2010,Belgium,J01X,Other antibacterials,2.656,0.1080610806449834
2011,Belgium,J01A,Tetracyclines,2.11,0.0842736887042199
2011,Belgium,J01B,Amphenicols,0.033,0.0013157050381737
2011,Belgium,J01C,"Beta-lactam antibacterials, penicillins",11.963,0.4779708110709419
2011,Belgium,J01D,Other beta-lactam antibacterials,1.889,0.0754395492911103
2011,Belgium,J01E,Sulfonamides and trimethoprim,0.0,0.0
2011,Belgium,J01F,"Macrolides, lincosamides and streptogramins",3.274,0.1307976949269677
2011,Belgium,J01G,Aminoglycoside antibacterials,0.044,0.0017368920767849
2011,Belgium,J01M,Quinolone antibacterials,2.973,0.1187682318926933
2011,Belgium,J01R,Combinations of antibacterials,0.0,0.0
2011,Belgium,J01X,Other antibacterials,2.746,0.1096974269991081
2012,Belgium,J01A,Tetracyclines,2.128,0.0829716013111545
2012,Belgium,J01B,Amphenicols,0.034,0.0012876532898065
2012,Belgium,J01C,"Beta-lactam antibacterials, penicillins",12.248,0.4776643809329034
2012,Belgium,J01D,Other beta-lactam antibacterials,1.911,0.0745125261010406
2012,Belgium,J01E,Sulfonamides and trimethoprim,0.0,0.0
2012,Belgium,J01F,"Macrolides, lincosamides and streptogramins",3.497,0.1363640316788371
2012,Belgium,J01G,Aminoglycoside antibacterials,0.048,0.0018648489371741
2012,Belgium,J01M,Quinolone antibacterials,3.0,0.1169713889187562
2012,Belgium,J01R,Combinations of antibacterials,0.0,0.0
2012,Belgium,J01X,Other antibacterials,2.779,0.1083635688303275
2013,Belgium,J01A,Tetracyclines,2.178,0.0909488690942344
2013,Belgium,J01B,Amphenicols,0.033,0.0013597152029284
2013,Belgium,J01C,"Beta-lactam antibacterials, penicillins",10.614,0.4433248848392111
2013,Belgium,J01D,Other beta-lactam antibacterials,1.918,0.0801026434390723
2013,Belgium,J01E,Sulfonamides and trimethoprim,0.0,0.0
2013,Belgium,J01F,"Macrolides, lincosamides and streptogramins",3.443,0.1438057037945374
2013,Belgium,J01G,Aminoglycoside antibacterials,0.051,0.0021003299474192
2013,Belgium,J01M,Quinolone antibacterials,2.856,0.11929933417356
2013,Belgium,J01R,Combinations of antibacterials,0.0,0.0
2013,Belgium,J01X,Other antibacterials,2.851,0.1190585195090372
2014,Belgium,J01A,Tetracyclines,2.117,0.0889151273058272
2014,Belgium,J01B,Amphenicols,0.029,0.00118627445667
2014,Belgium,J01C,"Beta-lactam antibacterials, penicillins",10.655,0.4476311461156464
2014,Belgium,J01D,Other beta-lactam antibacterials,1.804,0.0757632608582491
2014,Belgium,J01E,Sulfonamides and trimethoprim,0.0,0.0
2014,Belgium,J01F,"Macrolides, lincosamides and streptogramins",3.498,0.1469590541633271
2014,Belgium,J01G,Aminoglycoside antibacterials,0.043,0.0017849993922843
2014,Belgium,J01M,Quinolone antibacterials,2.761,0.1159799647503898
2014,Belgium,J01R,Combinations of antibacterials,0.0,0.0
2014,Belgium,J01X,Other antibacterials,2.899,0.1217801729576058
2015,Belgium,J01A,Tetracyclines,2.052,0.0848108163982551
2015,Belgium,J01B,Amphenicols,0.028,0.0011305947778627
2015,Belgium,J01C,"Beta-lactam antibacterials, penicillins",10.848,0.4484952967687251
2015,Belgium,J01D,Other beta-lactam antibacterials,1.827,0.0755019743234582
2015,Belgium,J01E,Sulfonamides and trimethoprim,0.0,0.0
2015,Belgium,J01F,"Macrolides, lincosamides and streptogramins",3.742,0.1546990138719481
2015,Belgium,J01G,Aminoglycoside antibacterials,0.04,0.0016518988650224
2015,Belgium,J01M,Quinolone antibacterials,2.781,0.1149719046536148
2015,Belgium,J01R,Combinations of antibacterials,0.0,0.0
2015,Belgium,J01X,Other antibacterials,2.872,0.1187385003411135
2016,Belgium,J01A,Tetracyclines,2.012,0.0831881944767607
2016,Belgium,J01B,Amphenicols,0.019,0.0007603683538347
2016,Belgium,J01C,"Beta-lactam antibacterials, penicillins",10.96,0.453327997269921
2016,Belgium,J01D,Other beta-lactam antibacterials,1.694,0.0700465457779432
2016,Belgium,J01E,Sulfonamides and trimethoprim,0.241,0.0099656154828568
2016,Belgium,J01F,"Macrolides, lincosamides and streptogramins",3.729,0.154237341068557
2016,Belgium,J01G,Aminoglycoside antibacterials,0.038,0.0015350903046002
2016,Belgium,J01M,Quinolone antibacterials,2.604,0.1077076954100547
2016,Belgium,J01R,Combinations of antibacterials,0.0,0.0
2016,Belgium,J01X,Other antibacterials,2.883,0.1192311518554713
2017,Belgium,J01A,Tetracyclines,1.933,0.0849065095856137
2017,Belgium,J01B,Amphenicols,0.018,0.000778909229222
2017,Belgium,J01C,"Beta-lactam antibacterials, penicillins",10.483,0.4604950901700557
2017,Belgium,J01D,Other beta-lactam antibacterials,1.544,0.06782629981521
2017,Belgium,J01E,Sulfonamides and trimethoprim,0.223,0.0097845145201113
2017,Belgium,J01F,"Macrolides, lincosamides and streptogramins",3.526,0.1548870886943017
2017,Belgium,J01G,Aminoglycoside antibacterials,0.036,0.0015533813556719
2017,Belgium,J01M,Quinolone antibacterials,2.362,0.1037253168036465
2017,Belgium,J01R,Combinations of antibacterials,0.0,0.0
2017,Belgium,J01X,Other antibacterials,2.642,0.116042889826167
2018,Belgium,J01A,Tetracyclines,1.89,0.0847307007068638
2018,Belgium,J01B,Amphenicols,0.017,0.0007527833071972
2018,Belgium,J01C,"Beta-lactam antibacterials, penicillins",10.859,0.4869255077711076
2018,Belgium,J01D,Other beta-lactam antibacterials,1.622,0.0726969301669827
2018,Belgium,J01E,Sulfonamides and trimethoprim,0.25,0.0111662334063231
2018,Belgium,J01F,"Macrolides, lincosamides and streptogramins",3.673,0.1646894090603953
2018,Belgium,J01G,Aminoglycoside antibacterials,0.034,0.0014887952462588
2018,Belgium,J01M,Quinolone antibacterials,1.333,0.0597545460945806
2018,Belgium,J01R,Combinations of antibacterials,0.0,0.0
2018,Belgium,J01X,Other antibacterials,2.627,0.1177950942402907
2019,Belgium,J01A,Tetracyclines,1.878,0.0878832145619661
2019,Belgium,J01B,Amphenicols,0.017,0.0007561893522848
2019,Belgium,J01C,"Beta-lactam antibacterials, penicillins",10.532,0.4928753091587362
2019,Belgium,J01D,Other beta-lactam antibacterials,1.576,0.0737306614330887
2019,Belgium,J01E,Sulfonamides and trimethoprim,0.259,0.0121169071172216
2019,Belgium,J01F,"Macrolides, lincosamides and streptogramins",3.621,0.1694326530031546
2019,Belgium,J01G,Aminoglycoside antibacterials,0.034,0.0015776642687754
2019,Belgium,J01M,Quinolone antibacterials,0.731,0.0341829130222189
2019,Belgium,J01R,Combinations of antibacterials,0.0,0.0
2019,Belgium,J01X,Other antibacterials,2.724,0.1274444880825531
2020,Belgium,J01A,Tetracyclines,1.645,0.0987248234508326
2020,Belgium,J01B,Amphenicols,0.011,0.0006302186132728
2020,Belgium,J01C,"Beta-lactam antibacterials, penicillins",7.613,0.4570196249127573
2020,Belgium,J01D,Other beta-lactam antibacterials,1.133,0.0680172008795563
2020,Belgium,J01E,Sulfonamides and trimethoprim,0.265,0.0158550082927451
2020,Belgium,J01F,"Macrolides, lincosamides and streptogramins",2.754,0.1653350344092639
2020,Belgium,J01G,Aminoglycoside antibacterials,0.032,0.001891916637273
2020,Belgium,J01M,Quinolone antibacterials,0.595,0.0356761851871308
2020,Belgium,J01R,Combinations of antibacterials,0.0,0.0
2020,Belgium,J01X,Other antibacterials,2.613,0.1568499876171679
2021,Belgium,J01A,Tetracyclines,1.825,0.1047145028010987
2021,Belgium,J01B,Amphenicols,0.011,0.0005748315822663
2021,Belgium,J01C,"Beta-lactam antibacterials, penicillins",8.155,0.4680164419279492
2021,Belgium,J01D,Other beta-lactam antibacterials,1.144,0.0656009899775221
2021,Belgium,J01E,Sulfonamides and trimethoprim,0.284,0.0162708443883386
2021,Belgium,J01F,"Macrolides, lincosamides and streptogramins",2.749,0.1577618275787618
2021,Belgium,J01G,Aminoglycoside antibacterials,0.031,0.0017533625868431
2021,Belgium,J01M,Quinolone antibacterials,0.581,0.0333074613208247
2021,Belgium,J01R,Combinations of antibacterials,0.0,0.0
2021,Belgium,J01X,Other antibacterials,2.649,0.151999737836395
2022,Belgium,J01A,Tetracyclines,1.74,0.0849138627786993
2022,Belgium,J01B,Amphenicols,0.014,0.0006356504092646
2022,Belgium,J01C,"Beta-lactam antibacterials, penicillins",10.341,0.5048240349281601
2022,Belgium,J01D,Other beta-lactam antibacterials,1.303,0.0636031213657286
2022,Belgium,J01E,Sulfonamides and trimethoprim,0.3,0.01461663957992
2022,Belgium,J01F,"Macrolides, lincosamides and streptogramins",3.47,0.1693829655552175
2022,Belgium,J01G,Aminoglycoside antibacterials,0.029,0.0014108802747572
2022,Belgium,J01M,Quinolone antibacterials,0.614,0.0299366932225654
2022,Belgium,J01R,Combinations of antibacterials,0.0,0.0
2022,Belgium,J01X,Other antibacterials,2.677,0.1306761518856872
2023,Belgium,J01A,Tetracyclines,1.804,0.0873161458078878
2023,Belgium,J01B,Amphenicols,0.015,0.0006786473554953
2023,Belgium,J01C,"Beta-lactam antibacterials, penicillins",10.641,0.5152024318971616
2023,Belgium,J01D,Other beta-lactam antibacterials,1.177,0.0569490976231993
2023,Belgium,J01E,Sulfonamides and trimethoprim,0.33,0.0159735846588124
2023,Belgium,J01F,"Macrolides, lincosamides and streptogramins",3.715,0.1798747165463435
2023,Belgium,J01G,Aminoglycoside antibacterials,0.026,0.0012337282119022
2023,Belgium,J01M,Quinolone antibacterials,0.607,0.0293657334506956
2023,Belgium,J01R,Combinations of antibacterials,0.0,0.0
2023,Belgium,J01X,Other antibacterials,2.343,0.1134059144485019
2024,Belgium,J01A,Tetracyclines,1.901,0.089985429247292
2024,Belgium,J01B,Amphenicols,0.014,0.0006612137130213
2024,Belgium,J01C,"Beta-lactam antibacterials, penicillins",9.962,0.4716304471539404
2024,Belgium,J01D,Other beta-lactam antibacterials,1.085,0.0513591099682772
2024,Belgium,J01E,Sulfonamides and trimethoprim,0.334,0.0157697529429833
2024,Belgium,J01F,"Macrolides, lincosamides and streptogramins",3.793,0.1795748214969166
2024,Belgium,J01G,Aminoglycoside antibacterials,0.024,0.0011300665986041
2024,Belgium,J01M,Quinolone antibacterials,1.301,0.0615851498009351
2024,Belgium,J01R,Combinations of antibacterials,0.0,0.0
2024,Belgium,J01X,Other antibacterials,2.711,0.1283040090780297
2000,Bulgaria,J01A,Tetracyclines,3.26,0.1610635312338454
2000,Bulgaria,J01B,Amphenicols,0.183,0.0090423892383906
2000,Bulgaria,J01C,"Beta-lactam antibacterials, penicillins",8.693,0.4294920934435563
2000,Bulgaria,J01D,Other beta-lactam antibacterials,2.526,0.124804785686975
2000,Bulgaria,J01E,Sulfonamides and trimethoprim,1.133,0.0559488692912259
2000,Bulgaria,J01F,"Macrolides, lincosamides and streptogramins",0.721,0.0356047288039231
2000,Bulgaria,J01G,Aminoglycoside antibacterials,2.117,0.1045944527956152
2000,Bulgaria,J01M,Quinolone antibacterials,1.236,0.0610671086599702
2000,Bulgaria,J01R,Combinations of antibacterials,0.0,0.0
2000,Bulgaria,J01X,Other antibacterials,0.373,0.018382040846498
2001,Bulgaria,J01A,Tetracyclines,3.637,0.1604759828339529
2001,Bulgaria,J01B,Amphenicols,0.148,0.0064960267759761
2001,Bulgaria,J01C,"Beta-lactam antibacterials, penicillins",10.968,0.4840032880393134
2001,Bulgaria,J01D,Other beta-lactam antibacterials,2.503,0.1104502837184994
2001,Bulgaria,J01E,Sulfonamides and trimethoprim,1.306,0.0575969978878932
2001,Bulgaria,J01F,"Macrolides, lincosamides and streptogramins",0.605,0.0266877160964193
2001,Bulgaria,J01G,Aminoglycoside antibacterials,1.549,0.0683145903589239
2001,Bulgaria,J01M,Quinolone antibacterials,1.603,0.0707306646646937
2001,Bulgaria,J01R,Combinations of antibacterials,0.0,0.0
2001,Bulgaria,J01X,Other antibacterials,0.346,0.0152444496243277
2002,Bulgaria,J01A,Tetracyclines,2.798,0.1618198219917407
2002,Bulgaria,J01B,Amphenicols,0.111,0.0063799712134606
2002,Bulgaria,J01C,"Beta-lactam antibacterials, penicillins",8.517,0.4926050267933225
2002,Bulgaria,J01D,Other beta-lactam antibacterials,1.426,0.0824759107658927
2002,Bulgaria,J01E,Sulfonamides and trimethoprim,0.943,0.0545199170136961
2002,Bulgaria,J01F,"Macrolides, lincosamides and streptogramins",0.743,0.04294896370078
2002,Bulgaria,J01G,Aminoglycoside antibacterials,1.361,0.0787059198886482
2002,Bulgaria,J01M,Quinolone antibacterials,1.347,0.0778938835891969
2002,Bulgaria,J01R,Combinations of antibacterials,0.0,0.0
2002,Bulgaria,J01X,Other antibacterials,0.046,0.0026505850432619
2003,Bulgaria,J01A,Tetracyclines,3.067,0.1973842932732442
2003,Bulgaria,J01B,Amphenicols,0.081,0.0051971080478679
2003,Bulgaria,J01C,"Beta-lactam antibacterials, penicillins",6.666,0.4289943753294574
2003,Bulgaria,J01D,Other beta-lactam antibacterials,1.433,0.0921859623309911
2003,Bulgaria,J01E,Sulfonamides and trimethoprim,1.077,0.0692665401292792
2003,Bulgaria,J01F,"Macrolides, lincosamides and streptogramins",1.436,0.0923645049112082
2003,Bulgaria,J01G,Aminoglycoside antibacterials,1.207,0.0776555312478478
2003,Bulgaria,J01M,Quinolone antibacterials,0.439,0.0281994296163136
2003,Bulgaria,J01R,Combinations of antibacterials,0.0,0.0
2003,Bulgaria,J01X,Other antibacterials,0.136,0.0087522551137903
2004,Bulgaria,J01A,Tetracyclines,2.838,0.1726346387546058
2004,Bulgaria,J01B,Amphenicols,0.081,0.0048801210275368
2004,Bulgaria,J01C,"Beta-lactam antibacterials, penicillins",7.727,0.4700177248789262
2004,Bulgaria,J01D,Other beta-lactam antibacterials,1.686,0.1025437415652304
2004,Bulgaria,J01E,Sulfonamides and trimethoprim,0.973,0.0591716271506989
2004,Bulgaria,J01F,"Macrolides, lincosamides and streptogramins",1.018,0.0619166838221302
2004,Bulgaria,J01G,Aminoglycoside antibacterials,0.392,0.0237906128223584
2004,Bulgaria,J01M,Quinolone antibacterials,1.606,0.0976636205376935
2004,Bulgaria,J01R,Combinations of antibacterials,0.0,0.0
2004,Bulgaria,J01X,Other antibacterials,0.122,0.0073812294408194
2005,Bulgaria,J01A,Tetracyclines,2.611,0.1678412824825602
2005,Bulgaria,J01B,Amphenicols,0.081,0.0051847742939204
2005,Bulgaria,J01C,"Beta-lactam antibacterials, penicillins",5.691,0.3658642191740587
2005,Bulgaria,J01D,Other beta-lactam antibacterials,2.077,0.1334999650537622
2005,Bulgaria,J01E,Sulfonamides and trimethoprim,0.879,0.0564965248908195
2005,Bulgaria,J01F,"Macrolides, lincosamides and streptogramins",1.362,0.0875357282683428
2005,Bulgaria,J01G,Aminoglycoside antibacterials,0.347,0.0222632289513537
2005,Bulgaria,J01M,Quinolone antibacterials,2.28,0.1465674789346844
2005,Bulgaria,J01R,Combinations of antibacterials,0.0,0.0
2005,Bulgaria,J01X,Other antibacterials,0.23,0.0147467979504979
2006,Bulgaria,J01A,Tetracyclines,2.555,0.1643547823812828
2006,Bulgaria,J01B,Amphenicols,0.064,0.0041110365991268
2006,Bulgaria,J01C,"Beta-lactam antibacterials, penicillins",6.408,0.412318746523808
2006,Bulgaria,J01D,Other beta-lactam antibacterials,2.245,0.1444525105580035
2006,Bulgaria,J01E,Sulfonamides and trimethoprim,0.0,0.0
2006,Bulgaria,J01F,"Macrolides, lincosamides and streptogramins",1.9,0.1222409821390248
2006,Bulgaria,J01G,Aminoglycoside antibacterials,0.4130000000000001,0.026550176571094
2006,Bulgaria,J01M,Quinolone antibacterials,1.916,0.1232711222974185
2006,Bulgaria,J01R,Combinations of antibacterials,0.0,0.0
2006,Bulgaria,J01X,Other antibacterials,0.042,0.0027006429302416
2007,Bulgaria,J01A,Tetracyclines,2.378,0.1397956976050755
2007,Bulgaria,J01B,Amphenicols,0.064,0.003759816106792
2007,Bulgaria,J01C,"Beta-lactam antibacterials, penicillins",6.892,0.4052374445364496
2007,Bulgaria,J01D,Other beta-lactam antibacterials,2.431,0.1429108830786928
2007,Bulgaria,J01E,Sulfonamides and trimethoprim,0.0,0.0
2007,Bulgaria,J01F,"Macrolides, lincosamides and streptogramins",2.731,0.1605613073311533
2007,Bulgaria,J01G,Aminoglycoside antibacterials,0.41,0.0240562132966447
2007,Bulgaria,J01M,Quinolone antibacterials,2.052,0.1206535432603197
2007,Bulgaria,J01R,Combinations of antibacterials,0.0,0.0
2007,Bulgaria,J01X,Other antibacterials,0.052,0.0030250947848723
2008,Bulgaria,J01A,Tetracyclines,2.194,0.122599290795205
2008,Bulgaria,J01B,Amphenicols,0.057,0.003169087059237
2008,Bulgaria,J01C,"Beta-lactam antibacterials, penicillins",6.928,0.3872161040149147
2008,Bulgaria,J01D,Other beta-lactam antibacterials,2.761,0.1542627183232702
2008,Bulgaria,J01E,Sulfonamides and trimethoprim,0.0,0.0
2008,Bulgaria,J01F,"Macrolides, lincosamides and streptogramins",3.308,0.1848716838326481
2008,Bulgaria,J01G,Aminoglycoside antibacterials,0.391,0.0218533424758048
2008,Bulgaria,J01M,Quinolone antibacterials,2.189,0.1223335793334834
2008,Bulgaria,J01R,Combinations of antibacterials,0.0,0.0
2008,Bulgaria,J01X,Other antibacterials,0.067,0.0036941941654368
2009,Bulgaria,J01A,Tetracyclines,1.643,0.0998101424958162
2009,Bulgaria,J01B,Amphenicols,0.035,0.0020952014527507
2009,Bulgaria,J01C,"Beta-lactam antibacterials, penicillins",5.978,0.3632242745390794
2009,Bulgaria,J01D,Other beta-lactam antibacterials,3.002,0.1823860043799809
2009,Bulgaria,J01E,Sulfonamides and trimethoprim,0.0,0.0
2009,Bulgaria,J01F,"Macrolides, lincosamides and streptogramins",3.294,0.2001354267443272
2009,Bulgaria,J01G,Aminoglycoside antibacterials,0.354,0.0214838051172205
2009,Bulgaria,J01M,Quinolone antibacterials,2.079,0.1262689725346445
2009,Bulgaria,J01R,Combinations of antibacterials,0.0,0.0
2009,Bulgaria,J01X,Other antibacterials,0.076,0.0045961727361804
2010,Bulgaria,J01A,Tetracyclines,1.731,0.1062010881923064
2010,Bulgaria,J01B,Amphenicols,0.04,0.0023964043195054
2010,Bulgaria,J01C,"Beta-lactam antibacterials, penicillins",5.669,0.3478905572267574
2010,Bulgaria,J01D,Other beta-lactam antibacterials,3.101,0.1902684393851845
2010,Bulgaria,J01E,Sulfonamides and trimethoprim,0.0,0.0
2010,Bulgaria,J01F,"Macrolides, lincosamides and streptogramins",3.279,0.20118571289607
2010,Bulgaria,J01G,Aminoglycoside antibacterials,0.328,0.020087523041464
2010,Bulgaria,J01M,Quinolone antibacterials,2.086,0.1279867214884993
2010,Bulgaria,J01R,Combinations of antibacterials,0.0,0.0
2010,Bulgaria,J01X,Other antibacterials,0.065,0.0039835534502127
2011,Bulgaria,J01A,Tetracyclines,1.843,0.10578640777145
2011,Bulgaria,J01B,Amphenicols,0.04,0.002292553401617
2011,Bulgaria,J01C,"Beta-lactam antibacterials, penicillins",5.849,0.3358090904246866
2011,Bulgaria,J01D,Other beta-lactam antibacterials,3.383,0.1942242950600691
2011,Bulgaria,J01E,Sulfonamides and trimethoprim,0.0,0.0
2011,Bulgaria,J01F,"Macrolides, lincosamides and streptogramins",3.539,0.2031952086225318
2011,Bulgaria,J01G,Aminoglycoside antibacterials,0.324,0.0185916336930648
2011,Bulgaria,J01M,Quinolone antibacterials,2.373,0.1362213216940424
2011,Bulgaria,J01R,Combinations of antibacterials,0.0,0.0
2011,Bulgaria,J01X,Other antibacterials,0.068,0.0038794893325383
2012,Bulgaria,J01A,Tetracyclines,1.792,0.1079800648293822
2012,Bulgaria,J01B,Amphenicols,0.039,0.0023165490301959
2012,Bulgaria,J01C,"Beta-lactam antibacterials, penicillins",5.417,0.3264374244588838
2012,Bulgaria,J01D,Other beta-lactam antibacterials,3.248,0.1957268174088919
2012,Bulgaria,J01E,Sulfonamides and trimethoprim,0.0,0.0
2012,Bulgaria,J01F,"Macrolides, lincosamides and streptogramins",3.289,0.1982055453620354
2012,Bulgaria,J01G,Aminoglycoside antibacterials,0.275,0.0165264601451775
2012,Bulgaria,J01M,Quinolone antibacterials,2.522,0.1519341087105028
2012,Bulgaria,J01R,Combinations of antibacterials,0.0,0.0
2012,Bulgaria,J01X,Other antibacterials,0.015,0.0008730300549305
2013,Bulgaria,J01A,Tetracyclines,1.779,0.0999293830755988
2013,Bulgaria,J01B,Amphenicols,0.04,0.002202472463474
2013,Bulgaria,J01C,"Beta-lactam antibacterials, penicillins",5.843,0.3283515008695744
2013,Bulgaria,J01D,Other beta-lactam antibacterials,3.575,0.2009097865278195
2013,Bulgaria,J01E,Sulfonamides and trimethoprim,0.0,0.0
2013,Bulgaria,J01F,"Macrolides, lincosamides and streptogramins",3.578,0.2010750183286466
2013,Bulgaria,J01G,Aminoglycoside antibacterials,0.267,0.0149760146932659
2013,Bulgaria,J01M,Quinolone antibacterials,2.634,0.1480216723425289
2013,Bulgaria,J01R,Combinations of antibacterials,0.0,0.0
2013,Bulgaria,J01X,Other antibacterials,0.081,0.0045341516990915
2014,Bulgaria,J01A,Tetracyclines,1.816,0.0950189744307239
2014,Bulgaria,J01B,Amphenicols,0.04,0.0020622435444773
2014,Bulgaria,J01C,"Beta-lactam antibacterials, penicillins",5.698,0.2982170928631425
2014,Bulgaria,J01D,Other beta-lactam antibacterials,4.172,0.218360128262242
2014,Bulgaria,J01E,Sulfonamides and trimethoprim,0.0,0.0
2014,Bulgaria,J01F,"Macrolides, lincosamides and streptogramins",4.068000000000001,0.212909019618558
2014,Bulgaria,J01G,Aminoglycoside antibacterials,0.287,0.0149978112968904
2014,Bulgaria,J01M,Quinolone antibacterials,3.011,0.1575816513452215
2014,Bulgaria,J01R,Combinations of antibacterials,0.0,0.0
2014,Bulgaria,J01X,Other antibacterials,0.017,0.0008530786387444
2015,Bulgaria,J01A,Tetracyclines,1.763,0.0889015885015708
2015,Bulgaria,J01B,Amphenicols,0.038,0.0018793789845672
2015,Bulgaria,J01C,"Beta-lactam antibacterials, penicillins",5.761,0.2906530990808096
2015,Bulgaria,J01D,Other beta-lactam antibacterials,4.751,0.2396855014412693
2015,Bulgaria,J01E,Sulfonamides and trimethoprim,0.0,0.0
2015,Bulgaria,J01F,"Macrolides, lincosamides and streptogramins",4.084000000000001,0.206014799819398
2015,Bulgaria,J01G,Aminoglycoside antibacterials,0.285,0.0143314630190939
2015,Bulgaria,J01M,Quinolone antibacterials,3.041,0.1534190797682607
2015,Bulgaria,J01R,Combinations of antibacterials,0.0,0.0
2015,Bulgaria,J01X,Other antibacterials,0.102,0.0051150893850303
2016,Bulgaria,J01A,Tetracyclines,1.753,0.0884594345130835
2016,Bulgaria,J01B,Amphenicols,0.001,7.620722976474728e-06
2016,Bulgaria,J01C,"Beta-lactam antibacterials, penicillins",4.897,0.2471039107783922
2016,Bulgaria,J01D,Other beta-lactam antibacterials,4.964,0.250481960259898
2016,Bulgaria,J01E,Sulfonamides and trimethoprim,0.807,0.0406926924281758
2016,Bulgaria,J01F,"Macrolides, lincosamides and streptogramins",3.896,0.1966040039682266
2016,Bulgaria,J01G,Aminoglycoside antibacterials,0.265,0.0133529702373421
2016,Bulgaria,J01M,Quinolone antibacterials,3.018,0.152264467551441
2016,Bulgaria,J01R,Combinations of antibacterials,0.0,0.0
2016,Bulgaria,J01X,Other antibacterials,0.219,0.0110329395404643
2017,Bulgaria,J01A,Tetracyclines,1.708,0.0804415617507774
2017,Bulgaria,J01B,Amphenicols,0.035,0.0016356739089586
2017,Bulgaria,J01C,"Beta-lactam antibacterials, penicillins",5.687,0.2679385109114975
2017,Bulgaria,J01D,Other beta-lactam antibacterials,5.207,0.245334642437867
2017,Bulgaria,J01E,Sulfonamides and trimethoprim,0.887,0.0417505588572154
2017,Bulgaria,J01F,"Macrolides, lincosamides and streptogramins",4.075,0.1919886326906358
2017,Bulgaria,J01G,Aminoglycoside antibacterials,0.26,0.0122205077840456
2017,Bulgaria,J01M,Quinolone antibacterials,3.11,0.1464916431975849
2017,Bulgaria,J01R,Combinations of antibacterials,0.0,0.0
2017,Bulgaria,J01X,Other antibacterials,0.259,0.0121982684614177
2018,Bulgaria,J01A,Tetracyclines,1.702,0.0771843888603008
2018,Bulgaria,J01B,Amphenicols,0.034,0.0015164906507496
2018,Bulgaria,J01C,"Beta-lactam antibacterials, penicillins",5.887,0.2670367162114398
2018,Bulgaria,J01D,Other beta-lactam antibacterials,5.619,0.2548670499800045
2018,Bulgaria,J01E,Sulfonamides and trimethoprim,0.908,0.0411432972301716
2018,Bulgaria,J01F,"Macrolides, lincosamides and streptogramins",4.303,0.195182022425427
2018,Bulgaria,J01G,Aminoglycoside antibacterials,0.269,0.012171480703812
2018,Bulgaria,J01M,Quinolone antibacterials,3.123,0.1416460149468977
2018,Bulgaria,J01R,Combinations of antibacterials,0.0,0.0
2018,Bulgaria,J01X,Other antibacterials,0.204,0.0092525389911969
2019,Bulgaria,J01A,Tetracyclines,1.786,0.0821791946660153
2019,Bulgaria,J01B,Amphenicols,0.034,0.0015344905380062
2019,Bulgaria,J01C,"Beta-lactam antibacterials, penicillins",5.761,0.2650502605583246
2019,Bulgaria,J01D,Other beta-lactam antibacterials,5.48,0.252112990111879
2019,Bulgaria,J01E,Sulfonamides and trimethoprim,0.822,0.0378081278074311
2019,Bulgaria,J01F,"Macrolides, lincosamides and streptogramins",4.337,0.1995197061640884
2019,Bulgaria,J01G,Aminoglycoside antibacterials,0.267,0.012263178678123
2019,Bulgaria,J01M,Quinolone antibacterials,3.081,0.1417555631896384
2019,Bulgaria,J01R,Combinations of antibacterials,0.0,0.0
2019,Bulgaria,J01X,Other antibacterials,0.17,0.0077764882864936
2020,Bulgaria,J01A,Tetracyclines,2.357,0.0980088671219682
2020,Bulgaria,J01B,Amphenicols,0.034,0.0013926123342134
2020,Bulgaria,J01C,"Beta-lactam antibacterials, penicillins",5.112,0.2125690936129848
2020,Bulgaria,J01D,Other beta-lactam antibacterials,5.266,0.2189945069457403
2020,Bulgaria,J01E,Sulfonamides and trimethoprim,0.685,0.0284765226129825
2020,Bulgaria,J01F,"Macrolides, lincosamides and streptogramins",6.293,0.2617080224343418
2020,Bulgaria,J01G,Aminoglycoside antibacterials,0.274,0.011371711504589
2020,Bulgaria,J01M,Quinolone antibacterials,3.886,0.1616013785888952
2020,Bulgaria,J01R,Combinations of antibacterials,0.0,0.0
2020,Bulgaria,J01X,Other antibacterials,0.142,0.0058772848442847
2021,Bulgaria,J01A,Tetracyclines,2.775,0.1071972841702604
2021,Bulgaria,J01B,Amphenicols,0.033,0.0012490619189151
2021,Bulgaria,J01C,"Beta-lactam antibacterials, penicillins",5.22,0.2016428859763214
2021,Bulgaria,J01D,Other beta-lactam antibacterials,6.096,0.2354963700743789
2021,Bulgaria,J01E,Sulfonamides and trimethoprim,0.697,0.026914272679617
2021,Bulgaria,J01F,"Macrolides, lincosamides and streptogramins",5.963,0.2303533443904297
2021,Bulgaria,J01G,Aminoglycoside antibacterials,0.26,0.0100419493788574
2021,Bulgaria,J01M,Quinolone antibacterials,4.513,0.1743338697034737
2021,Bulgaria,J01R,Combinations of antibacterials,0.216,0.0083144583794904
2021,Bulgaria,J01X,Other antibacterials,0.116,0.004456503328256
2022,Bulgaria,J01A,Tetracyclines,2.57,0.0948652219460498
2022,Bulgaria,J01B,Amphenicols,0.032,0.0011752042533859
2022,Bulgaria,J01C,"Beta-lactam antibacterials, penicillins",6.384,0.2356604206039633
2022,Bulgaria,J01D,Other beta-lactam antibacterials,6.857,0.2530898484552779
2022,Bulgaria,J01E,Sulfonamides and trimethoprim,0.851,0.0314027526047758
2022,Bulgaria,J01F,"Macrolides, lincosamides and streptogramins",6.127,0.2261536545969272
2022,Bulgaria,J01G,Aminoglycoside antibacterials,0.236,0.0087033627726256
2022,Bulgaria,J01M,Quinolone antibacterials,3.73,0.1376874929009151
2022,Bulgaria,J01R,Combinations of antibacterials,0.211,0.0077812800032661
2022,Bulgaria,J01X,Other antibacterials,0.095,0.0034807618628131
2023,Bulgaria,J01A,Tetracyclines,2.504,0.095250558563018
2023,Bulgaria,J01B,Amphenicols,0.03,0.0011328184128756
2023,Bulgaria,J01C,"Beta-lactam antibacterials, penicillins",6.38,0.2427010380821077
2023,Bulgaria,J01D,Other beta-lactam antibacterials,7.375,0.2805284538169928
2023,Bulgaria,J01E,Sulfonamides and trimethoprim,0.797,0.0303188512160679
2023,Bulgaria,J01F,"Macrolides, lincosamides and streptogramins",5.403,0.2055193493853096
2023,Bulgaria,J01G,Aminoglycoside antibacterials,0.256,0.0097103666579943
2023,Bulgaria,J01M,Quinolone antibacterials,3.276,0.1246006290113281
2023,Bulgaria,J01R,Combinations of antibacterials,0.194,0.0073620262514252
2023,Bulgaria,J01X,Other antibacterials,0.076,0.0028759086028804
2024,Bulgaria,J01A,Tetracyclines,2.028,0.0866340218327706
2024,Bulgaria,J01B,Amphenicols,0.024,0.0009932802461759
2024,Bulgaria,J01C,"Beta-lactam antibacterials, penicillins",5.536,0.2364752875241079
2024,Bulgaria,J01D,Other beta-lactam antibacterials,7.079,0.3023746536377827
2024,Bulgaria,J01E,Sulfonamides and trimethoprim,0.617,0.0263351910506265
2024,Bulgaria,J01F,"Macrolides, lincosamides and streptogramins",4.837,0.2066050252777883
2024,Bulgaria,J01G,Aminoglycoside antibacterials,0.269,0.0114502985223445
2024,Bulgaria,J01M,Quinolone antibacterials,2.736,0.1168596708739781
2024,Bulgaria,J01R,Combinations of antibacterials,0.186,0.0079333832814329
2024,Bulgaria,J01X,Other antibacterials,0.102,0.0043391877529925
2000,Croatia,J01A,Tetracyclines,1.416,0.0813995559991806
2000,Croatia,J01B,Amphenicols,0.001,1.17308406906981e-05
2000,Croatia,J01C,"Beta-lactam antibacterials, penicillins",6.828,0.3926005882211548
2000,Croatia,J01D,Other beta-lactam antibacterials,3.736,0.214826425535786
2000,Croatia,J01E,Sulfonamides and trimethoprim,1.694,0.0973881743235128
2000,Croatia,J01F,"Macrolides, lincosamides and streptogramins",2.027,0.1165513076494627
2000,Croatia,J01G,Aminoglycoside antibacterials,0.152,0.0086855949531623
2000,Croatia,J01M,Quinolone antibacterials,1.51,0.0867986179229534
2000,Croatia,J01R,Combinations of antibacterials,0.0,0.0
2000,Croatia,J01X,Other antibacterials,0.031,0.0017380045540963
2001,Croatia,J01A,Tetracyclines,1.526,0.0831847199106951
2001,Croatia,J01B,Amphenicols,0.001,2.344160611418145e-06
2001,Croatia,J01C,"Beta-lactam antibacterials, penicillins",7.415,0.4042244390955181
2001,Croatia,J01D,Other beta-lactam antibacterials,3.753,0.2045838370780027
2001,Croatia,J01E,Sulfonamides and trimethoprim,1.831,0.099805145737828
2001,Croatia,J01F,"Macrolides, lincosamides and streptogramins",2.065,0.1125277231064402
2001,Croatia,J01G,Aminoglycoside antibacterials,0.172,0.0093622503898257
2001,Croatia,J01M,Quinolone antibacterials,1.533,0.0835372162482167
2001,Croatia,J01R,Combinations of antibacterials,0.0,0.0
2001,Croatia,J01X,Other antibacterials,0.051,0.0027723242728618
2002,Croatia,J01A,Tetracyclines,1.986,0.0893331712826731
2002,Croatia,J01B,Amphenicols,0.001,6.659616173021869e-06
2002,Croatia,J01C,"Beta-lactam antibacterials, penicillins",9.698,0.4363505609354205
2002,Croatia,J01D,Other beta-lactam antibacterials,4.352,0.1958206588763257
2002,Croatia,J01E,Sulfonamides and trimethoprim,2.047,0.0920870575624373
2002,Croatia,J01F,"Macrolides, lincosamides and streptogramins",2.095,0.0942562925385795
2002,Croatia,J01G,Aminoglycoside antibacterials,0.196,0.0087925832394649
2002,Croatia,J01M,Quinolone antibacterials,1.769,0.0795587446317531
2002,Croatia,J01R,Combinations of antibacterials,0.0,0.0
2002,Croatia,J01X,Other antibacterials,0.085,0.0037942713171726
2003,Croatia,J01A,Tetracyclines,2.095,0.0907887820534357
2003,Croatia,J01B,Amphenicols,0.001,1.179166299080359e-05
2003,Croatia,J01C,"Beta-lactam antibacterials, penicillins",10.04,0.4352223042773607
2003,Croatia,J01D,Other beta-lactam antibacterials,4.658,0.2019082552262103
2003,Croatia,J01E,Sulfonamides and trimethoprim,1.918,0.0831075974074815
2003,Croatia,J01F,"Macrolides, lincosamides and streptogramins",2.323,0.100665123490575
2003,Croatia,J01G,Aminoglycoside antibacterials,0.139,0.0059995287669973
2003,Croatia,J01M,Quinolone antibacterials,1.783,0.0772669092772425
2003,Croatia,J01R,Combinations of antibacterials,0.0,0.0
2003,Croatia,J01X,Other antibacterials,0.117,0.0050297078377059
2004,Croatia,J01A,Tetracyclines,2.042,0.0930749784423411
2004,Croatia,J01B,Amphenicols,0.0,0.0
2004,Croatia,J01C,"Beta-lactam antibacterials, penicillins",9.285,0.4232290480683941
2004,Croatia,J01D,Other beta-lactam antibacterials,4.037,0.1840124016765858
2004,Croatia,J01E,Sulfonamides and trimethoprim,1.768,0.0805904763215835
2004,Croatia,J01F,"Macrolides, lincosamides and streptogramins",2.422,0.1103715666547952
2004,Croatia,J01G,Aminoglycoside antibacterials,0.118,0.005342907971258
2004,Croatia,J01M,Quinolone antibacterials,1.66,0.0756303344578977
2004,Croatia,J01R,Combinations of antibacterials,0.0,0.0
2004,Croatia,J01X,Other antibacterials,0.609,0.0277482864071445
2005,Croatia,J01A,Tetracyclines,2.154,0.0941060063345468
2005,Croatia,J01B,Amphenicols,0.001,2.141407915395333e-06
2005,Croatia,J01C,"Beta-lactam antibacterials, penicillins",9.214,0.4026366063107204
2005,Croatia,J01D,Other beta-lactam antibacterials,4.244,0.1854602597956083
2005,Croatia,J01E,Sulfonamides and trimethoprim,1.693,0.0739771652496518
2005,Croatia,J01F,"Macrolides, lincosamides and streptogramins",2.998,0.130990839930982
2005,Croatia,J01G,Aminoglycoside antibacterials,0.122,0.005305971792326
2005,Croatia,J01M,Quinolone antibacterials,1.768,0.0772585888156799
2005,Croatia,J01R,Combinations of antibacterials,0.0,0.0
2005,Croatia,J01X,Other antibacterials,0.693,0.0302624203625692
2006,Croatia,J01A,Tetracyclines,1.88,0.0896466915682869
2006,Croatia,J01B,Amphenicols,0.0,0.0
2006,Croatia,J01C,"Beta-lactam antibacterials, penicillins",8.115,0.3870347020066677
2006,Croatia,J01D,Other beta-lactam antibacterials,3.918,0.1868349376677263
2006,Croatia,J01E,Sulfonamides and trimethoprim,1.479,0.0705250822963063
2006,Croatia,J01F,"Macrolides, lincosamides and streptogramins",2.931,0.1397934455241761
2006,Croatia,J01G,Aminoglycoside antibacterials,0.12,0.0057033620239988
2006,Croatia,J01M,Quinolone antibacterials,1.779,0.08482276578931
2006,Croatia,J01R,Combinations of antibacterials,0.0,0.0
2006,Croatia,J01X,Other antibacterials,0.748,0.0356390131235278
2007,Croatia,J01A,Tetracyclines,1.933,0.0948558816589228
2007,Croatia,J01B,Amphenicols,0.001,6.381446445158808e-07
2007,Croatia,J01C,"Beta-lactam antibacterials, penicillins",8.32,0.4083648589059737
2007,Croatia,J01D,Other beta-lactam antibacterials,4.202,0.2062542887615316
2007,Croatia,J01E,Sulfonamides and trimethoprim,0.001,2.415132039244718e-05
2007,Croatia,J01F,"Macrolides, lincosamides and streptogramins",3.601,0.1767584087951648
2007,Croatia,J01G,Aminoglycoside antibacterials,0.109,0.0053140758951316
2007,Croatia,J01M,Quinolone antibacterials,1.624,0.0796782003457075
2007,Croatia,J01R,Combinations of antibacterials,0.0,0.0
2007,Croatia,J01X,Other antibacterials,0.586,0.0287494961725311
2008,Croatia,J01A,Tetracyclines,1.889,0.0905822771939114
2008,Croatia,J01B,Amphenicols,0.0,0.0
2008,Croatia,J01C,"Beta-lactam antibacterials, penicillins",8.307,0.3984024092640982
2008,Croatia,J01D,Other beta-lactam antibacterials,4.545,0.2179822365215123
2008,Croatia,J01E,Sulfonamides and trimethoprim,0.002,5.25671574213699e-05
2008,Croatia,J01F,"Macrolides, lincosamides and streptogramins",3.543,0.1699274611597773
2008,Croatia,J01G,Aminoglycoside antibacterials,0.123,0.0058609023133386
2008,Croatia,J01M,Quinolone antibacterials,1.673,0.0802365713934901
2008,Croatia,J01R,Combinations of antibacterials,0.0,0.0
2008,Croatia,J01X,Other antibacterials,0.771,0.0369555749964507
2009,Croatia,J01A,Tetracyclines,1.721,0.0878389878660857
2009,Croatia,J01B,Amphenicols,0.0,0.0
2009,Croatia,J01C,"Beta-lactam antibacterials, penicillins",7.452,0.3804134399428881
2009,Croatia,J01D,Other beta-lactam antibacterials,4.317,0.2203676001894606
2009,Croatia,J01E,Sulfonamides and trimethoprim,0.0,0.0
2009,Croatia,J01F,"Macrolides, lincosamides and streptogramins",3.562,0.1818032331442981
2009,Croatia,J01G,Aminoglycoside antibacterials,0.117,0.0059222274101427
2009,Croatia,J01M,Quinolone antibacterials,1.603,0.0818230817902049
2009,Croatia,J01R,Combinations of antibacterials,0.0,0.0
2009,Croatia,J01X,Other antibacterials,0.82,0.0418314296569196
2010,Croatia,J01A,Tetracyclines,1.196,0.0669777444528603
2010,Croatia,J01B,Amphenicols,0.001,1.008186417701379e-06
2010,Croatia,J01C,"Beta-lactam antibacterials, penicillins",7.063,0.3955972275097556
2010,Croatia,J01D,Other beta-lactam antibacterials,3.941,0.2207229245516413
2010,Croatia,J01E,Sulfonamides and trimethoprim,0.003,0.0001490435587501
2010,Croatia,J01F,"Macrolides, lincosamides and streptogramins",3.17,0.1774978280583993
2010,Croatia,J01G,Aminoglycoside antibacterials,0.144,0.0080168183417786
2010,Croatia,J01M,Quinolone antibacterials,1.525,0.0854036394745534
2010,Croatia,J01R,Combinations of antibacterials,0.0,0.0
2010,Croatia,J01X,Other antibacterials,0.815,0.0456337658658436
2011,Croatia,J01A,Tetracyclines,1.448,0.0830520108091671
2011,Croatia,J01B,Amphenicols,0.001,2.295768571375933e-07
2011,Croatia,J01C,"Beta-lactam antibacterials, penicillins",7.153,0.4105371989408013
2011,Croatia,J01D,Other beta-lactam antibacterials,3.474,0.1993333776799296
2011,Croatia,J01E,Sulfonamides and trimethoprim,0.002,7.851528514105691e-05
2011,Croatia,J01F,"Macrolides, lincosamides and streptogramins",3.022,0.173404795252167
2011,Croatia,J01G,Aminoglycoside antibacterials,0.109,0.0062293958357857
2011,Croatia,J01M,Quinolone antibacterials,1.513,0.0868363557222232
2011,Croatia,J01R,Combinations of antibacterials,0.0,0.0
2011,Croatia,J01X,Other antibacterials,0.707,0.0405281208979278
2012,Croatia,J01A,Tetracyclines,1.248,0.0646624315588988
2012,Croatia,J01B,Amphenicols,0.001,5.1854229464299144e-08
2012,Croatia,J01C,"Beta-lactam antibacterials, penicillins",8.23,0.4267301811838632
2012,Croatia,J01D,Other beta-lactam antibacterials,4.069,0.210974066144218
2012,Croatia,J01E,Sulfonamides and trimethoprim,0.001,1.301541159553908e-05
2012,Croatia,J01F,"Macrolides, lincosamides and streptogramins",3.132,0.1623741044126394
2012,Croatia,J01G,Aminoglycoside antibacterials,0.113,0.0058128591229479
2012,Croatia,J01M,Quinolone antibacterials,1.681,0.0871279134947002
2012,Croatia,J01R,Combinations of antibacterials,0.0,0.0
2012,Croatia,J01X,Other antibacterials,0.816,0.0423053768169073
2013,Croatia,J01A,Tetracyclines,1.238,0.0669649585016446
2013,Croatia,J01B,Amphenicols,0.001,5.411287914121129e-08
2013,Croatia,J01C,"Beta-lactam antibacterials, penicillins",8.22,0.4448002907376771
2013,Croatia,J01D,Other beta-lactam antibacterials,3.471,0.1878137363270959
2013,Croatia,J01E,Sulfonamides and trimethoprim,0.0,0.0
2013,Croatia,J01F,"Macrolides, lincosamides and streptogramins",2.948,0.1594864557898589
2013,Croatia,J01G,Aminoglycoside antibacterials,0.101,0.0054605847470187
2013,Croatia,J01M,Quinolone antibacterials,1.662,0.0899052478074949
2013,Croatia,J01R,Combinations of antibacterials,0.0,0.0
2013,Croatia,J01X,Other antibacterials,0.843,0.0455686719763305
2014,Croatia,J01A,Tetracyclines,1.165,0.0622469721116304
2014,Croatia,J01B,Amphenicols,0.001,1.015693208476484e-06
2014,Croatia,J01C,"Beta-lactam antibacterials, penicillins",8.397,0.4488341873353107
2014,Croatia,J01D,Other beta-lactam antibacterials,3.331,0.1780239699320597
2014,Croatia,J01E,Sulfonamides and trimethoprim,0.0,0.0
2014,Croatia,J01F,"Macrolides, lincosamides and streptogramins",3.045,0.1627659592666396
2014,Croatia,J01G,Aminoglycoside antibacterials,0.137,0.0073003751222306
2014,Croatia,J01M,Quinolone antibacterials,1.696,0.0906633417504007
2014,Croatia,J01R,Combinations of antibacterials,0.0,0.0
2014,Croatia,J01X,Other antibacterials,0.939,0.0501641787885196
2015,Croatia,J01A,Tetracyclines,1.183,0.0620532512332095
2015,Croatia,J01B,Amphenicols,0.001,2.623208289715937e-07
2015,Croatia,J01C,"Beta-lactam antibacterials, penicillins",8.546,0.4483431265568413
2015,Croatia,J01D,Other beta-lactam antibacterials,3.283,0.1722092696940904
2015,Croatia,J01E,Sulfonamides and trimethoprim,0.001,2.5182799581273e-06
2015,Croatia,J01F,"Macrolides, lincosamides and streptogramins",3.249,0.1704510905699911
2015,Croatia,J01G,Aminoglycoside antibacterials,0.102,0.0053160365274409
2015,Croatia,J01M,Quinolone antibacterials,1.705,0.0894481499010342
2015,Croatia,J01R,Combinations of antibacterials,0.0,0.0
2015,Croatia,J01X,Other antibacterials,0.995,0.0521762949166053
2016,Croatia,J01A,Tetracyclines,1.06,0.0565981718924578
2016,Croatia,J01B,Amphenicols,0.001,4.808362961308332e-07
2016,Croatia,J01C,"Beta-lactam antibacterials, penicillins",8.329,0.4449686866047395
2016,Croatia,J01D,Other beta-lactam antibacterials,2.994,0.1599324029649648
2016,Croatia,J01E,Sulfonamides and trimethoprim,0.633,0.0338179112481981
2016,Croatia,J01F,"Macrolides, lincosamides and streptogramins",2.862,0.1528605298527482
2016,Croatia,J01G,Aminoglycoside antibacterials,0.098,0.0051990691650421
2016,Croatia,J01M,Quinolone antibacterials,1.701,0.0908371354573012
2016,Croatia,J01R,Combinations of antibacterials,0.0,0.0
2016,Croatia,J01X,Other antibacterials,1.045,0.0557856119782518
2017,Croatia,J01A,Tetracyclines,1.032,0.0555468954653524
2017,Croatia,J01B,Amphenicols,0.001,5.3845120434034745e-08
2017,Croatia,J01C,"Beta-lactam antibacterials, penicillins",8.279,0.4457756753053085
2017,Croatia,J01D,Other beta-lactam antibacterials,3.021,0.1626487707024392
2017,Croatia,J01E,Sulfonamides and trimethoprim,0.591,0.0317712056218613
2017,Croatia,J01F,"Macrolides, lincosamides and streptogramins",2.904,0.1563425378874459
2017,Croatia,J01G,Aminoglycoside antibacterials,0.096,0.0051213709398423
2017,Croatia,J01M,Quinolone antibacterials,1.731,0.0931747809917032
2017,Croatia,J01R,Combinations of antibacterials,0.0,0.0
2017,Croatia,J01X,Other antibacterials,0.922,0.0496187092409264
2018,Croatia,J01A,Tetracyclines,1.013,0.0538485120475508
2018,Croatia,J01B,Amphenicols,0.001,6.383470726014999e-07
2018,Croatia,J01C,"Beta-lactam antibacterials, penicillins",8.307,0.4418728869049535
2018,Croatia,J01D,Other beta-lactam antibacterials,3.053,0.1623575668145912
2018,Croatia,J01E,Sulfonamides and trimethoprim,0.535,0.0284086257499314
2018,Croatia,J01F,"Macrolides, lincosamides and streptogramins",2.994,0.1592424862958852
2018,Croatia,J01G,Aminoglycoside antibacterials,0.101,0.0053206228501335
2018,Croatia,J01M,Quinolone antibacterials,1.723,0.0916440315000874
2018,Croatia,J01R,Combinations of antibacterials,0.0,0.0
2018,Croatia,J01X,Other antibacterials,1.078,0.0573046294897941
2019,Croatia,J01A,Tetracyclines,0.965,0.0513222964142672
2019,Croatia,J01B,Amphenicols,0.001,5.3227080725095484e-08
2019,Croatia,J01C,"Beta-lactam antibacterials, penicillins",8.388,0.4464481542418603
2019,Croatia,J01D,Other beta-lactam antibacterials,3.11,0.1655261611367899
2019,Croatia,J01E,Sulfonamides and trimethoprim,0.53,0.0281647371761192
2019,Croatia,J01F,"Macrolides, lincosamides and streptogramins",2.971,0.1581360067947562
2019,Croatia,J01G,Aminoglycoside antibacterials,0.091,0.0048105038746919
2019,Croatia,J01M,Quinolone antibacterials,1.601,0.0852143207034874
2019,Croatia,J01R,Combinations of antibacterials,0.0,0.0
2019,Croatia,J01X,Other antibacterials,1.135,0.0603777664309469
2020,Croatia,J01A,Tetracyclines,0.82,0.0523272098795777
2020,Croatia,J01B,Amphenicols,0.0,0.0
2020,Croatia,J01C,"Beta-lactam antibacterials, penicillins",6.552,0.4184576040504976
2020,Croatia,J01D,Other beta-lactam antibacterials,2.593,0.1656007669801969
2020,Croatia,J01E,Sulfonamides and trimethoprim,0.47,0.0299649387234102
2020,Croatia,J01F,"Macrolides, lincosamides and streptogramins",2.628,0.1678660899282876
2020,Croatia,J01G,Aminoglycoside antibacterials,0.072,0.0045939476963606
2020,Croatia,J01M,Quinolone antibacterials,1.417,0.0904610830305631
2020,Croatia,J01R,Combinations of antibacterials,0.0,0.0
2020,Croatia,J01X,Other antibacterials,1.108,0.0707283597111061
2021,Croatia,J01A,Tetracyclines,1.005,0.0553388090235949
2021,Croatia,J01B,Amphenicols,0.0,0.0
2021,Croatia,J01C,"Beta-lactam antibacterials, penicillins",7.337,0.4041779363171413
2021,Croatia,J01D,Other beta-lactam antibacterials,2.961,0.1631027447243601
2021,Croatia,J01E,Sulfonamides and trimethoprim,0.513,0.0282329191728749
2021,Croatia,J01F,"Macrolides, lincosamides and streptogramins",3.259,0.1795189071743677
2021,Croatia,J01G,Aminoglycoside antibacterials,0.088,0.0048348164077663
2021,Croatia,J01M,Quinolone antibacterials,1.678,0.0924127132124947
2021,Croatia,J01R,Combinations of antibacterials,0.0,0.0
2021,Croatia,J01X,Other antibacterials,1.314,0.0723811539673999
2022,Croatia,J01A,Tetracyclines,0.964,0.0477734778933169
2022,Croatia,J01B,Amphenicols,0.0,0.0
2022,Croatia,J01C,"Beta-lactam antibacterials, penicillins",8.296,0.4114934532613847
2022,Croatia,J01D,Other beta-lactam antibacterials,3.328,0.1650784917138073
2022,Croatia,J01E,Sulfonamides and trimethoprim,0.524,0.0259816883588325
2022,Croatia,J01F,"Macrolides, lincosamides and streptogramins",3.809,0.188910292959075
2022,Croatia,J01G,Aminoglycoside antibacterials,0.091,0.0045108441317953
2022,Croatia,J01M,Quinolone antibacterials,1.744,0.0865092450602449
2022,Croatia,J01R,Combinations of antibacterials,0.0,0.0
2022,Croatia,J01X,Other antibacterials,1.406,0.0697425066215431
2023,Croatia,J01A,Tetracyclines,1.052,0.0495570590362176
2023,Croatia,J01B,Amphenicols,0.0,0.0
2023,Croatia,J01C,"Beta-lactam antibacterials, penicillins",8.763,0.4130332633587778
2023,Croatia,J01D,Other beta-lactam antibacterials,3.556,0.1676027218761935
2023,Croatia,J01E,Sulfonamides and trimethoprim,0.559,0.0263189140059579
2023,Croatia,J01F,"Macrolides, lincosamides and streptogramins",3.914,0.1844739160758768
2023,Croatia,J01G,Aminoglycoside antibacterials,0.114,0.0053544510468067
2023,Croatia,J01M,Quinolone antibacterials,1.761,0.0829813355673908
2023,Croatia,J01R,Combinations of antibacterials,0.0,0.0
2023,Croatia,J01X,Other antibacterials,1.5,0.0706783390327787
2024,Croatia,J01A,Tetracyclines,1.089,0.049573957932131
2024,Croatia,J01B,Amphenicols,0.0,0.0
2024,Croatia,J01C,"Beta-lactam antibacterials, penicillins",9.297,0.423343165435324
2024,Croatia,J01D,Other beta-lactam antibacterials,3.509,0.1597790040254029
2024,Croatia,J01E,Sulfonamides and trimethoprim,0.5730000000000001,0.0260667126350145
2024,Croatia,J01F,"Macrolides, lincosamides and streptogramins",4.103,0.1868092851205449
2024,Croatia,J01G,Aminoglycoside antibacterials,0.097,0.0043888357570237
2024,Croatia,J01M,Quinolone antibacterials,1.7,0.0774122522010207
2024,Croatia,J01R,Combinations of antibacterials,0.0,0.0
2024,Croatia,J01X,Other antibacterials,1.595,0.0726267868935381
2006,Cyprus,J01A,Tetracyclines,3.11,0.1145655731109853
2006,Cyprus,J01B,Amphenicols,0.001,7.441794117829095e-06
2006,Cyprus,J01C,"Beta-lactam antibacterials, penicillins",9.731,0.3584838958101668
2006,Cyprus,J01D,Other beta-lactam antibacterials,6.249,0.2301969806062424
2006,Cyprus,J01E,Sulfonamides and trimethoprim,0.438,0.0161149104376393
2006,Cyprus,J01F,"Macrolides, lincosamides and streptogramins",3.334,0.122810454703936
2006,Cyprus,J01G,Aminoglycoside antibacterials,0.096,0.0035309102655202
2006,Cyprus,J01M,Quinolone antibacterials,3.83,0.141075417352024
2006,Cyprus,J01R,Combinations of antibacterials,0.0,0.0
2006,Cyprus,J01X,Other antibacterials,0.359,0.013214415919368
2007,Cyprus,J01A,Tetracyclines,2.51,0.0875754877316481
2007,Cyprus,J01B,Amphenicols,0.001,5.23466058617799e-06
2007,Cyprus,J01C,"Beta-lactam antibacterials, penicillins",10.625,0.3707845147432993
2007,Cyprus,J01D,Other beta-lactam antibacterials,7.013,0.2447163691640383
2007,Cyprus,J01E,Sulfonamides and trimethoprim,0.352,0.0122741972447329
2007,Cyprus,J01F,"Macrolides, lincosamides and streptogramins",3.59,0.1252654278272393
2007,Cyprus,J01G,Aminoglycoside antibacterials,0.4150000000000001,0.0144731385660373
2007,Cyprus,J01M,Quinolone antibacterials,3.768,0.1314928941401918
2007,Cyprus,J01R,Combinations of antibacterials,0.0,0.0
2007,Cyprus,J01X,Other antibacterials,0.385,0.0134127359222266
2009,Cyprus,J01A,Tetracyclines,2.874,0.0985593791779307
2009,Cyprus,J01B,Amphenicols,0.001,3.772785049344598e-07
2009,Cyprus,J01C,"Beta-lactam antibacterials, penicillins",10.758,0.3689585878534156
2009,Cyprus,J01D,Other beta-lactam antibacterials,6.447,0.2211145630188866
2009,Cyprus,J01E,Sulfonamides and trimethoprim,0.456,0.015614596973952
2009,Cyprus,J01F,"Macrolides, lincosamides and streptogramins",3.985,0.1366707161226196
2009,Cyprus,J01G,Aminoglycoside antibacterials,0.096,0.0032670603625029
2009,Cyprus,J01M,Quinolone antibacterials,4.102,0.140665238038728
2009,Cyprus,J01R,Combinations of antibacterials,0.0,0.0
2009,Cyprus,J01X,Other antibacterials,0.442,0.0151494811734596
2010,Cyprus,J01A,Tetracyclines,3.273,0.1263895006256065
2010,Cyprus,J01B,Amphenicols,0.001,4.248469662605078e-07
2010,Cyprus,J01C,"Beta-lactam antibacterials, penicillins",9.692,0.3742999101332798
2010,Cyprus,J01D,Other beta-lactam antibacterials,5.403,0.2086423065080839
2010,Cyprus,J01E,Sulfonamides and trimethoprim,0.01,0.0003745991568873
2010,Cyprus,J01F,"Macrolides, lincosamides and streptogramins",2.902,0.1120729689341084
2010,Cyprus,J01G,Aminoglycoside antibacterials,0.073,0.0028058438549903
2010,Cyprus,J01M,Quinolone antibacterials,4.072,0.1572457881830438
2010,Cyprus,J01R,Combinations of antibacterials,0.0,0.0
2010,Cyprus,J01X,Other antibacterials,0.471,0.0181686577570335
2011,Cyprus,J01A,Tetracyclines,1.399,0.1039792801427587
2011,Cyprus,J01B,Amphenicols,0.0,0.0
2011,Cyprus,J01C,"Beta-lactam antibacterials, penicillins",5.232,0.3890243324766986
2011,Cyprus,J01D,Other beta-lactam antibacterials,3.07,0.2282748505809558
2011,Cyprus,J01E,Sulfonamides and trimethoprim,0.007,0.0005105006602301
2011,Cyprus,J01F,"Macrolides, lincosamides and streptogramins",1.575,0.1170594745539031
2011,Cyprus,J01G,Aminoglycoside antibacterials,0.033,0.0024420745348811
2011,Cyprus,J01M,Quinolone antibacterials,1.907,0.1417465131094562
2011,Cyprus,J01R,Combinations of antibacterials,0.0,0.0
2011,Cyprus,J01X,Other antibacterials,0.229,0.0169629739411164
2012,Cyprus,J01A,Tetracyclines,3.092,0.1250074859636917
2012,Cyprus,J01B,Amphenicols,0.0,0.0
2012,Cyprus,J01C,"Beta-lactam antibacterials, penicillins",9.292,0.3757379158551397
2012,Cyprus,J01D,Other beta-lactam antibacterials,5.357,0.2165950015800892
2012,Cyprus,J01E,Sulfonamides and trimethoprim,0.008,0.0003122976237195
2012,Cyprus,J01F,"Macrolides, lincosamides and streptogramins",2.918,0.1179761189165298
2012,Cyprus,J01G,Aminoglycoside antibacterials,0.059,0.0023469026913682
2012,Cyprus,J01M,Quinolone antibacterials,3.513,0.1420365824538716
2012,Cyprus,J01R,Combinations of antibacterials,0.0,0.0
2012,Cyprus,J01X,Other antibacterials,0.495,0.01998769491559
2014,Cyprus,J01A,Tetracyclines,3.296,0.1508053955447614
2014,Cyprus,J01B,Amphenicols,0.0,0.0
2014,Cyprus,J01C,"Beta-lactam antibacterials, penicillins",7.804,0.3570752714387391
2014,Cyprus,J01D,Other beta-lactam antibacterials,4.461,0.2040929939020947
2014,Cyprus,J01E,Sulfonamides and trimethoprim,0.004,0.0001439570921838
2014,Cyprus,J01F,"Macrolides, lincosamides and streptogramins",2.457,0.1124174935047713
2014,Cyprus,J01G,Aminoglycoside antibacterials,0.057,0.0025888024444701
2014,Cyprus,J01M,Quinolone antibacterials,3.211,0.146897367745027
2014,Cyprus,J01R,Combinations of antibacterials,0.0,0.0
2014,Cyprus,J01X,Other antibacterials,0.5680000000000001,0.0259787183279525
2015,Cyprus,J01A,Tetracyclines,3.549,0.1367077622284621
2015,Cyprus,J01B,Amphenicols,0.0,0.0
2015,Cyprus,J01C,"Beta-lactam antibacterials, penicillins",8.81,0.3393781081915327
2015,Cyprus,J01D,Other beta-lactam antibacterials,5.162,0.1988619228266218
2015,Cyprus,J01E,Sulfonamides and trimethoprim,0.006,0.000211624010283
2015,Cyprus,J01F,"Macrolides, lincosamides and streptogramins",3.213,0.1237740794066607
2015,Cyprus,J01G,Aminoglycoside antibacterials,0.063,0.0024043769994096
2015,Cyprus,J01M,Quinolone antibacterials,4.482,0.1726708221459884
2015,Cyprus,J01R,Combinations of antibacterials,0.0,0.0
2015,Cyprus,J01X,Other antibacterials,0.675,0.0259913041910415
2016,Cyprus,J01A,Tetracyclines,3.774,0.1354164176746402
2016,Cyprus,J01B,Amphenicols,0.0,0.0
2016,Cyprus,J01C,"Beta-lactam antibacterials, penicillins",8.589,0.3082309173049297
2016,Cyprus,J01D,Other beta-lactam antibacterials,5.077,0.1822054200907333
2016,Cyprus,J01E,Sulfonamides and trimethoprim,0.007,0.0002222713686123
2016,Cyprus,J01F,"Macrolides, lincosamides and streptogramins",2.736,0.0981932671981798
2016,Cyprus,J01G,Aminoglycoside antibacterials,0.068,0.0024360841505834
2016,Cyprus,J01M,Quinolone antibacterials,6.893,0.2473837263764441
2016,Cyprus,J01R,Combinations of antibacterials,0.0,0.0
2016,Cyprus,J01X,Other antibacterials,0.722,0.025911895835877
2017,Cyprus,J01A,Tetracyclines,3.444,0.1213623580583362
2017,Cyprus,J01B,Amphenicols,0.0,0.0
2017,Cyprus,J01C,"Beta-lactam antibacterials, penicillins",9.168,0.3230561698449277
2017,Cyprus,J01D,Other beta-lactam antibacterials,5.705,0.2010384314427512
2017,Cyprus,J01E,Sulfonamides and trimethoprim,0.285,0.0100117293981851
2017,Cyprus,J01F,"Macrolides, lincosamides and streptogramins",2.843,0.1001829095426768
2017,Cyprus,J01G,Aminoglycoside antibacterials,0.072,0.0025354670254496
2017,Cyprus,J01M,Quinolone antibacterials,6.099,0.2148894111743441
2017,Cyprus,J01R,Combinations of antibacterials,0.0,0.0
2017,Cyprus,J01X,Other antibacterials,0.765,0.0269235235133291
2018,Cyprus,J01A,Tetracyclines,3.748,0.1360872521405709
2018,Cyprus,J01B,Amphenicols,0.0,0.0
2018,Cyprus,J01C,"Beta-lactam antibacterials, penicillins",8.74,0.317377765690575
2018,Cyprus,J01D,Other beta-lactam antibacterials,5.788,0.2101656651691261
2018,Cyprus,J01E,Sulfonamides and trimethoprim,0.26,0.0094075486776321
2018,Cyprus,J01F,"Macrolides, lincosamides and streptogramins",2.992,0.1086382581006037
2018,Cyprus,J01G,Aminoglycoside antibacterials,0.082,0.0029453901704144
2018,Cyprus,J01M,Quinolone antibacterials,5.211,0.1892109682964284
2018,Cyprus,J01R,Combinations of antibacterials,0.0,0.0
2018,Cyprus,J01X,Other antibacterials,0.721,0.0261671517546491
2019,Cyprus,J01A,Tetracyclines,3.725,0.1256791753397783
2019,Cyprus,J01B,Amphenicols,0.0,0.0
2019,Cyprus,J01C,"Beta-lactam antibacterials, penicillins",9.57,0.3229176129419001
2019,Cyprus,J01D,Other beta-lactam antibacterials,6.294,0.212370180036723
2019,Cyprus,J01E,Sulfonamides and trimethoprim,0.189,0.0063648075105761
2019,Cyprus,J01F,"Macrolides, lincosamides and streptogramins",3.127,0.1054905942997662
2019,Cyprus,J01G,Aminoglycoside antibacterials,0.076,0.0025378173764951
2019,Cyprus,J01M,Quinolone antibacterials,5.726,0.1932089417559692
2019,Cyprus,J01R,Combinations of antibacterials,0.0,0.0
2019,Cyprus,J01X,Other antibacterials,0.932,0.0314308707387918
2020,Cyprus,J01A,Tetracyclines,3.292,0.1156400900634107
2020,Cyprus,J01B,Amphenicols,0.0,0.0
2020,Cyprus,J01C,"Beta-lactam antibacterials, penicillins",8.182,0.2874118699371036
2020,Cyprus,J01D,Other beta-lactam antibacterials,6.09,0.213937275571287
2020,Cyprus,J01E,Sulfonamides and trimethoprim,0.282,0.0098934644026174
2020,Cyprus,J01F,"Macrolides, lincosamides and streptogramins",2.58,0.0906295916352065
2020,Cyprus,J01G,Aminoglycoside antibacterials,0.091,0.0031931943346357
2020,Cyprus,J01M,Quinolone antibacterials,7.224,0.2537559501339239
2020,Cyprus,J01R,Combinations of antibacterials,0.0,0.0
2020,Cyprus,J01X,Other antibacterials,0.727,0.0255385639218151
2021,Cyprus,J01A,Tetracyclines,3.808,0.1552319063781286
2021,Cyprus,J01B,Amphenicols,0.0,0.0
2021,Cyprus,J01C,"Beta-lactam antibacterials, penicillins",7.233,0.2948194571607703
2021,Cyprus,J01D,Other beta-lactam antibacterials,5.052,0.2059339562725072
2021,Cyprus,J01E,Sulfonamides and trimethoprim,0.2,0.0081236736181373
2021,Cyprus,J01F,"Macrolides, lincosamides and streptogramins",2.714,0.1106026166054245
2021,Cyprus,J01G,Aminoglycoside antibacterials,0.085,0.0034551763440737
2021,Cyprus,J01M,Quinolone antibacterials,4.600000000000001,0.1874931821016819
2021,Cyprus,J01R,Combinations of antibacterials,0.0,0.0
2021,Cyprus,J01X,Other antibacterials,0.843,0.0343400315192764
2022,Cyprus,J01A,Tetracyclines,1.534,0.0469637330130415
2022,Cyprus,J01B,Amphenicols,0.0,0.0
2022,Cyprus,J01C,"Beta-lactam antibacterials, penicillins",15.19,0.4652998452497785
2022,Cyprus,J01D,Other beta-lactam antibacterials,6.308,0.1932094012260668
2022,Cyprus,J01E,Sulfonamides and trimethoprim,0.186,0.0056925142873457
2022,Cyprus,J01F,"Macrolides, lincosamides and streptogramins",3.685,0.1128780269512172
2022,Cyprus,J01G,Aminoglycoside antibacterials,0.09,0.0027322683926869
2022,Cyprus,J01M,Quinolone antibacterials,4.442,0.1360684118760043
2022,Cyprus,J01R,Combinations of antibacterials,0.0,0.0
2022,Cyprus,J01X,Other antibacterials,1.213,0.037155799003859
2024,Cyprus,J01A,Tetracyclines,1.49,0.0664384508715872
2024,Cyprus,J01B,Amphenicols,0.0,0.0
2024,Cyprus,J01C,"Beta-lactam antibacterials, penicillins",7.086,0.3159177886278278
2024,Cyprus,J01D,Other beta-lactam antibacterials,5.398,0.2406558032297802
2024,Cyprus,J01E,Sulfonamides and trimethoprim,0.196,0.0087186150703132
2024,Cyprus,J01F,"Macrolides, lincosamides and streptogramins",2.548,0.1135950422012093
2024,Cyprus,J01G,Aminoglycoside antibacterials,0.065,0.002865108225556
2024,Cyprus,J01M,Quinolone antibacterials,4.603,0.2052205834582995
2024,Cyprus,J01R,Combinations of antibacterials,0.0,0.0
2024,Cyprus,J01X,Other antibacterials,1.045,0.0465886083154264
2019,Czechia,J01A,Tetracyclines,2.0,0.1181978280428093
2019,Czechia,J01B,Amphenicols,0.002,0.0001083389807908
2019,Czechia,J01C,"Beta-lactam antibacterials, penicillins",6.018,0.3556723819764127
2019,Czechia,J01D,Other beta-lactam antibacterials,2.543,0.1502684714415964
2019,Czechia,J01E,Sulfonamides and trimethoprim,0.896,0.0529552427023678
2019,Czechia,J01F,"Macrolides, lincosamides and streptogramins",3.598,0.2126269820920925
2019,Czechia,J01G,Aminoglycoside antibacterials,0.087,0.0051383293148023
2019,Czechia,J01M,Quinolone antibacterials,0.686,0.0404957279687983
2019,Czechia,J01R,Combinations of antibacterials,0.0,0.0
2019,Czechia,J01X,Other antibacterials,1.092,0.0645366974803296
2020,Czechia,J01A,Tetracyclines,1.819,0.1359206382607323
2020,Czechia,J01B,Amphenicols,0.002,0.0001079779004732
2020,Czechia,J01C,"Beta-lactam antibacterials, penicillins",4.474,0.3342723798956955
2020,Czechia,J01D,Other beta-lactam antibacterials,1.906,0.1424096243654337
2020,Czechia,J01E,Sulfonamides and trimethoprim,0.778,0.0581202071262724
2020,Czechia,J01F,"Macrolides, lincosamides and streptogramins",2.733,0.2041865834208116
2020,Czechia,J01G,Aminoglycoside antibacterials,0.083,0.0061793996398843
2020,Czechia,J01M,Quinolone antibacterials,0.596,0.0445315806589685
2020,Czechia,J01R,Combinations of antibacterials,0.0,0.0
2020,Czechia,J01X,Other antibacterials,0.994,0.0742716087317281
2021,Czechia,J01A,Tetracyclines,1.563,0.1139000802395056
2021,Czechia,J01B,Amphenicols,0.002,0.0001108687209379
2021,Czechia,J01C,"Beta-lactam antibacterials, penicillins",4.673,0.3405516815891154
2021,Czechia,J01D,Other beta-lactam antibacterials,2.009,0.1463909570776959
2021,Czechia,J01E,Sulfonamides and trimethoprim,0.754,0.0549545124808585
2021,Czechia,J01F,"Macrolides, lincosamides and streptogramins",2.838,0.2068488879014453
2021,Czechia,J01G,Aminoglycoside antibacterials,0.077,0.0055526204379817
2021,Czechia,J01M,Quinolone antibacterials,0.598,0.0435171756860302
2021,Czechia,J01R,Combinations of antibacterials,0.0,0.0
2021,Czechia,J01X,Other antibacterials,1.21,0.0881732158664292
2022,Czechia,J01A,Tetracyclines,1.769,0.1035394889987858
2022,Czechia,J01B,Amphenicols,0.002,7.598975039942917e-05
2022,Czechia,J01C,"Beta-lactam antibacterials, penicillins",6.054,0.35438241613568
2022,Czechia,J01D,Other beta-lactam antibacterials,2.513,0.1470956079270775
2022,Czechia,J01E,Sulfonamides and trimethoprim,0.89,0.0520920862295156
2022,Czechia,J01F,"Macrolides, lincosamides and streptogramins",3.961,0.2318865872294716
2022,Czechia,J01G,Aminoglycoside antibacterials,0.074,0.004283351377484
2022,Czechia,J01M,Quinolone antibacterials,0.628,0.0367435616981449
2022,Czechia,J01R,Combinations of antibacterials,0.0,0.0
2022,Czechia,J01X,Other antibacterials,1.194,0.069900910653441
2023,Czechia,J01A,Tetracyclines,1.689,0.0924832173899806
2023,Czechia,J01B,Amphenicols,0.002,6.625543034435192e-05
2023,Czechia,J01C,"Beta-lactam antibacterials, penicillins",6.975,0.381889565448702
2023,Czechia,J01D,Other beta-lactam antibacterials,2.972,0.1627292506335607
2023,Czechia,J01E,Sulfonamides and trimethoprim,0.899,0.0491803655700863
2023,Czechia,J01F,"Macrolides, lincosamides and streptogramins",3.857,0.2111620249718359
2023,Czechia,J01G,Aminoglycoside antibacterials,0.073,0.0039553944350038
2023,Czechia,J01M,Quinolone antibacterials,0.514,0.0281213234396271
2023,Czechia,J01R,Combinations of antibacterials,0.0,0.0
2023,Czechia,J01X,Other antibacterials,1.286,0.0704126026808589
2024,Czechia,J01A,Tetracyclines,1.879,0.1019434983926194
2024,Czechia,J01B,Amphenicols,0.001,3.180137879056426e-05
2024,Czechia,J01C,"Beta-lactam antibacterials, penicillins",6.528,0.3542311625943717
2024,Czechia,J01D,Other beta-lactam antibacterials,2.224,0.1206899227725766
2024,Czechia,J01E,Sulfonamides and trimethoprim,0.848,0.0459764906407891
2024,Czechia,J01F,"Macrolides, lincosamides and streptogramins",4.879,0.264758417515635
2024,Czechia,J01G,Aminoglycoside antibacterials,0.063,0.0033770242310225
2024,Czechia,J01M,Quinolone antibacterials,0.511,0.0276931941901811
2024,Czechia,J01R,Combinations of antibacterials,0.0,0.0
2024,Czechia,J01X,Other antibacterials,1.499,0.0812984882840138
2000,Denmark,J01A,Tetracyclines,1.0,0.0750664525601138
2000,Denmark,J01B,Amphenicols,0.001,6.760943262765113e-06
2000,Denmark,J01C,"Beta-lactam antibacterials, penicillins",8.019,0.6023924574315989
2000,Denmark,J01D,Other beta-lactam antibacterials,0.196,0.014700769665781
2000,Denmark,J01E,Sulfonamides and trimethoprim,0.8250000000000002,0.0619244559243591
2000,Denmark,J01F,"Macrolides, lincosamides and streptogramins",2.145,0.1611219169347506
2000,Denmark,J01G,Aminoglycoside antibacterials,0.065,0.0048097350371311
2000,Denmark,J01M,Quinolone antibacterials,0.213,0.0159688972571003
2000,Denmark,J01R,Combinations of antibacterials,0.0,0.0
2000,Denmark,J01X,Other antibacterials,0.853,0.0640085542459024
2001,Denmark,J01A,Tetracyclines,1.001,0.0724226671466756
2001,Denmark,J01B,Amphenicols,0.001,1.59262977272232e-06
2001,Denmark,J01C,"Beta-lactam antibacterials, penicillins",8.46,0.6124151571733745
2001,Denmark,J01D,Other beta-lactam antibacterials,0.21,0.0151527864035169
2001,Denmark,J01E,Sulfonamides and trimethoprim,0.8320000000000001,0.0601684669295133
2001,Denmark,J01F,"Macrolides, lincosamides and streptogramins",2.203,0.1594257150780993
2001,Denmark,J01G,Aminoglycoside antibacterials,0.055,0.0039594947917748
2001,Denmark,J01M,Quinolone antibacterials,0.24,0.0173233959992126
2001,Denmark,J01R,Combinations of antibacterials,0.0,0.0
2001,Denmark,J01X,Other antibacterials,0.817,0.0591307238480599
2002,Denmark,J01A,Tetracyclines,1.048,0.0731938254292494
2002,Denmark,J01B,Amphenicols,0.0,0.0
2002,Denmark,J01C,"Beta-lactam antibacterials, penicillins",8.757,0.6117767880055611
2002,Denmark,J01D,Other beta-lactam antibacterials,0.227,0.0158329940690288
2002,Denmark,J01E,Sulfonamides and trimethoprim,0.843,0.0588731105854445
2002,Denmark,J01F,"Macrolides, lincosamides and streptogramins",2.258,0.157727264756041
2002,Denmark,J01G,Aminoglycoside antibacterials,0.065,0.0044869523734399
2002,Denmark,J01M,Quinolone antibacterials,0.264,0.0184066285130274
2002,Denmark,J01R,Combinations of antibacterials,0.0,0.0
2002,Denmark,J01X,Other antibacterials,0.855,0.0597024362682076
2003,Denmark,J01A,Tetracyclines,1.083,0.0741814848317853
2003,Denmark,J01B,Amphenicols,0.0,0.0
2003,Denmark,J01C,"Beta-lactam antibacterials, penicillins",8.947000000000001,0.6131155556106875
2003,Denmark,J01D,Other beta-lactam antibacterials,0.229,0.0156570343539002
2003,Denmark,J01E,Sulfonamides and trimethoprim,0.851,0.0583224803819325
2003,Denmark,J01F,"Macrolides, lincosamides and streptogramins",2.232,0.1529482459681882
2003,Denmark,J01G,Aminoglycoside antibacterials,0.06,0.0041022477208802
2003,Denmark,J01M,Quinolone antibacterials,0.342,0.023428599664635
2003,Denmark,J01R,Combinations of antibacterials,0.0,0.0
2003,Denmark,J01X,Other antibacterials,0.85,0.0582443514679909
2004,Denmark,J01A,Tetracyclines,1.182,0.0778005941926538
2004,Denmark,J01B,Amphenicols,0.0,0.0
2004,Denmark,J01C,"Beta-lactam antibacterials, penicillins",9.265,0.6101415781153133
2004,Denmark,J01D,Other beta-lactam antibacterials,0.246,0.0161719736892536
2004,Denmark,J01E,Sulfonamides and trimethoprim,0.862,0.0567112594331738
2004,Denmark,J01F,"Macrolides, lincosamides and streptogramins",2.33,0.15342041415415
2004,Denmark,J01G,Aminoglycoside antibacterials,0.067,0.0043474555833944
2004,Denmark,J01M,Quinolone antibacterials,0.399,0.026235211202864
2004,Denmark,J01R,Combinations of antibacterials,0.0,0.0
2004,Denmark,J01X,Other antibacterials,0.838,0.0551715136291968
2005,Denmark,J01A,Tetracyclines,1.285,0.0815279826708673
2005,Denmark,J01B,Amphenicols,0.0,0.0
2005,Denmark,J01C,"Beta-lactam antibacterials, penicillins",9.512,0.6035548429280834
2005,Denmark,J01D,Other beta-lactam antibacterials,0.275,0.017387258599841
2005,Denmark,J01E,Sulfonamides and trimethoprim,0.884,0.0560650949152783
2005,Denmark,J01F,"Macrolides, lincosamides and streptogramins",2.428,0.1540474662692107
2005,Denmark,J01G,Aminoglycoside antibacterials,0.065,0.0040926724816256
2005,Denmark,J01M,Quinolone antibacterials,0.464,0.0294209695907632
2005,Denmark,J01R,Combinations of antibacterials,0.0,0.0
2005,Denmark,J01X,Other antibacterials,0.85,0.0539037125443305
2006,Denmark,J01A,Tetracyclines,1.388,0.0849455061642856
2006,Denmark,J01B,Amphenicols,0.0,0.0
2006,Denmark,J01C,"Beta-lactam antibacterials, penicillins",9.867,0.6041224674580552
2006,Denmark,J01D,Other beta-lactam antibacterials,0.304,0.0185799849696668
2006,Denmark,J01E,Sulfonamides and trimethoprim,0.908,0.0555857819465297
2006,Denmark,J01F,"Macrolides, lincosamides and streptogramins",2.412,0.1476342042575004
2006,Denmark,J01G,Aminoglycoside antibacterials,0.057,0.0034688916555935
2006,Denmark,J01M,Quinolone antibacterials,0.528,0.0322889492763606
2006,Denmark,J01R,Combinations of antibacterials,0.0,0.0
2006,Denmark,J01X,Other antibacterials,0.872,0.0533742142720078
2007,Denmark,J01A,Tetracyclines,1.485,0.08760450753763
2007,Denmark,J01B,Amphenicols,0.0,0.0
2007,Denmark,J01C,"Beta-lactam antibacterials, penicillins",10.44,0.6159886228816521
2007,Denmark,J01D,Other beta-lactam antibacterials,0.353,0.0208253615047846
2007,Denmark,J01E,Sulfonamides and trimethoprim,0.833,0.0491437747220109
2007,Denmark,J01F,"Macrolides, lincosamides and streptogramins",2.545,0.1501451435802413
2007,Denmark,J01G,Aminoglycoside antibacterials,0.046,0.002666615371607
2007,Denmark,J01M,Quinolone antibacterials,0.627,0.0369559269425392
2007,Denmark,J01R,Combinations of antibacterials,0.0,0.0
2007,Denmark,J01X,Other antibacterials,0.622,0.0366700474595344
2009,Denmark,J01A,Tetracyclines,1.646,0.0988201165581751
2009,Denmark,J01B,Amphenicols,0.0,0.0
2009,Denmark,J01C,"Beta-lactam antibacterials, penicillins",10.089,0.6057090642335621
2009,Denmark,J01D,Other beta-lactam antibacterials,0.38,0.0227810555319862
2009,Denmark,J01E,Sulfonamides and trimethoprim,0.772,0.0463363356475813
2009,Denmark,J01F,"Macrolides, lincosamides and streptogramins",2.347,0.1408741106624204
2009,Denmark,J01G,Aminoglycoside antibacterials,0.036,0.0021106100649556
2009,Denmark,J01M,Quinolone antibacterials,0.729,0.0437490025741841
2009,Denmark,J01R,Combinations of antibacterials,0.0,0.0
2009,Denmark,J01X,Other antibacterials,0.66,0.0396197047271349
2010,Denmark,J01A,Tetracyclines,1.722,0.0985937822081527
2010,Denmark,J01B,Amphenicols,0.0,0.0
2010,Denmark,J01C,"Beta-lactam antibacterials, penicillins",10.432,0.5974440755498772
2010,Denmark,J01D,Other beta-lactam antibacterials,0.374,0.0214197048730185
2010,Denmark,J01E,Sulfonamides and trimethoprim,0.785,0.0449318890373134
2010,Denmark,J01F,"Macrolides, lincosamides and streptogramins",2.471,0.141494876965322
2010,Denmark,J01G,Aminoglycoside antibacterials,0.021,0.0011880521689097
2010,Denmark,J01M,Quinolone antibacterials,0.713,0.0408282034638567
2010,Denmark,J01R,Combinations of antibacterials,0.0,0.0
2010,Denmark,J01X,Other antibacterials,0.945,0.0540994157335496
2011,Denmark,J01A,Tetracyclines,1.761,0.0965283615668534
2011,Denmark,J01B,Amphenicols,0.0,0.0
2011,Denmark,J01C,"Beta-lactam antibacterials, penicillins",10.881,0.5965543510706032
2011,Denmark,J01D,Other beta-lactam antibacterials,0.372,0.0203512618507202
2011,Denmark,J01E,Sulfonamides and trimethoprim,0.754,0.0413240785843638
2011,Denmark,J01F,"Macrolides, lincosamides and streptogramins",2.745,0.1504852031995382
2011,Denmark,J01G,Aminoglycoside antibacterials,0.038,0.0020834370537509
2011,Denmark,J01M,Quinolone antibacterials,0.759,0.041578709924898
2011,Denmark,J01R,Combinations of antibacterials,0.0,0.0
2011,Denmark,J01X,Other antibacterials,0.932,0.0510945967492723
2012,Denmark,J01A,Tetracyclines,1.8,0.1042096766786089
2012,Denmark,J01B,Amphenicols,0.0,0.0
2012,Denmark,J01C,"Beta-lactam antibacterials, penicillins",10.332,0.5983375739344604
2012,Denmark,J01D,Other beta-lactam antibacterials,0.323,0.0186965596951794
2012,Denmark,J01E,Sulfonamides and trimethoprim,0.762,0.0441237766344026
2012,Denmark,J01F,"Macrolides, lincosamides and streptogramins",2.344,0.1357483283104995
2012,Denmark,J01G,Aminoglycoside antibacterials,0.045,0.0026033177054735
2012,Denmark,J01M,Quinolone antibacterials,0.741,0.0428823778887279
2012,Denmark,J01R,Combinations of antibacterials,0.0,0.0
2012,Denmark,J01X,Other antibacterials,0.923,0.0533983891526479
2013,Denmark,J01A,Tetracyclines,1.993,0.1141913980368929
2013,Denmark,J01B,Amphenicols,0.0,0.0
2013,Denmark,J01C,"Beta-lactam antibacterials, penicillins",10.729,0.6147397425144633
2013,Denmark,J01D,Other beta-lactam antibacterials,0.386,0.0221023021299855
2013,Denmark,J01E,Sulfonamides and trimethoprim,0.766,0.0438590203167946
2013,Denmark,J01F,"Macrolides, lincosamides and streptogramins",1.925,0.1102521651140602
2013,Denmark,J01G,Aminoglycoside antibacterials,0.054,0.0030600022771523
2013,Denmark,J01M,Quinolone antibacterials,0.7020000000000002,0.0401925987276482
2013,Denmark,J01R,Combinations of antibacterials,0.0,0.0
2013,Denmark,J01X,Other antibacterials,0.901,0.0516027708830027
2014,Denmark,J01A,Tetracyclines,1.694,0.0993150964038178
2014,Denmark,J01B,Amphenicols,0.0,0.0
2014,Denmark,J01C,"Beta-lactam antibacterials, penicillins",10.704,0.6276010760936438
2014,Denmark,J01D,Other beta-lactam antibacterials,0.421,0.0246265213589625
2014,Denmark,J01E,Sulfonamides and trimethoprim,0.775,0.0454195925007415
2014,Denmark,J01F,"Macrolides, lincosamides and streptogramins",1.938,0.1135850109112115
2014,Denmark,J01G,Aminoglycoside antibacterials,0.041,0.0023484067473555
2014,Denmark,J01M,Quinolone antibacterials,0.678,0.0396976487143978
2014,Denmark,J01R,Combinations of antibacterials,0.0,0.0
2014,Denmark,J01X,Other antibacterials,0.809,0.0474066472698694
2015,Denmark,J01A,Tetracyclines,1.644,0.0961350793474616
2015,Denmark,J01B,Amphenicols,0.0,0.0
2015,Denmark,J01C,"Beta-lactam antibacterials, penicillins",10.873,0.636168348814169
2015,Denmark,J01D,Other beta-lactam antibacterials,0.324,0.0189413391466453
2015,Denmark,J01E,Sulfonamides and trimethoprim,0.745,0.0435787185176218
2015,Denmark,J01F,"Macrolides, lincosamides and streptogramins",1.941,0.1135570531684835
2015,Denmark,J01G,Aminoglycoside antibacterials,0.041,0.002368508462206
2015,Denmark,J01M,Quinolone antibacterials,0.662,0.0387228110224431
2015,Denmark,J01R,Combinations of antibacterials,0.0,0.0
2015,Denmark,J01X,Other antibacterials,0.864,0.0505281415209696
2016,Denmark,J01A,Tetracyclines,1.651,0.0970677876443047
2016,Denmark,J01B,Amphenicols,0.0,0.0
2016,Denmark,J01C,"Beta-lactam antibacterials, penicillins",10.788,0.6342404176478954
2016,Denmark,J01D,Other beta-lactam antibacterials,0.294,0.0172766821470188
2016,Denmark,J01E,Sulfonamides and trimethoprim,0.8320000000000001,0.0489134208579709
2016,Denmark,J01F,"Macrolides, lincosamides and streptogramins",1.907,0.1120863574229814
2016,Denmark,J01G,Aminoglycoside antibacterials,0.053,0.0030900144643603
2016,Denmark,J01M,Quinolone antibacterials,0.626,0.0367993647228944
2016,Denmark,J01R,Combinations of antibacterials,0.0,0.0
2016,Denmark,J01X,Other antibacterials,0.86,0.0505259550925737
2017,Denmark,J01A,Tetracyclines,1.466,0.0902262615443788
2017,Denmark,J01B,Amphenicols,0.0,0.0
2017,Denmark,J01C,"Beta-lactam antibacterials, penicillins",10.518,0.6475530174373141
2017,Denmark,J01D,Other beta-lactam antibacterials,0.33,0.0202709937131886
2017,Denmark,J01E,Sulfonamides and trimethoprim,0.8240000000000002,0.0507246773890963
2017,Denmark,J01F,"Macrolides, lincosamides and streptogramins",1.749,0.1076700403324045
2017,Denmark,J01G,Aminoglycoside antibacterials,0.06,0.0036369784369064
2017,Denmark,J01M,Quinolone antibacterials,0.584,0.0359194642409553
2017,Denmark,J01R,Combinations of antibacterials,0.0,0.0
2017,Denmark,J01X,Other antibacterials,0.715,0.0439985669057558
2018,Denmark,J01A,Tetracyclines,1.443,0.0927627341139381
2018,Denmark,J01B,Amphenicols,0.0,0.0
2018,Denmark,J01C,"Beta-lactam antibacterials, penicillins",10.228,0.6574665101514195
2018,Denmark,J01D,Other beta-lactam antibacterials,0.285,0.0182608550309666
2018,Denmark,J01E,Sulfonamides and trimethoprim,0.79,0.0507231544422344
2018,Denmark,J01F,"Macrolides, lincosamides and streptogramins",1.607,0.1032846987488637
2018,Denmark,J01G,Aminoglycoside antibacterials,0.054,0.0034611641185795
2018,Denmark,J01M,Quinolone antibacterials,0.547,0.0351200800233487
2018,Denmark,J01R,Combinations of antibacterials,0.0,0.0
2018,Denmark,J01X,Other antibacterials,0.606,0.0389208033706492
2019,Denmark,J01A,Tetracyclines,1.538,0.1004975284353781
2019,Denmark,J01B,Amphenicols,0.0,0.0
2019,Denmark,J01C,"Beta-lactam antibacterials, penicillins",9.926,0.6486598704358209
2019,Denmark,J01D,Other beta-lactam antibacterials,0.263,0.0171873637737655
2019,Denmark,J01E,Sulfonamides and trimethoprim,0.712,0.0464953086870951
2019,Denmark,J01F,"Macrolides, lincosamides and streptogramins",1.577,0.1030551667967903
2019,Denmark,J01G,Aminoglycoside antibacterials,0.061,0.0039752735046991
2019,Denmark,J01M,Quinolone antibacterials,0.493,0.0321780499023778
2019,Denmark,J01R,Combinations of antibacterials,0.0,0.0
2019,Denmark,J01X,Other antibacterials,0.734,0.0479514384640732
2020,Denmark,J01A,Tetracyclines,1.739,0.1219220400559997
2020,Denmark,J01B,Amphenicols,0.0,0.0
2020,Denmark,J01C,"Beta-lactam antibacterials, penicillins",9.054,0.6348468194422677
2020,Denmark,J01D,Other beta-lactam antibacterials,0.241,0.0168337156755396
2020,Denmark,J01E,Sulfonamides and trimethoprim,0.673,0.0471843590657877
2020,Denmark,J01F,"Macrolides, lincosamides and streptogramins",1.314,0.092110637668263
2020,Denmark,J01G,Aminoglycoside antibacterials,0.046,0.0032123757563135
2020,Denmark,J01M,Quinolone antibacterials,0.438,0.0306902460138063
2020,Denmark,J01R,Combinations of antibacterials,0.0,0.0
2020,Denmark,J01X,Other antibacterials,0.759,0.0531998063220222
2021,Denmark,J01A,Tetracyclines,1.693,0.1174868873345125
2021,Denmark,J01B,Amphenicols,0.0,0.0
2021,Denmark,J01C,"Beta-lactam antibacterials, penicillins",9.291,0.644715658785963
2021,Denmark,J01D,Other beta-lactam antibacterials,0.231,0.0160190307748348
2021,Denmark,J01E,Sulfonamides and trimethoprim,0.656,0.0455082237427639
2021,Denmark,J01F,"Macrolides, lincosamides and streptogramins",1.267,0.0878598032758398
2021,Denmark,J01G,Aminoglycoside antibacterials,0.051,0.0034948833522566
2021,Denmark,J01M,Quinolone antibacterials,0.417,0.0289166014280575
2021,Denmark,J01R,Combinations of antibacterials,0.0,0.0
2021,Denmark,J01X,Other antibacterials,0.807,0.0559989113057717
2022,Denmark,J01A,Tetracyclines,1.751,0.115522296805525
2022,Denmark,J01B,Amphenicols,0.0,0.0
2022,Denmark,J01C,"Beta-lactam antibacterials, penicillins",9.911,0.6540573161257008
2022,Denmark,J01D,Other beta-lactam antibacterials,0.232,0.0152856685398582
2022,Denmark,J01E,Sulfonamides and trimethoprim,0.63,0.0415700569877209
2022,Denmark,J01F,"Macrolides, lincosamides and streptogramins",1.32,0.0870739747450441
2022,Denmark,J01G,Aminoglycoside antibacterials,0.048,0.0031666371436815
2022,Denmark,J01M,Quinolone antibacterials,0.442,0.0291164170940459
2022,Denmark,J01R,Combinations of antibacterials,0.0,0.0
2022,Denmark,J01X,Other antibacterials,0.822,0.0542076325584231
2023,Denmark,J01A,Tetracyclines,1.797,0.1110985876411116
2023,Denmark,J01B,Amphenicols,0.0,0.0
2023,Denmark,J01C,"Beta-lactam antibacterials, penicillins",10.844,0.6704455945427732
2023,Denmark,J01D,Other beta-lactam antibacterials,0.213,0.0131329913374958
2023,Denmark,J01E,Sulfonamides and trimethoprim,0.648,0.0400098280730225
2023,Denmark,J01F,"Macrolides, lincosamides and streptogramins",1.479,0.0914012027642259
2023,Denmark,J01G,Aminoglycoside antibacterials,0.05,0.0030863586890527
2023,Denmark,J01M,Quinolone antibacterials,0.425,0.026273216473077
2023,Denmark,J01R,Combinations of antibacterials,0.0,0.0
2023,Denmark,J01X,Other antibacterials,0.721,0.0445522204792409
2024,Denmark,J01A,Tetracyclines,1.887,0.1176115490112743
2024,Denmark,J01B,Amphenicols,0.0,0.0
2024,Denmark,J01C,"Beta-lactam antibacterials, penicillins",10.256,0.6392783501170243
2024,Denmark,J01D,Other beta-lactam antibacterials,0.207,0.0128553477436238
2024,Denmark,J01E,Sulfonamides and trimethoprim,0.588,0.0366500681151096
2024,Denmark,J01F,"Macrolides, lincosamides and streptogramins",1.784,0.1112005501571441
2024,Denmark,J01G,Aminoglycoside antibacterials,0.055,0.0034092463253559
2024,Denmark,J01M,Quinolone antibacterials,0.401,0.0249924541648957
2024,Denmark,J01R,Combinations of antibacterials,0.0,0.0
2024,Denmark,J01X,Other antibacterials,0.867,0.0540024343655719
2001,Estonia,J01A,Tetracyclines,2.892,0.201254410499102
2001,Estonia,J01B,Amphenicols,0.0,0.0
2001,Estonia,J01C,"Beta-lactam antibacterials, penicillins",5.49,0.3820944263541046
2001,Estonia,J01D,Other beta-lactam antibacterials,0.682,0.0474164802242251
2001,Estonia,J01E,Sulfonamides and trimethoprim,1.393,0.0969280062473443
2001,Estonia,J01F,"Macrolides, lincosamides and streptogramins",1.454,0.101162920591702
2001,Estonia,J01G,Aminoglycoside antibacterials,0.306,0.021265400424076
2001,Estonia,J01M,Quinolone antibacterials,0.8230000000000002,0.0572789460808111
2001,Estonia,J01R,Combinations of antibacterials,0.0,0.0
2001,Estonia,J01X,Other antibacterials,1.331,0.0925994095786348
2002,Estonia,J01A,Tetracyclines,2.83,0.2279609786549598
2002,Estonia,J01B,Amphenicols,0.0,0.0
2002,Estonia,J01C,"Beta-lactam antibacterials, penicillins",3.97,0.3197957097533462
2002,Estonia,J01D,Other beta-lactam antibacterials,0.813,0.0654622808892594
2002,Estonia,J01E,Sulfonamides and trimethoprim,1.139,0.0917271683580874
2002,Estonia,J01F,"Macrolides, lincosamides and streptogramins",1.285,0.1035339315325692
2002,Estonia,J01G,Aminoglycoside antibacterials,0.277,0.0223127020477448
2002,Estonia,J01M,Quinolone antibacterials,0.712,0.0573586571206816
2002,Estonia,J01R,Combinations of antibacterials,0.0,0.0
2002,Estonia,J01X,Other antibacterials,1.389,0.1118485716433516
2003,Estonia,J01A,Tetracyclines,2.893,0.240241749570081
2003,Estonia,J01B,Amphenicols,0.0,0.0
2003,Estonia,J01C,"Beta-lactam antibacterials, penicillins",3.808,0.3161760754993202
2003,Estonia,J01D,Other beta-lactam antibacterials,0.842,0.0698588623196933
2003,Estonia,J01E,Sulfonamides and trimethoprim,0.914,0.0758758600975764
2003,Estonia,J01F,"Macrolides, lincosamides and streptogramins",1.204,0.0999880327750815
2003,Estonia,J01G,Aminoglycoside antibacterials,0.252,0.0208950570710395
2003,Estonia,J01M,Quinolone antibacterials,0.793,0.065795237874963
2003,Estonia,J01R,Combinations of antibacterials,0.0,0.0
2003,Estonia,J01X,Other antibacterials,1.339,0.1111691247922449
2004,Estonia,J01A,Tetracyclines,2.564,0.224623067134539
2004,Estonia,J01B,Amphenicols,0.0,0.0
2004,Estonia,J01C,"Beta-lactam antibacterials, penicillins",3.555,0.3114781797849703
2004,Estonia,J01D,Other beta-lactam antibacterials,0.966,0.0846183171319098
2004,Estonia,J01E,Sulfonamides and trimethoprim,0.92,0.0805424292670272
2004,Estonia,J01F,"Macrolides, lincosamides and streptogramins",1.572,0.1377604175795669
2004,Estonia,J01G,Aminoglycoside antibacterials,0.319,0.027935010849637
2004,Estonia,J01M,Quinolone antibacterials,0.93,0.0814446668512916
2004,Estonia,J01R,Combinations of antibacterials,0.0,0.0
2004,Estonia,J01X,Other antibacterials,0.589,0.0515979114010579
2005,Estonia,J01A,Tetracyclines,2.521,0.1965264676073906
2005,Estonia,J01B,Amphenicols,0.0,0.0
2005,Estonia,J01C,"Beta-lactam antibacterials, penicillins",3.786,0.2950944881889763
2005,Estonia,J01D,Other beta-lactam antibacterials,1.06,0.0826319482341934
2005,Estonia,J01E,Sulfonamides and trimethoprim,0.991,0.0771984875652919
2005,Estonia,J01F,"Macrolides, lincosamides and streptogramins",1.879,0.1464647228502378
2005,Estonia,J01G,Aminoglycoside antibacterials,0.205,0.0159469868246667
2005,Estonia,J01M,Quinolone antibacterials,1.011,0.0788114913853589
2005,Estonia,J01R,Combinations of antibacterials,0.0,0.0
2005,Estonia,J01X,Other antibacterials,1.377,0.107325407343884
2006,Estonia,J01A,Tetracyclines,2.397,0.2183090488544432
2006,Estonia,J01B,Amphenicols,0.0,0.0
2006,Estonia,J01C,"Beta-lactam antibacterials, penicillins",3.629,0.3305243951534474
2006,Estonia,J01D,Other beta-lactam antibacterials,1.151,0.1048177185942458
2006,Estonia,J01E,Sulfonamides and trimethoprim,0.029,0.0025776588746251
2006,Estonia,J01F,"Macrolides, lincosamides and streptogramins",2.002,0.1823351563280779
2006,Estonia,J01G,Aminoglycoside antibacterials,0.085,0.0076764018673495
2006,Estonia,J01M,Quinolone antibacterials,1.044,0.0951088162146714
2006,Estonia,J01R,Combinations of antibacterials,0.0,0.0
2006,Estonia,J01X,Other antibacterials,0.644,0.0586508041131396
2007,Estonia,J01A,Tetracyclines,2.4,0.2046319390228081
2007,Estonia,J01B,Amphenicols,0.0,0.0
2007,Estonia,J01C,"Beta-lactam antibacterials, penicillins",3.858,0.329007795129573
2007,Estonia,J01D,Other beta-lactam antibacterials,1.223,0.1043149700111542
2007,Estonia,J01E,Sulfonamides and trimethoprim,0.029,0.0024297460418109
2007,Estonia,J01F,"Macrolides, lincosamides and streptogramins",2.453,0.2091854738273465
2007,Estonia,J01G,Aminoglycoside antibacterials,0.13,0.0110740840537232
2007,Estonia,J01M,Quinolone antibacterials,1.067,0.0909714966718723
2007,Estonia,J01R,Combinations of antibacterials,0.0,0.0
2007,Estonia,J01X,Other antibacterials,0.5680000000000001,0.0483844952417118
2008,Estonia,J01A,Tetracyclines,2.271,0.193009704511595
2008,Estonia,J01B,Amphenicols,0.0,0.0
2008,Estonia,J01C,"Beta-lactam antibacterials, penicillins",3.777,0.3210594694762703
2008,Estonia,J01D,Other beta-lactam antibacterials,1.314,0.1116507277044621
2008,Estonia,J01E,Sulfonamides and trimethoprim,0.023,0.0019324342626741
2008,Estonia,J01F,"Macrolides, lincosamides and streptogramins",2.451,0.2083741255307733
2008,Estonia,J01G,Aminoglycoside antibacterials,0.116,0.0097855362707002
2008,Estonia,J01M,Quinolone antibacterials,1.201,0.1020772329248573
2008,Estonia,J01R,Combinations of antibacterials,0.0,0.0
2008,Estonia,J01X,Other antibacterials,0.613,0.0521107693186675
2009,Estonia,J01A,Tetracyclines,2.173,0.2028184402648084
2009,Estonia,J01B,Amphenicols,0.0,0.0
2009,Estonia,J01C,"Beta-lactam antibacterials, penicillins",3.406,0.3178974708911536
2009,Estonia,J01D,Other beta-lactam antibacterials,1.246,0.1162931417561546
2009,Estonia,J01E,Sulfonamides and trimethoprim,0.023,0.0020588927900111
2009,Estonia,J01F,"Macrolides, lincosamides and streptogramins",2.21,0.2061838465538256
2009,Estonia,J01G,Aminoglycoside antibacterials,0.074,0.0069027369861763
2009,Estonia,J01M,Quinolone antibacterials,1.021,0.095245935439118
2009,Estonia,J01R,Combinations of antibacterials,0.0,0.0
2009,Estonia,J01X,Other antibacterials,0.5640000000000001,0.0525995353187522
2010,Estonia,J01A,Tetracyclines,1.985,0.1848739041858457
2010,Estonia,J01B,Amphenicols,0.0,0.0
2010,Estonia,J01C,"Beta-lactam antibacterials, penicillins",3.35,0.3119884392223745
2010,Estonia,J01D,Other beta-lactam antibacterials,1.356,0.1262090674540751
2010,Estonia,J01E,Sulfonamides and trimethoprim,0.021,0.0019009044803415
2010,Estonia,J01F,"Macrolides, lincosamides and streptogramins",2.356,0.2193556222533048
2010,Estonia,J01G,Aminoglycoside antibacterials,0.131,0.0121290931148885
2010,Estonia,J01M,Quinolone antibacterials,0.996,0.0927095609814069
2010,Estonia,J01R,Combinations of antibacterials,0.0,0.0
2010,Estonia,J01X,Other antibacterials,0.546,0.0508334083077628
2011,Estonia,J01A,Tetracyclines,2.176,0.1867253191410297
2011,Estonia,J01B,Amphenicols,0.0,0.0
2011,Estonia,J01C,"Beta-lactam antibacterials, penicillins",3.591,0.3081384985432286
2011,Estonia,J01D,Other beta-lactam antibacterials,1.501,0.1287548369882709
2011,Estonia,J01E,Sulfonamides and trimethoprim,0.022,0.0018845470148522
2011,Estonia,J01F,"Macrolides, lincosamides and streptogramins",2.678,0.2297856607762164
2011,Estonia,J01G,Aminoglycoside antibacterials,0.064,0.0054100805714865
2011,Estonia,J01M,Quinolone antibacterials,1.044,0.0895932651667243
2011,Estonia,J01R,Combinations of antibacterials,0.0,0.0
2011,Estonia,J01X,Other antibacterials,0.58,0.0497077917981911
2012,Estonia,J01A,Tetracyclines,1.888,0.1640833171833235
2012,Estonia,J01B,Amphenicols,0.0,0.0
2012,Estonia,J01C,"Beta-lactam antibacterials, penicillins",3.548,0.3084297138965987
2012,Estonia,J01D,Other beta-lactam antibacterials,1.53,0.1330046991094498
2012,Estonia,J01E,Sulfonamides and trimethoprim,0.028,0.0024252402351997
2012,Estonia,J01F,"Macrolides, lincosamides and streptogramins",2.682,0.2331253698960861
2012,Estonia,J01G,Aminoglycoside antibacterials,0.07,0.006068317280267
2012,Estonia,J01M,Quinolone antibacterials,1.15,0.0999260881650554
2012,Estonia,J01R,Combinations of antibacterials,0.0,0.0
2012,Estonia,J01X,Other antibacterials,0.609,0.0529372542340196
2013,Estonia,J01A,Tetracyclines,1.691,0.1494671962783584
2013,Estonia,J01B,Amphenicols,0.0,0.0
2013,Estonia,J01C,"Beta-lactam antibacterials, penicillins",3.543,0.3132414948320064
2013,Estonia,J01D,Other beta-lactam antibacterials,1.641,0.1450937616772145
2013,Estonia,J01E,Sulfonamides and trimethoprim,0.03,0.002588727377483
2013,Estonia,J01F,"Macrolides, lincosamides and streptogramins",2.642,0.2335355364882613
2013,Estonia,J01G,Aminoglycoside antibacterials,0.06,0.0052488112120358
2013,Estonia,J01M,Quinolone antibacterials,1.085,0.0958973308794493
2013,Estonia,J01R,Combinations of antibacterials,0.0,0.0
2013,Estonia,J01X,Other antibacterials,0.622,0.054927141255191
2014,Estonia,J01A,Tetracyclines,1.52,0.1351420178596897
2014,Estonia,J01B,Amphenicols,0.0,0.0
2014,Estonia,J01C,"Beta-lactam antibacterials, penicillins",3.625,0.322274942621292
2014,Estonia,J01D,Other beta-lactam antibacterials,1.703,0.1513559265367589
2014,Estonia,J01E,Sulfonamides and trimethoprim,0.031,0.0026742941609762
2014,Estonia,J01F,"Macrolides, lincosamides and streptogramins",2.582,0.2295776080592321
2014,Estonia,J01G,Aminoglycoside antibacterials,0.073,0.0064346313091237
2014,Estonia,J01M,Quinolone antibacterials,1.087,0.0965920266269927
2014,Estonia,J01R,Combinations of antibacterials,0.0,0.0
2014,Estonia,J01X,Other antibacterials,0.63,0.0559485528259347
2015,Estonia,J01A,Tetracyclines,1.497,0.1310064270654428
2015,Estonia,J01B,Amphenicols,0.0,0.0
2015,Estonia,J01C,"Beta-lactam antibacterials, penicillins",3.742,0.3275932120633877
2015,Estonia,J01D,Other beta-lactam antibacterials,1.782,0.1560267814533305
2015,Estonia,J01E,Sulfonamides and trimethoprim,0.03,0.002609512210969
2015,Estonia,J01F,"Macrolides, lincosamides and streptogramins",2.604,0.2279916484400982
2015,Estonia,J01G,Aminoglycoside antibacterials,0.044,0.0038201801693884
2015,Estonia,J01M,Quinolone antibacterials,1.078,0.0943543434048368
2015,Estonia,J01R,Combinations of antibacterials,0.0,0.0
2015,Estonia,J01X,Other antibacterials,0.647,0.0565978951925466
2016,Estonia,J01A,Tetracyclines,1.603,0.1369556686517791
2016,Estonia,J01B,Amphenicols,0.0,0.0
2016,Estonia,J01C,"Beta-lactam antibacterials, penicillins",3.857,0.3295026584694451
2016,Estonia,J01D,Other beta-lactam antibacterials,1.706,0.1457293739535355
2016,Estonia,J01E,Sulfonamides and trimethoprim,0.45,0.0383746439660463
2016,Estonia,J01F,"Macrolides, lincosamides and streptogramins",2.406,0.2055256486702185
2016,Estonia,J01G,Aminoglycoside antibacterials,0.033,0.002794616094217
2016,Estonia,J01M,Quinolone antibacterials,0.99,0.0845209675665104
2016,Estonia,J01R,Combinations of antibacterials,0.0,0.0
2016,Estonia,J01X,Other antibacterials,0.663,0.056596422628248
2017,Estonia,J01A,Tetracyclines,1.32,0.1138623766009214
2017,Estonia,J01B,Amphenicols,0.0,0.0
2017,Estonia,J01C,"Beta-lactam antibacterials, penicillins",3.982,0.3435115096550723
2017,Estonia,J01D,Other beta-lactam antibacterials,1.733,0.1494398074602094
2017,Estonia,J01E,Sulfonamides and trimethoprim,0.463,0.0399010521064776
2017,Estonia,J01F,"Macrolides, lincosamides and streptogramins",2.424,0.2090474410320577
2017,Estonia,J01G,Aminoglycoside antibacterials,0.042,0.0035900188314005
2017,Estonia,J01M,Quinolone antibacterials,0.987,0.0851499044884682
2017,Estonia,J01R,Combinations of antibacterials,0.0,0.0
2017,Estonia,J01X,Other antibacterials,0.644,0.0554978898253926
2018,Estonia,J01A,Tetracyclines,1.278,0.1085106645019007
2018,Estonia,J01B,Amphenicols,0.0,0.0
2018,Estonia,J01C,"Beta-lactam antibacterials, penicillins",4.278,0.363286916571714
2018,Estonia,J01D,Other beta-lactam antibacterials,1.687,0.1432577066702454
2018,Estonia,J01E,Sulfonamides and trimethoprim,0.485,0.0411516464438282
2018,Estonia,J01F,"Macrolides, lincosamides and streptogramins",2.489,0.2114063858331554
2018,Estonia,J01G,Aminoglycoside antibacterials,0.032,0.0026785793914334
2018,Estonia,J01M,Quinolone antibacterials,0.861,0.0731067180649948
2018,Estonia,J01R,Combinations of antibacterials,0.0,0.0
2018,Estonia,J01X,Other antibacterials,0.667,0.0566013825227281
2019,Estonia,J01A,Tetracyclines,1.385,0.11760002663176
2019,Estonia,J01B,Amphenicols,0.0,0.0
2019,Estonia,J01C,"Beta-lactam antibacterials, penicillins",4.288,0.3641079625735452
2019,Estonia,J01D,Other beta-lactam antibacterials,1.694,0.1438090414485639
2019,Estonia,J01E,Sulfonamides and trimethoprim,0.454,0.0384929990571881
2019,Estonia,J01F,"Macrolides, lincosamides and streptogramins",2.49,0.2114261969897619
2019,Estonia,J01G,Aminoglycoside antibacterials,0.025,0.002050373770298
2019,Estonia,J01M,Quinolone antibacterials,0.775,0.0657328905803227
2019,Estonia,J01R,Combinations of antibacterials,0.0,0.0
2019,Estonia,J01X,Other antibacterials,0.669,0.0567805089485601
2020,Estonia,J01A,Tetracyclines,1.39,0.1328888526371885
2020,Estonia,J01B,Amphenicols,0.0,0.0
2020,Estonia,J01C,"Beta-lactam antibacterials, penicillins",3.757,0.3592039470834396
2020,Estonia,J01D,Other beta-lactam antibacterials,1.535,0.1466901044747018
2020,Estonia,J01E,Sulfonamides and trimethoprim,0.339,0.0323674879493642
2020,Estonia,J01F,"Macrolides, lincosamides and streptogramins",1.97,0.1883455394359798
2020,Estonia,J01G,Aminoglycoside antibacterials,0.025,0.0022966705926238
2020,Estonia,J01M,Quinolone antibacterials,0.883,0.0843821331688364
2020,Estonia,J01R,Combinations of antibacterials,0.0,0.0
2020,Estonia,J01X,Other antibacterials,0.5630000000000001,0.0538252646578655
2021,Estonia,J01A,Tetracyclines,1.332,0.1322616058808274
2021,Estonia,J01B,Amphenicols,0.0,0.0
2021,Estonia,J01C,"Beta-lactam antibacterials, penicillins",3.74,0.3714529454245967
2021,Estonia,J01D,Other beta-lactam antibacterials,1.393,0.1382718717629839
2021,Estonia,J01E,Sulfonamides and trimethoprim,0.367,0.036442004440358
2021,Estonia,J01F,"Macrolides, lincosamides and streptogramins",1.861,0.1848239197298956
2021,Estonia,J01G,Aminoglycoside antibacterials,0.022,0.0021666436401599
2021,Estonia,J01M,Quinolone antibacterials,0.704,0.0698426228485652
2021,Estonia,J01R,Combinations of antibacterials,0.0,0.0
2021,Estonia,J01X,Other antibacterials,0.652,0.0647383862726131
2022,Estonia,J01A,Tetracyclines,1.547,0.1248608833360331
2022,Estonia,J01B,Amphenicols,0.0,0.0
2022,Estonia,J01C,"Beta-lactam antibacterials, penicillins",4.881,0.3938768570647052
2022,Estonia,J01D,Other beta-lactam antibacterials,1.672,0.1349004473928958
2022,Estonia,J01E,Sulfonamides and trimethoprim,0.425,0.0342897909172083
2022,Estonia,J01F,"Macrolides, lincosamides and streptogramins",2.435,0.1964676373214345
2022,Estonia,J01G,Aminoglycoside antibacterials,0.024,0.0019333675066573
2022,Estonia,J01M,Quinolone antibacterials,0.719,0.0579997338128898
2022,Estonia,J01R,Combinations of antibacterials,0.0,0.0
2022,Estonia,J01X,Other antibacterials,0.69,0.0556712826481759
2023,Estonia,J01A,Tetracyclines,1.642,0.129154065117869
2023,Estonia,J01B,Amphenicols,0.0,0.0
2023,Estonia,J01C,"Beta-lactam antibacterials, penicillins",5.013,0.3944335791032078
2023,Estonia,J01D,Other beta-lactam antibacterials,1.588,0.1249509171084193
2023,Estonia,J01E,Sulfonamides and trimethoprim,0.536,0.0421502233143695
2023,Estonia,J01F,"Macrolides, lincosamides and streptogramins",2.618,0.2059706199843974
2023,Estonia,J01G,Aminoglycoside antibacterials,0.019,0.0014798442630342
2023,Estonia,J01M,Quinolone antibacterials,0.7020000000000002,0.055216069380664
2023,Estonia,J01R,Combinations of antibacterials,0.0,0.0
2023,Estonia,J01X,Other antibacterials,0.593,0.0466446817280388
2024,Estonia,J01A,Tetracyclines,1.589,0.1233340043260788
2024,Estonia,J01B,Amphenicols,0.0,0.0
2024,Estonia,J01C,"Beta-lactam antibacterials, penicillins",5.155,0.4001168816055942
2024,Estonia,J01D,Other beta-lactam antibacterials,1.425,0.1105864101378335
2024,Estonia,J01E,Sulfonamides and trimethoprim,0.494,0.0382789587258725
2024,Estonia,J01F,"Macrolides, lincosamides and streptogramins",2.865,0.2224051386917163
2024,Estonia,J01G,Aminoglycoside antibacterials,0.019,0.0014121123842721
2024,Estonia,J01M,Quinolone antibacterials,0.636,0.0493607416144085
2024,Estonia,J01R,Combinations of antibacterials,0.0,0.0
2024,Estonia,J01X,Other antibacterials,0.7030000000000002,0.0545057525142237
2000,Finland,J01A,Tetracyclines,4.903,0.2241626770848033
2000,Finland,J01B,Amphenicols,0.0,0.0
2000,Finland,J01C,"Beta-lactam antibacterials, penicillins",5.116000000000001,0.233936127609065
2000,Finland,J01D,Other beta-lactam antibacterials,3.058,0.1397936407090901
2000,Finland,J01E,Sulfonamides and trimethoprim,2.266,0.1035860189943391
2000,Finland,J01F,"Macrolides, lincosamides and streptogramins",2.291,0.1047371896766214
2000,Finland,J01G,Aminoglycoside antibacterials,0.035,0.0015678327381693
2000,Finland,J01M,Quinolone antibacterials,1.206,0.0551123364251621
2000,Finland,J01R,Combinations of antibacterials,0.0,0.0
2000,Finland,J01X,Other antibacterials,2.999,0.1371041767627498
2001,Finland,J01A,Tetracyclines,4.849,0.215699512887621
2001,Finland,J01B,Amphenicols,0.0,0.0
2001,Finland,J01C,"Beta-lactam antibacterials, penicillins",5.423,0.241231507855237
2001,Finland,J01D,Other beta-lactam antibacterials,3.138,0.1395636420804346
2001,Finland,J01E,Sulfonamides and trimethoprim,2.196,0.0976553131967689
2001,Finland,J01F,"Macrolides, lincosamides and streptogramins",2.481,0.1103621226496113
2001,Finland,J01G,Aminoglycoside antibacterials,0.035,0.0015400009439834
2001,Finland,J01M,Quinolone antibacterials,1.45,0.0644767406608249
2001,Finland,J01R,Combinations of antibacterials,0.0,0.0
2001,Finland,J01X,Other antibacterials,2.911,0.1294711597255188
2002,Finland,J01A,Tetracyclines,4.126,0.1991894779892526
2002,Finland,J01B,Amphenicols,0.0,0.0
2002,Finland,J01C,"Beta-lactam antibacterials, penicillins",4.54,0.2191843017733851
2002,Finland,J01D,Other beta-lactam antibacterials,3.134,0.151290553261185
2002,Finland,J01E,Sulfonamides and trimethoprim,2.058,0.0993385839090183
2002,Finland,J01F,"Macrolides, lincosamides and streptogramins",2.367,0.1142914740674965
2002,Finland,J01G,Aminoglycoside antibacterials,0.035,0.001641758542084
2002,Finland,J01M,Quinolone antibacterials,1.534,0.0740618953738053
2002,Finland,J01R,Combinations of antibacterials,0.0,0.0
2002,Finland,J01X,Other antibacterials,2.921,0.1410019550837731
2003,Finland,J01A,Tetracyclines,4.12,0.1951236356159357
2003,Finland,J01B,Amphenicols,0.0,0.0
2003,Finland,J01C,"Beta-lactam antibacterials, penicillins",5.088,0.2409732020165405
2003,Finland,J01D,Other beta-lactam antibacterials,3.128,0.1481467008405978
2003,Finland,J01E,Sulfonamides and trimethoprim,1.993,0.0943618366029668
2003,Finland,J01F,"Macrolides, lincosamides and streptogramins",2.637,0.1249012942829336
2003,Finland,J01G,Aminoglycoside antibacterials,0.029,0.0013458697113428
2003,Finland,J01M,Quinolone antibacterials,1.272,0.0602351771615752
2003,Finland,J01R,Combinations of antibacterials,0.0,0.0
2003,Finland,J01X,Other antibacterials,2.849,0.1349122837681074
2004,Finland,J01A,Tetracyclines,3.748,0.1908484963114768
2004,Finland,J01B,Amphenicols,0.0,0.0
2004,Finland,J01C,"Beta-lactam antibacterials, penicillins",4.63,0.2357704709753572
2004,Finland,J01D,Other beta-lactam antibacterials,2.975,0.1514761884536986
2004,Finland,J01E,Sulfonamides and trimethoprim,1.992,0.1013993766854614
2004,Finland,J01F,"Macrolides, lincosamides and streptogramins",2.129,0.1084211120274406
2004,Finland,J01G,Aminoglycoside antibacterials,0.031,0.0015569622689879
2004,Finland,J01M,Quinolone antibacterials,1.248,0.0635452763690782
2004,Finland,J01R,Combinations of antibacterials,0.0,0.0
2004,Finland,J01X,Other antibacterials,2.887,0.1469821169084992
2005,Finland,J01A,Tetracyclines,4.194,0.2054427393416871
2005,Finland,J01B,Amphenicols,0.0,0.0
2005,Finland,J01C,"Beta-lactam antibacterials, penicillins",5.06,0.2478814566082554
2005,Finland,J01D,Other beta-lactam antibacterials,3.108,0.1522316878303006
2005,Finland,J01E,Sulfonamides and trimethoprim,1.878,0.0919658630648563
2005,Finland,J01F,"Macrolides, lincosamides and streptogramins",2.056,0.100710160650798
2005,Finland,J01G,Aminoglycoside antibacterials,0.03,0.0014439436813465
2005,Finland,J01M,Quinolone antibacterials,1.241,0.060783293030281
2005,Finland,J01R,Combinations of antibacterials,0.0,0.0
2005,Finland,J01X,Other antibacterials,2.849,0.139540855792475
2006,Finland,J01A,Tetracyclines,3.966,0.2011103453207419
2006,Finland,J01B,Amphenicols,0.0,0.0
2006,Finland,J01C,"Beta-lactam antibacterials, penicillins",4.905,0.2487325155097907
2006,Finland,J01D,Other beta-lactam antibacterials,3.165,0.1604648296826433
2006,Finland,J01E,Sulfonamides and trimethoprim,1.79,0.0907434201617897
2006,Finland,J01F,"Macrolides, lincosamides and streptogramins",1.818,0.092165508091767
2006,Finland,J01G,Aminoglycoside antibacterials,0.025,0.0012236417237079
2006,Finland,J01M,Quinolone antibacterials,1.24,0.0628736714678172
2006,Finland,J01R,Combinations of antibacterials,0.0,0.0
2006,Finland,J01X,Other antibacterials,2.814,0.1426860680417422
2007,Finland,J01A,Tetracyclines,4.172,0.2060484324518501
2007,Finland,J01B,Amphenicols,0.0,0.0
2007,Finland,J01C,"Beta-lactam antibacterials, penicillins",5.275,0.2605758304656217
2007,Finland,J01D,Other beta-lactam antibacterials,3.274,0.161704553655834
2007,Finland,J01E,Sulfonamides and trimethoprim,1.754,0.0866194880498143
2007,Finland,J01F,"Macrolides, lincosamides and streptogramins",1.829,0.0903386584518788
2007,Finland,J01G,Aminoglycoside antibacterials,0.022,0.0010510043894104
2007,Finland,J01M,Quinolone antibacterials,1.277,0.0630563608760602
2007,Finland,J01R,Combinations of antibacterials,0.0,0.0
2007,Finland,J01X,Other antibacterials,2.644,0.1306056716595303
2008,Finland,J01A,Tetracyclines,4.243,0.2176894847823412
2008,Finland,J01B,Amphenicols,0.0,0.0
2008,Finland,J01C,"Beta-lactam antibacterials, penicillins",5.287,0.2712462617402215
2008,Finland,J01D,Other beta-lactam antibacterials,3.283,0.1684428734998855
2008,Finland,J01E,Sulfonamides and trimethoprim,1.199,0.0615145071829081
2008,Finland,J01F,"Macrolides, lincosamides and streptogramins",1.601,0.082129186335259
2008,Finland,J01G,Aminoglycoside antibacterials,0.017,0.0008461467176331
2008,Finland,J01M,Quinolone antibacterials,1.173,0.0601445602412847
2008,Finland,J01R,Combinations of antibacterials,0.0,0.0
2008,Finland,J01X,Other antibacterials,2.69,0.1379869795004666
2009,Finland,J01A,Tetracyclines,4.25,0.2168833042765373
2009,Finland,J01B,Amphenicols,0.0,0.0
2009,Finland,J01C,"Beta-lactam antibacterials, penicillins",5.285,0.2697349425066414
2009,Finland,J01D,Other beta-lactam antibacterials,3.284,0.1675726871187651
2009,Finland,J01E,Sulfonamides and trimethoprim,1.199,0.0611887787974013
2009,Finland,J01F,"Macrolides, lincosamides and streptogramins",1.626,0.0829687941903489
2009,Finland,J01G,Aminoglycoside antibacterials,0.017,0.0008416662460036
2009,Finland,J01M,Quinolone antibacterials,1.246,0.0635535087657064
2009,Finland,J01R,Combinations of antibacterials,0.0,0.0
2009,Finland,J01X,Other antibacterials,2.69,0.1372563180985958
2010,Finland,J01A,Tetracyclines,4.305,0.2182339424484626
2010,Finland,J01B,Amphenicols,0.0,0.0
2010,Finland,J01C,"Beta-lactam antibacterials, penicillins",5.551,0.2813591567285245
2010,Finland,J01D,Other beta-lactam antibacterials,3.222,0.1633226852544445
2010,Finland,J01E,Sulfonamides and trimethoprim,1.149,0.0582073743822663
2010,Finland,J01F,"Macrolides, lincosamides and streptogramins",1.615,0.0818574549842676
2010,Finland,J01G,Aminoglycoside antibacterials,0.017,0.0008322038136895
2010,Finland,J01M,Quinolone antibacterials,1.216,0.0616322053548077
2010,Finland,J01R,Combinations of antibacterials,0.0,0.0
2010,Finland,J01X,Other antibacterials,2.655,0.1345549770335371
2011,Finland,J01A,Tetracyclines,4.978,0.2372747734755839
2011,Finland,J01B,Amphenicols,0.0,0.0
2011,Finland,J01C,"Beta-lactam antibacterials, penicillins",5.533,0.263746425374968
2011,Finland,J01D,Other beta-lactam antibacterials,3.335,0.1589845142566911
2011,Finland,J01E,Sulfonamides and trimethoprim,1.191,0.0567628954660601
2011,Finland,J01F,"Macrolides, lincosamides and streptogramins",1.979,0.0942992590790207
2011,Finland,J01G,Aminoglycoside antibacterials,0.017,0.0007683423684395
2011,Finland,J01M,Quinolone antibacterials,1.286,0.0613012497994167
2011,Finland,J01R,Combinations of antibacterials,0.0,0.0
2011,Finland,J01X,Other antibacterials,2.662,0.1268625401798198
2012,Finland,J01A,Tetracyclines,4.917,0.2438140056037967
2012,Finland,J01B,Amphenicols,0.0,0.0
2012,Finland,J01C,"Beta-lactam antibacterials, penicillins",5.417,0.2686348011953457
2012,Finland,J01D,Other beta-lactam antibacterials,3.211,0.1592294454677203
2012,Finland,J01E,Sulfonamides and trimethoprim,1.077,0.0533929283693659
2012,Finland,J01F,"Macrolides, lincosamides and streptogramins",1.707,0.0846077195996953
2012,Finland,J01G,Aminoglycoside antibacterials,0.016,0.0007554349235685
2012,Finland,J01M,Quinolone antibacterials,1.189,0.058950654125908
2012,Finland,J01R,Combinations of antibacterials,0.0,0.0
2012,Finland,J01X,Other antibacterials,2.634,0.1306150107145994
2013,Finland,J01A,Tetracyclines,4.537,0.2375095628412439
2013,Finland,J01B,Amphenicols,0.0,0.0
2013,Finland,J01C,"Beta-lactam antibacterials, penicillins",5.366000000000001,0.2809425584498239
2013,Finland,J01D,Other beta-lactam antibacterials,3.19,0.1669838573585343
2013,Finland,J01E,Sulfonamides and trimethoprim,1.014,0.0530737427259055
2013,Finland,J01F,"Macrolides, lincosamides and streptogramins",1.42,0.0743326744143918
2013,Finland,J01G,Aminoglycoside antibacterials,0.009,0.0004405765621017
2013,Finland,J01M,Quinolone antibacterials,1.132,0.0592152176977013
2013,Finland,J01R,Combinations of antibacterials,0.0,0.0
2013,Finland,J01X,Other antibacterials,2.436,0.1275018099502973
2014,Finland,J01A,Tetracyclines,4.333,0.2323086764376278
2014,Finland,J01B,Amphenicols,0.0,0.0
2014,Finland,J01C,"Beta-lactam antibacterials, penicillins",5.494,0.2945602692143945
2014,Finland,J01D,Other beta-lactam antibacterials,3.144,0.1685485972518769
2014,Finland,J01E,Sulfonamides and trimethoprim,0.964,0.0516593725837568
2014,Finland,J01F,"Macrolides, lincosamides and streptogramins",1.301,0.0697241045758082
2014,Finland,J01G,Aminoglycoside antibacterials,0.006,0.0002948017728857
2014,Finland,J01M,Quinolone antibacterials,1.109,0.059446525489254
2014,Finland,J01R,Combinations of antibacterials,0.0,0.0
2014,Finland,J01X,Other antibacterials,2.303,0.1234576526743958
2015,Finland,J01A,Tetracyclines,4.125,0.2333690838391608
2015,Finland,J01B,Amphenicols,0.0,0.0
2015,Finland,J01C,"Beta-lactam antibacterials, penicillins",5.387,0.3047789275549834
2015,Finland,J01D,Other beta-lactam antibacterials,2.991,0.1692027912552558
2015,Finland,J01E,Sulfonamides and trimethoprim,0.91,0.0514788612781171
2015,Finland,J01F,"Macrolides, lincosamides and streptogramins",1.175,0.0664486406339766
2015,Finland,J01G,Aminoglycoside antibacterials,0.016,0.0008775432771415
2015,Finland,J01M,Quinolone antibacterials,0.988,0.055864031600158
2015,Finland,J01R,Combinations of antibacterials,0.0,0.0
2015,Finland,J01X,Other antibacterials,2.086,0.1179801205612068
2016,Finland,J01A,Tetracyclines,3.91,0.2245438483766637
2016,Finland,J01B,Amphenicols,0.0,0.0
2016,Finland,J01C,"Beta-lactam antibacterials, penicillins",5.302,0.3044532830948407
2016,Finland,J01D,Other beta-lactam antibacterials,3.015,0.1731046795814388
2016,Finland,J01E,Sulfonamides and trimethoprim,1.196,0.0686831324689537
2016,Finland,J01F,"Macrolides, lincosamides and streptogramins",1.048,0.0601732258575089
2016,Finland,J01G,Aminoglycoside antibacterials,0.017,0.0009218711342231
2016,Finland,J01M,Quinolone antibacterials,0.994,0.0570723343784881
2016,Finland,J01R,Combinations of antibacterials,0.0,0.0
2016,Finland,J01X,Other antibacterials,1.934,0.1110476251078828
2017,Finland,J01A,Tetracyclines,3.452,0.2198037017947117
2017,Finland,J01B,Amphenicols,0.0,0.0
2017,Finland,J01C,"Beta-lactam antibacterials, penicillins",4.942,0.3147075133303981
2017,Finland,J01D,Other beta-lactam antibacterials,2.779,0.1769261942108913
2017,Finland,J01E,Sulfonamides and trimethoprim,1.105,0.0703291828007213
2017,Finland,J01F,"Macrolides, lincosamides and streptogramins",0.873,0.055584048906351
2017,Finland,J01G,Aminoglycoside antibacterials,0.015,0.0008918245425808
2017,Finland,J01M,Quinolone antibacterials,0.888,0.0565143410647084
2017,Finland,J01R,Combinations of antibacterials,0.0,0.0
2017,Finland,J01X,Other antibacterials,1.653,0.1052431933496371
2018,Finland,J01A,Tetracyclines,3.21,0.2078119501450848
2018,Finland,J01B,Amphenicols,0.0,0.0
2018,Finland,J01C,"Beta-lactam antibacterials, penicillins",4.954,0.3207071941540032
2018,Finland,J01D,Other beta-lactam antibacterials,2.903,0.1879448331322358
2018,Finland,J01E,Sulfonamides and trimethoprim,1.064,0.068829929783679
2018,Finland,J01F,"Macrolides, lincosamides and streptogramins",0.837,0.0541461104224407
2018,Finland,J01G,Aminoglycoside antibacterials,0.017,0.0010368149263018
2018,Finland,J01M,Quinolone antibacterials,0.821,0.0531471732661936
2018,Finland,J01R,Combinations of antibacterials,0.0,0.0
2018,Finland,J01X,Other antibacterials,1.643,0.1063759941700608
2019,Finland,J01A,Tetracyclines,3.161,0.215670319125244
2019,Finland,J01B,Amphenicols,0.0,0.0
2019,Finland,J01C,"Beta-lactam antibacterials, penicillins",4.927,0.3361264661508028
2019,Finland,J01D,Other beta-lactam antibacterials,2.632,0.1795626028925638
2019,Finland,J01E,Sulfonamides and trimethoprim,1.159,0.0790543081689599
2019,Finland,J01F,"Macrolides, lincosamides and streptogramins",0.755,0.0515104873996183
2019,Finland,J01G,Aminoglycoside antibacterials,0.017,0.0011292936493727
2019,Finland,J01M,Quinolone antibacterials,0.62,0.0422631888070357
2019,Finland,J01R,Combinations of antibacterials,0.0,0.0
2019,Finland,J01X,Other antibacterials,1.388,0.0946833338064025
2020,Finland,J01A,Tetracyclines,2.492,0.2095637977863582
2020,Finland,J01B,Amphenicols,0.0,0.0
2020,Finland,J01C,"Beta-lactam antibacterials, penicillins",3.617,0.3041345489457583
2020,Finland,J01D,Other beta-lactam antibacterials,2.28,0.191672149974871
2020,Finland,J01E,Sulfonamides and trimethoprim,1.032,0.0867675494456476
2020,Finland,J01F,"Macrolides, lincosamides and streptogramins",0.555,0.0466625323195604
2020,Finland,J01G,Aminoglycoside antibacterials,0.016,0.0012658704768594
2020,Finland,J01M,Quinolone antibacterials,0.549,0.0461076417132411
2020,Finland,J01R,Combinations of antibacterials,0.0,0.0
2020,Finland,J01X,Other antibacterials,1.354,0.1138259093377038
2021,Finland,J01A,Tetracyclines,2.312,0.2048562631766471
2021,Finland,J01B,Amphenicols,0.0,0.0
2021,Finland,J01C,"Beta-lactam antibacterials, penicillins",3.497,0.3097952070033372
2021,Finland,J01D,Other beta-lactam antibacterials,2.195,0.1944365164394138
2021,Finland,J01E,Sulfonamides and trimethoprim,1.021,0.0904491399697189
2021,Finland,J01F,"Macrolides, lincosamides and streptogramins",0.495,0.0437790984982532
2021,Finland,J01G,Aminoglycoside antibacterials,0.013,0.0010882903695517
2021,Finland,J01M,Quinolone antibacterials,0.488,0.0431795729616641
2021,Finland,J01R,Combinations of antibacterials,0.0,0.0
2021,Finland,J01X,Other antibacterials,1.269,0.1124159115814139
2022,Finland,J01A,Tetracyclines,2.579,0.2066938882715847
2022,Finland,J01B,Amphenicols,0.0,0.0
2022,Finland,J01C,"Beta-lactam antibacterials, penicillins",4.344,0.3482117050763143
2022,Finland,J01D,Other beta-lactam antibacterials,2.222,0.1781445559743282
2022,Finland,J01E,Sulfonamides and trimethoprim,0.984,0.078849704526473
2022,Finland,J01F,"Macrolides, lincosamides and streptogramins",0.58,0.0464275111120767
2022,Finland,J01G,Aminoglycoside antibacterials,0.011,0.0008642080526167
2022,Finland,J01M,Quinolone antibacterials,0.524,0.0419686497484785
2022,Finland,J01R,Combinations of antibacterials,0.0,0.0
2022,Finland,J01X,Other antibacterials,1.233,0.0988397772381276
2023,Finland,J01A,Tetracyclines,2.66,0.2056675408317905
2023,Finland,J01B,Amphenicols,0.0,0.0
2023,Finland,J01C,"Beta-lactam antibacterials, penicillins",4.765,0.3684623009137518
2023,Finland,J01D,Other beta-lactam antibacterials,2.129,0.1645670361750325
2023,Finland,J01E,Sulfonamides and trimethoprim,1.025,0.0792087323512804
2023,Finland,J01F,"Macrolides, lincosamides and streptogramins",0.635,0.0490406789134329
2023,Finland,J01G,Aminoglycoside antibacterials,0.011,0.0007930740263771
2023,Finland,J01M,Quinolone antibacterials,0.527,0.0407460339725817
2023,Finland,J01R,Combinations of antibacterials,0.0,0.0
2023,Finland,J01X,Other antibacterials,1.184,0.091514602815753
2024,Finland,J01A,Tetracyclines,3.318,0.2438592866999304
2024,Finland,J01B,Amphenicols,0.0,0.0
2024,Finland,J01C,"Beta-lactam antibacterials, penicillins",4.841,0.3558282686670966
2024,Finland,J01D,Other beta-lactam antibacterials,1.992,0.146400748102726
2024,Finland,J01E,Sulfonamides and trimethoprim,0.9480000000000002,0.0696452319846262
2024,Finland,J01F,"Macrolides, lincosamides and streptogramins",0.776,0.0570337903356831
2024,Finland,J01G,Aminoglycoside antibacterials,0.009,0.0005912187619693
2024,Finland,J01M,Quinolone antibacterials,0.487,0.0358000530788294
2024,Finland,J01R,Combinations of antibacterials,0.0,0.0
2024,Finland,J01X,Other antibacterials,1.236,0.090841402369139
2000,France,J01A,Tetracyclines,3.291,0.1044458271051965
2000,France,J01B,Amphenicols,0.016,0.000487384211729
2000,France,J01C,"Beta-lactam antibacterials, penicillins",13.068,0.4148070078828063
2000,France,J01D,Other beta-lactam antibacterials,4.944,0.156917210106623
2000,France,J01E,Sulfonamides and trimethoprim,0.652,0.0206834825541434
2000,France,J01F,"Macrolides, lincosamides and streptogramins",6.161,0.1955577884387475
2000,France,J01G,Aminoglycoside antibacterials,0.425,0.0134742339482942
2000,France,J01M,Quinolone antibacterials,2.234,0.0708861831527905
2000,France,J01R,Combinations of antibacterials,0.049,0.0015339238806423
2000,France,J01X,Other antibacterials,0.669,0.021206958719027
2001,France,J01A,Tetracyclines,3.119,0.100591305626822
2001,France,J01B,Amphenicols,0.5660000000000001,0.0182364177432974
2001,France,J01C,"Beta-lactam antibacterials, penicillins",12.541,0.4044905617532477
2001,France,J01D,Other beta-lactam antibacterials,4.463,0.1439499228773863
2001,France,J01E,Sulfonamides and trimethoprim,0.616,0.0198506059818247
2001,France,J01F,"Macrolides, lincosamides and streptogramins",6.244,0.2013927550545793
2001,France,J01G,Aminoglycoside antibacterials,0.407,0.0130981679589247
2001,France,J01M,Quinolone antibacterials,2.467,0.0795519921245264
2001,France,J01R,Combinations of antibacterials,0.02,0.0006302056151455
2001,France,J01X,Other antibacterials,0.5650000000000001,0.0182080652642457
2002,France,J01A,Tetracyclines,3.635,0.1194842685263836
2002,France,J01B,Amphenicols,0.002,4.011222875543755e-05
2002,France,J01C,"Beta-lactam antibacterials, penicillins",12.754,0.4193134792048507
2002,France,J01D,Other beta-lactam antibacterials,3.99,0.1311809615525932
2002,France,J01E,Sulfonamides and trimethoprim,0.528,0.0173425549812894
2002,France,J01F,"Macrolides, lincosamides and streptogramins",5.449,0.1791418383204287
2002,France,J01G,Aminoglycoside antibacterials,0.15,0.0049263735109362
2002,France,J01M,Quinolone antibacterials,2.403,0.0790055718187262
2002,France,J01R,Combinations of antibacterials,0.0,0.0
2002,France,J01X,Other antibacterials,1.508,0.0495648398560365
2003,France,J01A,Tetracyclines,3.543,0.1318318240982995
2003,France,J01B,Amphenicols,0.002,3.73264746897474e-05
2003,France,J01C,"Beta-lactam antibacterials, penicillins",10.79,0.4015437381433551
2003,France,J01D,Other beta-lactam antibacterials,3.559,0.1324239492615982
2003,France,J01E,Sulfonamides and trimethoprim,0.494,0.0183780973158878
2003,France,J01F,"Macrolides, lincosamides and streptogramins",4.984,0.1854672887596922
2003,France,J01G,Aminoglycoside antibacterials,0.121,0.0044944350431513
2003,France,J01M,Quinolone antibacterials,2.381,0.0885789621289979
2003,France,J01R,Combinations of antibacterials,0.0,0.0
2003,France,J01X,Other antibacterials,1.001,0.037244378774328
2004,France,J01A,Tetracyclines,3.645,0.1449475437164865
2004,France,J01B,Amphenicols,0.001,3.528057162958376e-05
2004,France,J01C,"Beta-lactam antibacterials, penicillins",9.774,0.3887487035284868
2004,France,J01D,Other beta-lactam antibacterials,3.293,0.130954561010251
2004,France,J01E,Sulfonamides and trimethoprim,0.511,0.0202998124680506
2004,France,J01F,"Macrolides, lincosamides and streptogramins",4.46,0.1773872934893305
2004,France,J01G,Aminoglycoside antibacterials,0.127,0.0050199838385548
2004,France,J01M,Quinolone antibacterials,2.408,0.0957748989750576
2004,France,J01R,Combinations of antibacterials,0.0,0.0
2004,France,J01X,Other antibacterials,0.927,0.0368319224021527
2005,France,J01A,Tetracyclines,3.638,0.137305021680374
2005,France,J01B,Amphenicols,0.001,2.997191058208886e-05
2005,France,J01C,"Beta-lactam antibacterials, penicillins",10.766,0.4063893998185304
2005,France,J01D,Other beta-lactam antibacterials,3.488,0.1316339134206628
2005,France,J01E,Sulfonamides and trimethoprim,0.52,0.0196032904326075
2005,France,J01F,"Macrolides, lincosamides and streptogramins",4.681,0.1766843751334156
2005,France,J01G,Aminoglycoside antibacterials,0.13,0.0048893472166947
2005,France,J01M,Quinolone antibacterials,2.514,0.0948930317988004
2005,France,J01R,Combinations of antibacterials,0.036,0.0013532657359797
2005,France,J01X,Other antibacterials,0.722,0.0272183828523527
2006,France,J01A,Tetracyclines,3.496,0.138955029610264
2006,France,J01B,Amphenicols,0.001,2.448969206597586e-05
2006,France,J01C,"Beta-lactam antibacterials, penicillins",10.752,0.4274502413983932
2006,France,J01D,Other beta-lactam antibacterials,3.014,0.1198161364807358
2006,France,J01E,Sulfonamides and trimethoprim,0.508,0.0201864635612464
2006,France,J01F,"Macrolides, lincosamides and streptogramins",4.059,0.1613661988181338
2006,France,J01G,Aminoglycoside antibacterials,0.129,0.005103516656171
2006,France,J01M,Quinolone antibacterials,2.515,0.0999564274309994
2006,France,J01R,Combinations of antibacterials,0.029,0.0011217948717948
2006,France,J01X,Other antibacterials,0.655,0.0260197014801951
2007,France,J01A,Tetracyclines,3.364,0.1308735931572814
2007,France,J01B,Amphenicols,0.004,0.0001418380436015
2007,France,J01C,"Beta-lactam antibacterials, penicillins",10.976,0.4270782795018072
2007,France,J01D,Other beta-lactam antibacterials,3.198,0.1244162459777533
2007,France,J01E,Sulfonamides and trimethoprim,0.527,0.0205065902352231
2007,France,J01F,"Macrolides, lincosamides and streptogramins",4.232,0.1646747857953694
2007,France,J01G,Aminoglycoside antibacterials,0.129,0.0050073693521803
2007,France,J01M,Quinolone antibacterials,2.602,0.101246213566301
2007,France,J01R,Combinations of antibacterials,0.023,0.000883131522507
2007,France,J01X,Other antibacterials,0.647,0.0251719528479756
2008,France,J01A,Tetracyclines,3.465,0.1378949075032172
2008,France,J01B,Amphenicols,0.001,2.603283791728221e-05
2008,France,J01C,"Beta-lactam antibacterials, penicillins",10.895,0.4336801711416279
2008,France,J01D,Other beta-lactam antibacterials,2.77,0.1102469190793117
2008,France,J01E,Sulfonamides and trimethoprim,0.515,0.0204699707433095
2008,France,J01F,"Macrolides, lincosamides and streptogramins",4.278,0.1702714783153028
2008,France,J01G,Aminoglycoside antibacterials,0.125,0.0049410246755876
2008,France,J01M,Quinolone antibacterials,2.396,0.0953718987934018
2008,France,J01R,Combinations of antibacterials,0.012,0.0004729696943931
2008,France,J01X,Other antibacterials,0.669,0.0266246272159308
2009,France,J01A,Tetracyclines,3.415,0.1302733953528406
2009,France,J01B,Amphenicols,0.003,9.59548341549458e-05
2009,France,J01C,"Beta-lactam antibacterials, penicillins",11.752,0.4483708051903973
2009,France,J01D,Other beta-lactam antibacterials,3.183,0.1214038875175847
2009,France,J01E,Sulfonamides and trimethoprim,0.465,0.0177162383202173
2009,France,J01F,"Macrolides, lincosamides and streptogramins",4.274,0.1630632796759496
2009,France,J01G,Aminoglycoside antibacterials,0.124,0.0046936984342918
2009,France,J01M,Quinolone antibacterials,2.311,0.0881515504927691
2009,France,J01R,Combinations of antibacterials,0.0,0.0
2009,France,J01X,Other antibacterials,0.688,0.0262311901817945
2010,France,J01A,Tetracyclines,3.187,0.1272946290999117
2010,France,J01B,Amphenicols,0.001,2.245391304382568e-05
2010,France,J01C,"Beta-lactam antibacterials, penicillins",11.454,0.4576269689874304
2010,France,J01D,Other beta-lactam antibacterials,2.973,0.1187448821958648
2010,France,J01E,Sulfonamides and trimethoprim,0.459,0.0183095279903807
2010,France,J01F,"Macrolides, lincosamides and streptogramins",3.861,0.1542241423913697
2010,France,J01G,Aminoglycoside antibacterials,0.107,0.00427003906861
2010,France,J01M,Quinolone antibacterials,2.291,0.0915097240026537
2010,France,J01R,Combinations of antibacterials,0.0,0.0
2010,France,J01X,Other antibacterials,0.7010000000000002,0.0279976323507349
2011,France,J01A,Tetracyclines,3.115,0.1241200103401263
2011,France,J01B,Amphenicols,0.001,2.15983831657579e-05
2011,France,J01C,"Beta-lactam antibacterials, penicillins",11.994,0.4779465564346824
2011,France,J01D,Other beta-lactam antibacterials,2.82,0.1123722034228177
2011,France,J01E,Sulfonamides and trimethoprim,0.422,0.0167772016393571
2011,France,J01F,"Macrolides, lincosamides and streptogramins",3.963,0.1579084492356902
2011,France,J01G,Aminoglycoside antibacterials,0.103,0.0040982334315794
2011,France,J01M,Quinolone antibacterials,2.036,0.0811195023796277
2011,France,J01R,Combinations of antibacterials,0.0,0.0
2011,France,J01X,Other antibacterials,0.644,0.0256362447329533
2012,France,J01A,Tetracyclines,3.31,0.1285984005312495
2012,France,J01B,Amphenicols,0.001,2.273385795046149e-05
2012,France,J01C,"Beta-lactam antibacterials, penicillins",12.599,0.4895881262264625
2012,France,J01D,Other beta-lactam antibacterials,2.676,0.1039590566715829
2012,France,J01E,Sulfonamides and trimethoprim,0.486,0.0188564333165038
2012,France,J01F,"Macrolides, lincosamides and streptogramins",3.81,0.1480308748330519
2012,France,J01G,Aminoglycoside antibacterials,0.091,0.0035284113377985
2012,France,J01M,Quinolone antibacterials,2.182,0.0847866032989198
2012,France,J01R,Combinations of antibacterials,0.0,0.0
2012,France,J01X,Other antibacterials,0.583,0.0226293599264806
2013,France,J01A,Tetracyclines,3.374,0.1302680753872672
2013,France,J01B,Amphenicols,0.001,2.208994515900783e-05
2013,France,J01C,"Beta-lactam antibacterials, penicillins",13.275,0.5126439061449207
2013,France,J01D,Other beta-lactam antibacterials,2.548,0.0983874185558783
2013,France,J01E,Sulfonamides and trimethoprim,0.32,0.0123366937083124
2013,France,J01F,"Macrolides, lincosamides and streptogramins",3.604,0.1391792442257385
2013,France,J01G,Aminoglycoside antibacterials,0.089,0.0034186893448531
2013,France,J01M,Quinolone antibacterials,2.09,0.0807118708816444
2013,France,J01R,Combinations of antibacterials,0.013,0.0004800701193559
2013,France,J01X,Other antibacterials,0.584,0.02255194168687
2014,France,J01A,Tetracyclines,3.244,0.1301689193352145
2014,France,J01B,Amphenicols,0.001,1.428910823561985e-05
2014,France,J01C,"Beta-lactam antibacterials, penicillins",13.031,0.5230271588183406
2014,France,J01D,Other beta-lactam antibacterials,2.368,0.0950138196949749
2014,France,J01E,Sulfonamides and trimethoprim,0.522,0.020936955290464
2014,France,J01F,"Macrolides, lincosamides and streptogramins",3.125,0.1254157839496468
2014,France,J01G,Aminoglycoside antibacterials,0.093,0.0037290157321074
2014,France,J01M,Quinolone antibacterials,1.99,0.0798705760007764
2014,France,J01R,Combinations of antibacterials,0.007,0.0002729781604226
2014,France,J01X,Other antibacterials,0.537,0.0215505039098171
2015,France,J01A,Tetracyclines,3.28,0.1282919215756109
2015,France,J01B,Amphenicols,0.001,1.29881601965938e-05
2015,France,J01C,"Beta-lactam antibacterials, penicillins",13.546,0.5299007399417458
2015,France,J01D,Other beta-lactam antibacterials,2.441,0.095458400292124
2015,France,J01E,Sulfonamides and trimethoprim,0.449,0.0175496255302162
2015,France,J01F,"Macrolides, lincosamides and streptogramins",3.343,0.1307439062642914
2015,France,J01G,Aminoglycoside antibacterials,0.092,0.0035793726421305
2015,France,J01M,Quinolone antibacterials,1.826,0.0714225188565004
2015,France,J01R,Combinations of antibacterials,0.0,0.0
2015,France,J01X,Other antibacterials,0.589,0.023040526737184
2016,France,J01A,Tetracyclines,3.261,0.1271738847229705
2016,France,J01B,Amphenicols,0.001,1.252037779245379e-05
2016,France,J01C,"Beta-lactam antibacterials, penicillins",14.174,0.5528289735115611
2016,France,J01D,Other beta-lactam antibacterials,2.269,0.08848006670046
2016,France,J01E,Sulfonamides and trimethoprim,0.451,0.0175675332016236
2016,France,J01F,"Macrolides, lincosamides and streptogramins",3.085,0.1203152139674058
2016,France,J01G,Aminoglycoside antibacterials,0.089,0.0034661164253159
2016,France,J01M,Quinolone antibacterials,1.731,0.0674795317175883
2016,France,J01R,Combinations of antibacterials,0.0,0.0
2016,France,J01X,Other antibacterials,0.582,0.0226761593752823
2017,France,J01A,Tetracyclines,3.03,0.1226587589687067
2017,France,J01B,Amphenicols,0.001,9.474467100702533e-06
2017,France,J01C,"Beta-lactam antibacterials, penicillins",13.843,0.5604700372204846
2017,France,J01D,Other beta-lactam antibacterials,1.918,0.0776240660210019
2017,France,J01E,Sulfonamides and trimethoprim,0.484,0.0195815370816673
2017,France,J01F,"Macrolides, lincosamides and streptogramins",3.159,0.1278915800289409
2017,France,J01G,Aminoglycoside antibacterials,0.081,0.0032552892326042
2017,France,J01M,Quinolone antibacterials,1.56,0.0631293460321964
2017,France,J01R,Combinations of antibacterials,0.0,0.0
2017,France,J01X,Other antibacterials,0.627,0.0253799109472973
2018,France,J01A,Tetracyclines,3.174,0.1252190020041978
2018,France,J01B,Amphenicols,0.001,6.983130020357601e-06
2018,France,J01C,"Beta-lactam antibacterials, penicillins",14.168,0.5589491770164282
2018,France,J01D,Other beta-lactam antibacterials,1.727,0.0681248125996181
2018,France,J01E,Sulfonamides and trimethoprim,0.461,0.0181787839096059
2018,France,J01F,"Macrolides, lincosamides and streptogramins",3.001,0.1183812552274844
2018,France,J01G,Aminoglycoside antibacterials,0.072,0.002833493774362
2018,France,J01M,Quinolone antibacterials,1.528,0.0602623605346631
2018,France,J01R,Combinations of antibacterials,0.632,0.0249239746240156
2018,France,J01X,Other antibacterials,0.587,0.0231201571796045
2019,France,J01A,Tetracyclines,3.243,0.1292572655185447
2019,France,J01B,Amphenicols,0.001,1.706224974453467e-05
2019,France,J01C,"Beta-lactam antibacterials, penicillins",14.186,0.565493864227626
2019,France,J01D,Other beta-lactam antibacterials,1.608,0.0640783552724763
2019,France,J01E,Sulfonamides and trimethoprim,0.479,0.0190813756494667
2019,France,J01F,"Macrolides, lincosamides and streptogramins",2.938,0.1171064322010577
2019,France,J01G,Aminoglycoside antibacterials,0.069,0.0027403647422641
2019,France,J01M,Quinolone antibacterials,1.378,0.0549050439956886
2019,France,J01R,Combinations of antibacterials,0.589,0.0234792502512595
2019,France,J01X,Other antibacterials,0.599,0.0238409858918715
2020,France,J01A,Tetracyclines,2.962,0.1456243226883477
2020,France,J01B,Amphenicols,0.001,7.376448543935775e-07
2020,France,J01C,"Beta-lactam antibacterials, penicillins",10.803,0.5312412020483512
2020,France,J01D,Other beta-lactam antibacterials,1.199,0.0589563141637303
2020,France,J01E,Sulfonamides and trimethoprim,0.51,0.0250408298720987
2020,France,J01F,"Macrolides, lincosamides and streptogramins",2.493,0.1225829529585681
2020,France,J01G,Aminoglycoside antibacterials,0.06,0.0029461043721243
2020,France,J01M,Quinolone antibacterials,1.246,0.0612574218751728
2020,France,J01R,Combinations of antibacterials,0.537,0.0264070956714065
2020,France,J01X,Other antibacterials,0.528,0.0259430187053457
2021,France,J01A,Tetracyclines,3.156,0.1464783453216068
2021,France,J01B,Amphenicols,0.001,5.57079503276347e-07
2021,France,J01C,"Beta-lactam antibacterials, penicillins",11.776,0.5466660625448941
2021,France,J01D,Other beta-lactam antibacterials,1.225,0.0568645402230202
2021,France,J01E,Sulfonamides and trimethoprim,0.554,0.0256932494637761
2021,France,J01F,"Macrolides, lincosamides and streptogramins",2.49,0.115558575958092
2021,France,J01G,Aminoglycoside antibacterials,0.055,0.0025483601877376
2021,France,J01M,Quinolone antibacterials,1.164,0.0540315588324003
2021,France,J01R,Combinations of antibacterials,0.534,0.0247582379408187
2021,France,J01X,Other antibacterials,0.591,0.0274005124481504
2022,France,J01A,Tetracyclines,2.799,0.1151447108303316
2022,France,J01B,Amphenicols,0.001,5.348407394444757e-07
2022,France,J01C,"Beta-lactam antibacterials, penicillins",13.887,0.571296307076918
2022,France,J01D,Other beta-lactam antibacterials,1.419,0.058378771825462
2022,France,J01E,Sulfonamides and trimethoprim,0.5740000000000001,0.0236039206459263
2022,France,J01F,"Macrolides, lincosamides and streptogramins",3.233,0.1329908652081614
2022,France,J01G,Aminoglycoside antibacterials,0.051,0.0020868251405263
2022,France,J01M,Quinolone antibacterials,1.311,0.0539103831553801
2022,France,J01R,Combinations of antibacterials,0.437,0.0179749275712499
2022,France,J01X,Other antibacterials,0.599,0.0246127537053046
2023,France,J01A,Tetracyclines,2.806,0.1166269053732766
2023,France,J01B,Amphenicols,0.001,4.157174278847702e-07
2023,France,J01C,"Beta-lactam antibacterials, penicillins",13.909,0.5781859097483283
2023,France,J01D,Other beta-lactam antibacterials,1.397,0.0580603015589278
2023,France,J01E,Sulfonamides and trimethoprim,0.547,0.0227207034470998
2023,France,J01F,"Macrolides, lincosamides and streptogramins",3.222,0.1339133506030667
2023,France,J01G,Aminoglycoside antibacterials,0.052,0.0021271845067435
2023,France,J01M,Quinolone antibacterials,1.178,0.0489577111862201
2023,France,J01R,Combinations of antibacterials,0.332,0.0137774159927575
2023,France,J01X,Other antibacterials,0.617,0.0256301018661513
2024,France,J01A,Tetracyclines,3.171,0.1195660615109909
2024,France,J01B,Amphenicols,0.001,1.131505747879474e-07
2024,France,J01C,"Beta-lactam antibacterials, penicillins",16.013,0.6039564305414071
2024,France,J01D,Other beta-lactam antibacterials,1.3,0.0489952549552125
2024,France,J01E,Sulfonamides and trimethoprim,0.491,0.0184914441004289
2024,France,J01F,"Macrolides, lincosamides and streptogramins",3.413,0.1286954270534651
2024,France,J01G,Aminoglycoside antibacterials,0.045,0.0016735724348302
2024,France,J01M,Quinolone antibacterials,1.128,0.0425325844424824
2024,France,J01R,Combinations of antibacterials,0.321,0.0120750898896453
2024,France,J01X,Other antibacterials,0.637,0.0240140219209625
2002,Germany,J01A,Tetracyclines,2.684,0.2279774334925903
2002,Germany,J01B,Amphenicols,0.001,3.397905140512298e-06
2002,Germany,J01C,"Beta-lactam antibacterials, penicillins",3.435,0.2917351309157635
2002,Germany,J01D,Other beta-lactam antibacterials,0.894,0.0758832918123483
2002,Germany,J01E,Sulfonamides and trimethoprim,1.025,0.0870339422690819
2002,Germany,J01F,"Macrolides, lincosamides and streptogramins",2.264,0.1922699526901172
2002,Germany,J01G,Aminoglycoside antibacterials,0.046,0.0038331767890119
2002,Germany,J01M,Quinolone antibacterials,1.125,0.0955568227854004
2002,Germany,J01R,Combinations of antibacterials,0.016,0.0012788865472603
2002,Germany,J01X,Other antibacterials,0.288,0.0244279647932854
2003,Germany,J01A,Tetracyclines,3.483,0.2699111124304557
2003,Germany,J01B,Amphenicols,0.001,1.782665346667567e-06
2003,Germany,J01C,"Beta-lactam antibacterials, penicillins",3.509,0.2719283145309935
2003,Germany,J01D,Other beta-lactam antibacterials,1.206,0.0934511153245741
2003,Germany,J01E,Sulfonamides and trimethoprim,0.962,0.074522309630524
2003,Germany,J01F,"Macrolides, lincosamides and streptogramins",2.301,0.1782988551645636
2003,Germany,J01G,Aminoglycoside antibacterials,0.044,0.0033342042557802
2003,Germany,J01M,Quinolone antibacterials,1.054,0.0816658372105658
2003,Germany,J01R,Combinations of antibacterials,0.025,0.0019148926110769
2003,Germany,J01X,Other antibacterials,0.323,0.0249715761761192
2004,Germany,J01A,Tetracyclines,3.184,0.2625567764933254
2004,Germany,J01B,Amphenicols,0.001,3.299460249546428e-07
2004,Germany,J01C,"Beta-lactam antibacterials, penicillins",3.103,0.2559298930686177
2004,Germany,J01D,Other beta-lactam antibacterials,1.256,0.1035358253331733
2004,Germany,J01E,Sulfonamides and trimethoprim,0.932,0.0767956796867492
2004,Germany,J01F,"Macrolides, lincosamides and streptogramins",2.123,0.1751016130648728
2004,Germany,J01G,Aminoglycoside antibacterials,0.038,0.0030566199751798
2004,Germany,J01M,Quinolone antibacterials,1.151,0.0949222544057074
2004,Germany,J01R,Combinations of antibacterials,0.015,0.0012247596446316
2004,Germany,J01X,Other antibacterials,0.326,0.0268762483817178
2023,Germany,J01A,Tetracyclines,1.594,0.1191579927569543
2023,Germany,J01B,Amphenicols,0.0,0.0
2023,Germany,J01C,"Beta-lactam antibacterials, penicillins",5.251,0.3924950156682466
2023,Germany,J01D,Other beta-lactam antibacterials,2.774,0.2073523126559227
2023,Germany,J01E,Sulfonamides and trimethoprim,0.493,0.0368170340383377
2023,Germany,J01F,"Macrolides, lincosamides and streptogramins",2.024,0.1512411731781388
2023,Germany,J01G,Aminoglycoside antibacterials,0.022,0.0015754592578864
2023,Germany,J01M,Quinolone antibacterials,0.584,0.0436374703330495
2023,Germany,J01R,Combinations of antibacterials,0.0,0.0
2023,Germany,J01X,Other antibacterials,0.639,0.0477235421114637
2024,Germany,J01A,Tetracyclines,1.602,0.11572443427372
2024,Germany,J01B,Amphenicols,0.001,7.22398194409057e-08
2024,Germany,J01C,"Beta-lactam antibacterials, penicillins",5.863,0.4235388828299746
2024,Germany,J01D,Other beta-lactam antibacterials,2.469,0.1783557798104297
2024,Germany,J01E,Sulfonamides and trimethoprim,0.5720000000000001,0.0412841899326443
2024,Germany,J01F,"Macrolides, lincosamides and streptogramins",2.149,0.155237592792951
2024,Germany,J01G,Aminoglycoside antibacterials,0.021,0.0014645900993449
2024,Germany,J01M,Quinolone antibacterials,0.53,0.038219776791961
2024,Germany,J01R,Combinations of antibacterials,0.0,0.0
2024,Germany,J01X,Other antibacterials,0.64,0.0461746812291547
2000,Greece,J01A,Tetracyclines,2.851,0.1004136442363679
2000,Greece,J01B,Amphenicols,0.003,9.186614735992264e-05
2000,Greece,J01C,"Beta-lactam antibacterials, penicillins",7.758,0.2732497262156326
2000,Greece,J01D,Other beta-lactam antibacterials,7.286,0.2566262157382069
2000,Greece,J01E,Sulfonamides and trimethoprim,0.744,0.026174666148628
2000,Greece,J01F,"Macrolides, lincosamides and streptogramins",7.084,0.2495245891649375
2000,Greece,J01G,Aminoglycoside antibacterials,0.319,0.0112074234046622
2000,Greece,J01M,Quinolone antibacterials,1.912,0.0673461286062658
2000,Greece,J01R,Combinations of antibacterials,0.022,0.000755218634738
2000,Greece,J01X,Other antibacterials,0.4150000000000001,0.0146105217032011
2001,Greece,J01A,Tetracyclines,2.828,0.0995280942570842
2001,Greece,J01B,Amphenicols,0.004,0.0001148052958862
2001,Greece,J01C,"Beta-lactam antibacterials, penicillins",7.508,0.264311152558213
2001,Greece,J01D,Other beta-lactam antibacterials,7.252,0.2552802250817499
2001,Greece,J01E,Sulfonamides and trimethoprim,0.638,0.0224332927894493
2001,Greece,J01F,"Macrolides, lincosamides and streptogramins",7.146,0.2515646666265089
2001,Greece,J01G,Aminoglycoside antibacterials,0.263,0.0092580736797927
2001,Greece,J01M,Quinolone antibacterials,2.286,0.0804587973087329
2001,Greece,J01R,Combinations of antibacterials,0.021,0.0007372041998952
2001,Greece,J01X,Other antibacterials,0.464,0.0163136882026873
2002,Greece,J01A,Tetracyclines,2.752,0.0931369419517958
2002,Greece,J01B,Amphenicols,0.002,6.340177859421907e-05
2002,Greece,J01C,"Beta-lactam antibacterials, penicillins",7.325,0.2479442151005367
2002,Greece,J01D,Other beta-lactam antibacterials,7.401,0.2504997502179796
2002,Greece,J01E,Sulfonamides and trimethoprim,0.596,0.0201619348449066
2002,Greece,J01F,"Macrolides, lincosamides and streptogramins",8.067,0.2730475281802796
2002,Greece,J01G,Aminoglycoside antibacterials,0.278,0.0093783179728166
2002,Greece,J01M,Quinolone antibacterials,2.621,0.088708701763788
2002,Greece,J01R,Combinations of antibacterials,0.017,0.0005574820564165
2002,Greece,J01X,Other antibacterials,0.488,0.0165017261328862
2003,Greece,J01A,Tetracyclines,2.589,0.0858585803300928
2003,Greece,J01B,Amphenicols,0.002,5.569403877744718e-05
2003,Greece,J01C,"Beta-lactam antibacterials, penicillins",7.609,0.2523966266064322
2003,Greece,J01D,Other beta-lactam antibacterials,6.865,0.2277097712321747
2003,Greece,J01E,Sulfonamides and trimethoprim,0.658,0.0218247987609187
2003,Greece,J01F,"Macrolides, lincosamides and streptogramins",9.637,0.319644242800401
2003,Greece,J01G,Aminoglycoside antibacterials,0.293,0.0097023725826373
2003,Greece,J01M,Quinolone antibacterials,2.008,0.0665930868472407
2003,Greece,J01R,Combinations of antibacterials,0.012,0.0003780825812896
2003,Greece,J01X,Other antibacterials,0.4780000000000001,0.0158367442200351
2004,Greece,J01A,Tetracyclines,2.646,0.0887680441603557
2004,Greece,J01B,Amphenicols,0.002,5.233923325103436e-05
2004,Greece,J01C,"Beta-lactam antibacterials, penicillins",7.162,0.2402582847218725
2004,Greece,J01D,Other beta-lactam antibacterials,7.144,0.2396810769213271
2004,Greece,J01E,Sulfonamides and trimethoprim,0.683,0.022893281276374
2004,Greece,J01F,"Macrolides, lincosamides and streptogramins",9.771,0.3277959542913424
2004,Greece,J01G,Aminoglycoside antibacterials,0.281,0.0094248532245178
2004,Greece,J01M,Quinolone antibacterials,1.83,0.061390766829152
2004,Greece,J01R,Combinations of antibacterials,0.003,7.038955856453212e-05
2004,Greece,J01X,Other antibacterials,0.289,0.0096650097832427
2005,Greece,J01A,Tetracyclines,2.563,0.082304776254173
2005,Greece,J01B,Amphenicols,0.002,4.197198179141749e-05
2005,Greece,J01C,"Beta-lactam antibacterials, penicillins",7.667,0.2461898544631968
2005,Greece,J01D,Other beta-lactam antibacterials,7.86,0.2523877706297669
2005,Greece,J01E,Sulfonamides and trimethoprim,0.693,0.0222529538625157
2005,Greece,J01F,"Macrolides, lincosamides and streptogramins",10.081,0.3237190734012247
2005,Greece,J01G,Aminoglycoside antibacterials,0.277,0.0088654009925105
2005,Greece,J01M,Quinolone antibacterials,1.843,0.0591775720226522
2005,Greece,J01R,Combinations of antibacterials,0.0,0.0
2005,Greece,J01X,Other antibacterials,0.158,0.0050606263921684
2006,Greece,J01A,Tetracyclines,2.521,0.0692369757214865
2006,Greece,J01B,Amphenicols,0.002,3.084546654729499e-05
2006,Greece,J01C,"Beta-lactam antibacterials, penicillins",9.627,0.2644217594303558
2006,Greece,J01D,Other beta-lactam antibacterials,7.748,0.2127883985887993
2006,Greece,J01E,Sulfonamides and trimethoprim,0.0,0.0
2006,Greece,J01F,"Macrolides, lincosamides and streptogramins",10.463,0.2873842179156677
2006,Greece,J01G,Aminoglycoside antibacterials,3.329,0.0914173656680618
2006,Greece,J01M,Quinolone antibacterials,2.121,0.0582546986805803
2006,Greece,J01R,Combinations of antibacterials,0.0,0.0
2006,Greece,J01X,Other antibacterials,0.6,0.0164657385285009
2007,Greece,J01A,Tetracyclines,2.456,0.0637992984112772
2007,Greece,J01B,Amphenicols,0.002,2.99375568053446e-05
2007,Greece,J01C,"Beta-lactam antibacterials, penicillins",8.991,0.2336458949398617
2007,Greece,J01D,Other beta-lactam antibacterials,8.917,0.2317272145956816
2007,Greece,J01E,Sulfonamides and trimethoprim,0.0,0.0
2007,Greece,J01F,"Macrolides, lincosamides and streptogramins",12.009,0.3120645443329738
2007,Greece,J01G,Aminoglycoside antibacterials,2.512,0.0652592740547879
2007,Greece,J01M,Quinolone antibacterials,2.929,0.0760972933174227
2007,Greece,J01R,Combinations of antibacterials,0.0,0.0
2007,Greece,J01X,Other antibacterials,0.669,0.0173765427911896
2008,Greece,J01A,Tetracyclines,2.417,0.060444482824594
2008,Greece,J01B,Amphenicols,0.0,0.0
2008,Greece,J01C,"Beta-lactam antibacterials, penicillins",10.172,0.2544448982908248
2008,Greece,J01D,Other beta-lactam antibacterials,9.501,0.23766101818045
2008,Greece,J01E,Sulfonamides and trimethoprim,0.0,0.0
2008,Greece,J01F,"Macrolides, lincosamides and streptogramins",11.601,0.2901914296681313
2008,Greece,J01G,Aminoglycoside antibacterials,2.606,0.0651741135719769
2008,Greece,J01M,Quinolone antibacterials,2.973,0.0743559472910241
2008,Greece,J01R,Combinations of antibacterials,0.0,0.0
2008,Greece,J01X,Other antibacterials,0.709,0.0177281101729988
2009,Greece,J01A,Tetracyclines,2.052,0.0550995162954255
2009,Greece,J01B,Amphenicols,0.001,9.1326337503088e-07
2009,Greece,J01C,"Beta-lactam antibacterials, penicillins",10.283,0.2761962816804014
2009,Greece,J01D,Other beta-lactam antibacterials,9.303,0.2498803020613241
2009,Greece,J01E,Sulfonamides and trimethoprim,0.0,0.0
2009,Greece,J01F,"Macrolides, lincosamides and streptogramins",11.85,0.318282600702262
2009,Greece,J01G,Aminoglycoside antibacterials,0.253,0.0067715793189789
2009,Greece,J01M,Quinolone antibacterials,2.855,0.0766651833299672
2009,Greece,J01R,Combinations of antibacterials,0.0,0.0
2009,Greece,J01X,Other antibacterials,0.637,0.0171036233482658
2010,Greece,J01A,Tetracyclines,2.346,0.0665228927369873
2010,Greece,J01B,Amphenicols,0.001,1.390006291622356e-05
2010,Greece,J01C,"Beta-lactam antibacterials, penicillins",8.738,0.2478519367567562
2010,Greece,J01D,Other beta-lactam antibacterials,9.006,0.2554589589437246
2010,Greece,J01E,Sulfonamides and trimethoprim,0.0,0.0
2010,Greece,J01F,"Macrolides, lincosamides and streptogramins",9.006,0.2554567746481234
2010,Greece,J01G,Aminoglycoside antibacterials,0.311,0.0088071649661452
2010,Greece,J01M,Quinolone antibacterials,2.85,0.0808397022334195
2010,Greece,J01R,Combinations of antibacterials,0.0,0.0
2010,Greece,J01X,Other antibacterials,2.999,0.0850486696519274
2011,Greece,J01A,Tetracyclines,2.486,0.0751977884852375
2011,Greece,J01B,Amphenicols,0.001,1.597355698652676e-05
2011,Greece,J01C,"Beta-lactam antibacterials, penicillins",8.686,0.2627563600849975
2011,Greece,J01D,Other beta-lactam antibacterials,8.293000000000001,0.2508716403986867
2011,Greece,J01E,Sulfonamides and trimethoprim,0.0,0.0
2011,Greece,J01F,"Macrolides, lincosamides and streptogramins",9.746,0.2948311717550967
2011,Greece,J01G,Aminoglycoside antibacterials,0.166,0.0050193575005788
2011,Greece,J01M,Quinolone antibacterials,2.843,0.0860007232269949
2011,Greece,J01R,Combinations of antibacterials,0.0,0.0
2011,Greece,J01X,Other antibacterials,0.837,0.0253069849914213
2012,Greece,J01A,Tetracyclines,1.963,0.0664301349256006
2012,Greece,J01B,Amphenicols,0.001,4.637921528669769e-06
2012,Greece,J01C,"Beta-lactam antibacterials, penicillins",8.957,0.3032031381869735
2012,Greece,J01D,Other beta-lactam antibacterials,7.101,0.2403919023379661
2012,Greece,J01E,Sulfonamides and trimethoprim,0.003,8.531067337407167e-05
2012,Greece,J01F,"Macrolides, lincosamides and streptogramins",7.989,0.2704524383855511
2012,Greece,J01G,Aminoglycoside antibacterials,0.132,0.0044436704795346
2012,Greece,J01M,Quinolone antibacterials,2.579,0.0872912351340227
2012,Greece,J01R,Combinations of antibacterials,0.0,0.0
2012,Greece,J01X,Other antibacterials,0.819,0.0276975319554486
2013,Greece,J01A,Tetracyclines,1.875,0.0627990583728168
2013,Greece,J01B,Amphenicols,0.0,0.0
2013,Greece,J01C,"Beta-lactam antibacterials, penicillins",8.965,0.300384445942282
2013,Greece,J01D,Other beta-lactam antibacterials,7.939,0.2659825720698764
2013,Greece,J01E,Sulfonamides and trimethoprim,0.346,0.0115645397806524
2013,Greece,J01F,"Macrolides, lincosamides and streptogramins",7.416,0.2484602192135317
2013,Greece,J01G,Aminoglycoside antibacterials,0.124,0.0041330217271465
2013,Greece,J01M,Quinolone antibacterials,2.239,0.0749913518426908
2013,Greece,J01R,Combinations of antibacterials,0.0,0.0
2013,Greece,J01X,Other antibacterials,0.946,0.0316847910510034
2014,Greece,J01A,Tetracyclines,2.427,0.0779314011752485
2014,Greece,J01B,Amphenicols,0.001,7.163485779163674e-06
2014,Greece,J01C,"Beta-lactam antibacterials, penicillins",8.548,0.2745625969158592
2014,Greece,J01D,Other beta-lactam antibacterials,7.817,0.2510849950478791
2014,Greece,J01E,Sulfonamides and trimethoprim,0.365,0.0117035938469319
2014,Greece,J01F,"Macrolides, lincosamides and streptogramins",8.092,0.2599387422383792
2014,Greece,J01G,Aminoglycoside antibacterials,0.137,0.0043739344716444
2014,Greece,J01M,Quinolone antibacterials,2.783,0.0893910189033789
2014,Greece,J01R,Combinations of antibacterials,0.0,0.0
2014,Greece,J01X,Other antibacterials,0.966,0.0310065539148995
2015,Greece,J01A,Tetracyclines,2.639,0.079266549989047
2015,Greece,J01B,Amphenicols,0.001,1.153419755911749e-05
2015,Greece,J01C,"Beta-lactam antibacterials, penicillins",10.374,0.3115888978903022
2015,Greece,J01D,Other beta-lactam antibacterials,8.069,0.2423629870243582
2015,Greece,J01E,Sulfonamides and trimethoprim,0.432,0.0129567185544358
2015,Greece,J01F,"Macrolides, lincosamides and streptogramins",7.712,0.2316315275635933
2015,Greece,J01G,Aminoglycoside antibacterials,0.119,0.0035632560475014
2015,Greece,J01M,Quinolone antibacterials,2.909,0.0873507909621031
2015,Greece,J01R,Combinations of antibacterials,0.0,0.0
2015,Greece,J01X,Other antibacterials,1.041,0.0312677377710998
2016,Greece,J01A,Tetracyclines,2.761,0.083000693012155
2016,Greece,J01B,Amphenicols,0.001,1.726140060628414e-05
2016,Greece,J01C,"Beta-lactam antibacterials, penicillins",11.733,0.3528166831737581
2016,Greece,J01D,Other beta-lactam antibacterials,7.987,0.2401642419260475
2016,Greece,J01E,Sulfonamides and trimethoprim,0.397,0.0119252521209494
2016,Greece,J01F,"Macrolides, lincosamides and streptogramins",6.251,0.1879543090124509
2016,Greece,J01G,Aminoglycoside antibacterials,0.139,0.0041732894260238
2016,Greece,J01M,Quinolone antibacterials,2.834,0.0851987248816925
2016,Greece,J01R,Combinations of antibacterials,0.0,0.0
2016,Greece,J01X,Other antibacterials,1.156,0.0347495450463163
2017,Greece,J01A,Tetracyclines,2.864,0.0832185317830978
2017,Greece,J01B,Amphenicols,0.001,1.185598190079751e-05
2017,Greece,J01C,"Beta-lactam antibacterials, penicillins",11.607,0.337281966168142
2017,Greece,J01D,Other beta-lactam antibacterials,8.251,0.2397436457748767
2017,Greece,J01E,Sulfonamides and trimethoprim,0.343,0.009938712710031
2017,Greece,J01F,"Macrolides, lincosamides and streptogramins",7.153,0.2078549483381401
2017,Greece,J01G,Aminoglycoside antibacterials,0.138,0.0039921241409643
2017,Greece,J01M,Quinolone antibacterials,2.818,0.0818866807574624
2017,Greece,J01R,Combinations of antibacterials,0.0,0.0
2017,Greece,J01X,Other antibacterials,1.242,0.0360715343453847
2018,Greece,J01A,Tetracyclines,3.022,0.0879071925370622
2018,Greece,J01B,Amphenicols,0.001,2.004670620687921e-05
2018,Greece,J01C,"Beta-lactam antibacterials, penicillins",11.455,0.3332645615898824
2018,Greece,J01D,Other beta-lactam antibacterials,8.48,0.2467071321118091
2018,Greece,J01E,Sulfonamides and trimethoprim,0.321,0.0093111567688503
2018,Greece,J01F,"Macrolides, lincosamides and streptogramins",6.547,0.1904658796331749
2018,Greece,J01G,Aminoglycoside antibacterials,0.144,0.0041627610988923
2018,Greece,J01M,Quinolone antibacterials,3.178,0.0924571256526381
2018,Greece,J01R,Combinations of antibacterials,0.0,0.0
2018,Greece,J01X,Other antibacterials,1.228,0.0357041439014835
2019,Greece,J01A,Tetracyclines,3.124,0.090865352194429
2019,Greece,J01B,Amphenicols,0.001,1.792076010089388e-05
2019,Greece,J01C,"Beta-lactam antibacterials, penicillins",11.353,0.330255694917911
2019,Greece,J01D,Other beta-lactam antibacterials,8.181000000000001,0.2379851631234279
2019,Greece,J01E,Sulfonamides and trimethoprim,0.3490000000000001,0.0101430629406768
2019,Greece,J01F,"Macrolides, lincosamides and streptogramins",6.797,0.197718117033153
2019,Greece,J01G,Aminoglycoside antibacterials,0.143,0.0041528743240949
2019,Greece,J01M,Quinolone antibacterials,3.266,0.0949866033590603
2019,Greece,J01R,Combinations of antibacterials,0.0,0.0
2019,Greece,J01X,Other antibacterials,1.165,0.033875211347146
2020,Greece,J01A,Tetracyclines,3.075,0.1082692138168297
2020,Greece,J01B,Amphenicols,0.001,2.056773933884086e-05
2020,Greece,J01C,"Beta-lactam antibacterials, penicillins",9.079,0.3197437865440567
2020,Greece,J01D,Other beta-lactam antibacterials,6.365,0.2241352841646263
2020,Greece,J01E,Sulfonamides and trimethoprim,0.465,0.0163714274514729
2020,Greece,J01F,"Macrolides, lincosamides and streptogramins",5.309,0.1869681465237298
2020,Greece,J01G,Aminoglycoside antibacterials,0.127,0.0044695740269742
2020,Greece,J01M,Quinolone antibacterials,2.827,0.0995601145186368
2020,Greece,J01R,Combinations of antibacterials,0.0,0.0
2020,Greece,J01X,Other antibacterials,1.149,0.0404618852143346
2021,Greece,J01A,Tetracyclines,3.051,0.1280719411823579
2021,Greece,J01B,Amphenicols,0.001,1.255258652132647e-05
2021,Greece,J01C,"Beta-lactam antibacterials, penicillins",7.872,0.3304569158286521
2021,Greece,J01D,Other beta-lactam antibacterials,5.014,0.2104678747824498
2021,Greece,J01E,Sulfonamides and trimethoprim,0.347,0.0145624277491591
2021,Greece,J01F,"Macrolides, lincosamides and streptogramins",3.75,0.1574023820191209
2021,Greece,J01G,Aminoglycoside antibacterials,0.129,0.0054025660677473
2021,Greece,J01M,Quinolone antibacterials,2.393,0.1004387024034467
2021,Greece,J01R,Combinations of antibacterials,0.0,0.0
2021,Greece,J01X,Other antibacterials,1.267,0.0531846373805447
2022,Greece,J01A,Tetracyclines,2.986,0.0908085388885347
2022,Greece,J01B,Amphenicols,0.001,1.642365336991469e-05
2022,Greece,J01C,"Beta-lactam antibacterials, penicillins",10.137,0.3082948756254979
2022,Greece,J01D,Other beta-lactam antibacterials,7.458,0.2268288102997475
2022,Greece,J01E,Sulfonamides and trimethoprim,0.354,0.0107609601730055
2022,Greece,J01F,"Macrolides, lincosamides and streptogramins",7.303,0.2220869061876053
2022,Greece,J01G,Aminoglycoside antibacterials,0.084,0.0025300638016353
2022,Greece,J01M,Quinolone antibacterials,3.337,0.1014869245820971
2022,Greece,J01R,Combinations of antibacterials,0.0,0.0
2022,Greece,J01X,Other antibacterials,1.223,0.0371864967885066
2023,Greece,J01A,Tetracyclines,1.953,0.0683592339727865
2023,Greece,J01B,Amphenicols,0.001,1.246620380632422e-05
2023,Greece,J01C,"Beta-lactam antibacterials, penicillins",9.232,0.323268659648474
2023,Greece,J01D,Other beta-lactam antibacterials,6.664,0.2333332632984805
2023,Greece,J01E,Sulfonamides and trimethoprim,0.173,0.0060410663366624
2023,Greece,J01F,"Macrolides, lincosamides and streptogramins",6.072,0.2125917062626216
2023,Greece,J01G,Aminoglycoside antibacterials,0.083,0.0028979371584268
2023,Greece,J01M,Quinolone antibacterials,3.437,0.1203547195261722
2023,Greece,J01R,Combinations of antibacterials,0.0,0.0
2023,Greece,J01X,Other antibacterials,0.947,0.0331409475925694
2024,Greece,J01A,Tetracyclines,2.019,0.0672315033382839
2024,Greece,J01B,Amphenicols,0.001,2.298313650664052e-06
2024,Greece,J01C,"Beta-lactam antibacterials, penicillins",10.057,0.3349734854546058
2024,Greece,J01D,Other beta-lactam antibacterials,7.114,0.2369335539536791
2024,Greece,J01E,Sulfonamides and trimethoprim,0.322,0.0107065442515977
2024,Greece,J01F,"Macrolides, lincosamides and streptogramins",5.883,0.1959328708548914
2024,Greece,J01G,Aminoglycoside antibacterials,0.12,0.0039816452008612
2024,Greece,J01M,Quinolone antibacterials,3.527,0.1174672437010551
2024,Greece,J01R,Combinations of antibacterials,0.0,0.0
2024,Greece,J01X,Other antibacterials,0.984,0.032770854931375
2001,Hungary,J01A,Tetracyclines,2.274,0.1292790898051228
2001,Hungary,J01B,Amphenicols,0.001,2.217446940759029e-06
2001,Hungary,J01C,"Beta-lactam antibacterials, penicillins",6.856,0.3897737828860173
2001,Hungary,J01D,Other beta-lactam antibacterials,2.593,0.1474112671549371
2001,Hungary,J01E,Sulfonamides and trimethoprim,1.234,0.0701104982239387
2001,Hungary,J01F,"Macrolides, lincosamides and streptogramins",3.272,0.1859929676228866
2001,Hungary,J01G,Aminoglycoside antibacterials,0.05,0.0028203082205761
2001,Hungary,J01M,Quinolone antibacterials,1.281,0.0728147600546151
2001,Hungary,J01R,Combinations of antibacterials,0.0,0.0
2001,Hungary,J01X,Other antibacterials,0.032,0.0017951085849652
2002,Hungary,J01A,Tetracyclines,2.007,0.123345344949992
2002,Hungary,J01B,Amphenicols,0.001,2.151187550794916e-06
2002,Hungary,J01C,"Beta-lactam antibacterials, penicillins",6.167,0.3790128790369416
2002,Hungary,J01D,Other beta-lactam antibacterials,2.435,0.1496472390460454
2002,Hungary,J01E,Sulfonamides and trimethoprim,1.052,0.0646208135508589
2002,Hungary,J01F,"Macrolides, lincosamides and streptogramins",2.93,0.1800313495634902
2002,Hungary,J01G,Aminoglycoside antibacterials,0.057,0.00348713648234
2002,Hungary,J01M,Quinolone antibacterials,1.578,0.0969727689772695
2002,Hungary,J01R,Combinations of antibacterials,0.0,0.0
2002,Hungary,J01X,Other antibacterials,0.047,0.0028803172055114
2003,Hungary,J01A,Tetracyclines,2.006,0.1105250687042019
2003,Hungary,J01B,Amphenicols,0.0,0.0
2003,Hungary,J01C,"Beta-lactam antibacterials, penicillins",7.159,0.3945274411425139
2003,Hungary,J01D,Other beta-lactam antibacterials,2.537,0.1397763776817733
2003,Hungary,J01E,Sulfonamides and trimethoprim,1.293,0.071215919830501
2003,Hungary,J01F,"Macrolides, lincosamides and streptogramins",3.3,0.1818795516309852
2003,Hungary,J01G,Aminoglycoside antibacterials,0.048,0.0026059121687444
2003,Hungary,J01M,Quinolone antibacterials,1.749,0.0963782395531059
2003,Hungary,J01R,Combinations of antibacterials,0.0,0.0
2003,Hungary,J01X,Other antibacterials,0.057,0.0030914892881742
2004,Hungary,J01A,Tetracyclines,1.836,0.1065517187939586
2004,Hungary,J01B,Amphenicols,0.0,0.0
2004,Hungary,J01C,"Beta-lactam antibacterials, penicillins",6.517,0.378264745585572
2004,Hungary,J01D,Other beta-lactam antibacterials,2.457,0.1425706253040372
2004,Hungary,J01E,Sulfonamides and trimethoprim,1.134,0.065816632530525
2004,Hungary,J01F,"Macrolides, lincosamides and streptogramins",3.314,0.1923017607446425
2004,Hungary,J01G,Aminoglycoside antibacterials,0.05,0.0028907228072358
2004,Hungary,J01M,Quinolone antibacterials,1.862,0.1080360561702099
2004,Hungary,J01R,Combinations of antibacterials,0.0,0.0
2004,Hungary,J01X,Other antibacterials,0.062,0.0035677380638187
2005,Hungary,J01A,Tetracyclines,1.802,0.0979030338017166
2005,Hungary,J01B,Amphenicols,0.0,0.0
2005,Hungary,J01C,"Beta-lactam antibacterials, penicillins",6.626,0.3599999543563693
2005,Hungary,J01D,Other beta-lactam antibacterials,2.574,0.1398358915863792
2005,Hungary,J01E,Sulfonamides and trimethoprim,1.041,0.0565636518903744
2005,Hungary,J01F,"Macrolides, lincosamides and streptogramins",4.083,0.2218247845348947
2005,Hungary,J01G,Aminoglycoside antibacterials,0.055,0.0029848760916706
2005,Hungary,J01M,Quinolone antibacterials,2.157,0.1171872503863951
2005,Hungary,J01R,Combinations of antibacterials,0.0,0.0
2005,Hungary,J01X,Other antibacterials,0.069,0.0037005573521999
2006,Hungary,J01A,Tetracyclines,1.502,0.0921432928662869
2006,Hungary,J01B,Amphenicols,0.0,0.0
2006,Hungary,J01C,"Beta-lactam antibacterials, penicillins",5.519,0.3386964750588226
2006,Hungary,J01D,Other beta-lactam antibacterials,2.349,0.144151302813055
2006,Hungary,J01E,Sulfonamides and trimethoprim,0.864,0.0529913333996123
2006,Hungary,J01F,"Macrolides, lincosamides and streptogramins",3.619,0.2220444143324778
2006,Hungary,J01G,Aminoglycoside antibacterials,0.054,0.0033021699026802
2006,Hungary,J01M,Quinolone antibacterials,2.051,0.125868102221944
2006,Hungary,J01R,Combinations of antibacterials,0.0,0.0
2006,Hungary,J01X,Other antibacterials,0.339,0.0208029094051209
2007,Hungary,J01A,Tetracyclines,1.458,0.1003701000582745
2007,Hungary,J01B,Amphenicols,0.0,0.0
2007,Hungary,J01C,"Beta-lactam antibacterials, penicillins",5.305,0.3653040871051167
2007,Hungary,J01D,Other beta-lactam antibacterials,1.872,0.1288492520249036
2007,Hungary,J01E,Sulfonamides and trimethoprim,0.767,0.0527631203989714
2007,Hungary,J01F,"Macrolides, lincosamides and streptogramins",3.022,0.2080994354496934
2007,Hungary,J01G,Aminoglycoside antibacterials,0.045,0.0030533840169278
2007,Hungary,J01M,Quinolone antibacterials,1.729,0.1190172425500336
2007,Hungary,J01R,Combinations of antibacterials,0.0,0.0
2007,Hungary,J01X,Other antibacterials,0.328,0.0225433783960788
2008,Hungary,J01A,Tetracyclines,1.456,0.1004873736950179
2008,Hungary,J01B,Amphenicols,0.0,0.0
2008,Hungary,J01C,"Beta-lactam antibacterials, penicillins",4.605,0.3178094226593393
2008,Hungary,J01D,Other beta-lactam antibacterials,2.109,0.14556107128754
2008,Hungary,J01E,Sulfonamides and trimethoprim,0.728,0.0502011678773874
2008,Hungary,J01F,"Macrolides, lincosamides and streptogramins",3.206,0.221225166177733
2008,Hungary,J01G,Aminoglycoside antibacterials,0.045,0.0030595021925914
2008,Hungary,J01M,Quinolone antibacterials,2.003,0.1382302072295916
2008,Hungary,J01R,Combinations of antibacterials,0.0,0.0
2008,Hungary,J01X,Other antibacterials,0.34,0.0234260888807992
2009,Hungary,J01A,Tetracyclines,1.383,0.092173706607522
2009,Hungary,J01B,Amphenicols,0.0,0.0
2009,Hungary,J01C,"Beta-lactam antibacterials, penicillins",5.294,0.3527764727664595
2009,Hungary,J01D,Other beta-lactam antibacterials,2.233,0.1488040590432219
2009,Hungary,J01E,Sulfonamides and trimethoprim,0.688,0.0458014651568865
2009,Hungary,J01F,"Macrolides, lincosamides and streptogramins",3.14,0.2092231690654178
2009,Hungary,J01G,Aminoglycoside antibacterials,0.043,0.0028039618699575
2009,Hungary,J01M,Quinolone antibacterials,2.045,0.1362902353465817
2009,Hungary,J01R,Combinations of antibacterials,0.0,0.0
2009,Hungary,J01X,Other antibacterials,0.182,0.012126930143953
2010,Hungary,J01A,Tetracyclines,1.416,0.0954180985417729
2010,Hungary,J01B,Amphenicols,0.0,0.0
2010,Hungary,J01C,"Beta-lactam antibacterials, penicillins",4.989,0.3363205284168609
2010,Hungary,J01D,Other beta-lactam antibacterials,2.205,0.1486500753883423
2010,Hungary,J01E,Sulfonamides and trimethoprim,0.641,0.0431552751748656
2010,Hungary,J01F,"Macrolides, lincosamides and streptogramins",3.164,0.2132717461860187
2010,Hungary,J01G,Aminoglycoside antibacterials,0.043,0.0028749643014422
2010,Hungary,J01M,Quinolone antibacterials,2.239,0.1509371427616
2010,Hungary,J01R,Combinations of antibacterials,0.0,0.0
2010,Hungary,J01X,Other antibacterials,0.14,0.0093721692290972
2011,Hungary,J01A,Tetracyclines,1.312,0.0881436647780622
2011,Hungary,J01B,Amphenicols,0.0,0.0
2011,Hungary,J01C,"Beta-lactam antibacterials, penicillins",5.184,0.3483856887971105
2011,Hungary,J01D,Other beta-lactam antibacterials,2.179,0.1464227436925499
2011,Hungary,J01E,Sulfonamides and trimethoprim,0.588,0.039496226666948
2011,Hungary,J01F,"Macrolides, lincosamides and streptogramins",3.16,0.2123846596512868
2011,Hungary,J01G,Aminoglycoside antibacterials,0.042,0.0028106596171432
2011,Hungary,J01M,Quinolone antibacterials,2.168,0.1457113076590844
2011,Hungary,J01R,Combinations of antibacterials,0.0,0.0
2011,Hungary,J01X,Other antibacterials,0.248,0.0166450491378148
2012,Hungary,J01A,Tetracyclines,1.213,0.0859870324128703
2012,Hungary,J01B,Amphenicols,0.0,0.0
2012,Hungary,J01C,"Beta-lactam antibacterials, penicillins",4.913,0.3483234087784789
2012,Hungary,J01D,Other beta-lactam antibacterials,2.058,0.1459048883375024
2012,Hungary,J01E,Sulfonamides and trimethoprim,0.562,0.039844747428132
2012,Hungary,J01F,"Macrolides, lincosamides and streptogramins",2.854,0.2023342195678279
2012,Hungary,J01G,Aminoglycoside antibacterials,0.043,0.0030141993441264
2012,Hungary,J01M,Quinolone antibacterials,2.184,0.1548073157843353
2012,Hungary,J01R,Combinations of antibacterials,0.0,0.0
2012,Hungary,J01X,Other antibacterials,0.28,0.0197841883467265
2013,Hungary,J01A,Tetracyclines,1.215,0.0839126672627852
2013,Hungary,J01B,Amphenicols,0.0,0.0
2013,Hungary,J01C,"Beta-lactam antibacterials, penicillins",4.967000000000001,0.3431533062921839
2013,Hungary,J01D,Other beta-lactam antibacterials,2.12,0.1464491545385593
2013,Hungary,J01E,Sulfonamides and trimethoprim,0.5650000000000001,0.0390340694852469
2013,Hungary,J01F,"Macrolides, lincosamides and streptogramins",2.932,0.2025404575612345
2013,Hungary,J01G,Aminoglycoside antibacterials,0.042,0.0029003951007534
2013,Hungary,J01M,Quinolone antibacterials,2.323,0.1604877688467468
2013,Hungary,J01R,Combinations of antibacterials,0.0,0.0
2013,Hungary,J01X,Other antibacterials,0.312,0.0215221809124898
2014,Hungary,J01A,Tetracyclines,1.216,0.0799758852190136
2014,Hungary,J01B,Amphenicols,0.0,0.0
2014,Hungary,J01C,"Beta-lactam antibacterials, penicillins",4.964,0.3267058495655246
2014,Hungary,J01D,Other beta-lactam antibacterials,2.196,0.1445066205065684
2014,Hungary,J01E,Sulfonamides and trimethoprim,0.538,0.0354002694252143
2014,Hungary,J01F,"Macrolides, lincosamides and streptogramins",3.257,0.2143313387758121
2014,Hungary,J01G,Aminoglycoside antibacterials,0.042,0.0027440798791917
2014,Hungary,J01M,Quinolone antibacterials,2.644,0.1740214247414915
2014,Hungary,J01R,Combinations of antibacterials,0.0,0.0
2014,Hungary,J01X,Other antibacterials,0.34,0.0223145318871836
2015,Hungary,J01A,Tetracyclines,1.248,0.0785648907280241
2015,Hungary,J01B,Amphenicols,0.0,0.0
2015,Hungary,J01C,"Beta-lactam antibacterials, penicillins",5.082,0.3201146988807914
2015,Hungary,J01D,Other beta-lactam antibacterials,2.316,0.1458833319369736
2015,Hungary,J01E,Sulfonamides and trimethoprim,0.548,0.0344788942846469
2015,Hungary,J01F,"Macrolides, lincosamides and streptogramins",3.44,0.216653826456209
2015,Hungary,J01G,Aminoglycoside antibacterials,0.041,0.0025489760063396
2015,Hungary,J01M,Quinolone antibacterials,2.932,0.1846783007582548
2015,Hungary,J01R,Combinations of antibacterials,0.0,0.0
2015,Hungary,J01X,Other antibacterials,0.272,0.0170770809487603
2016,Hungary,J01A,Tetracyclines,1.14,0.0786957770489693
2016,Hungary,J01B,Amphenicols,0.0,0.0
2016,Hungary,J01C,"Beta-lactam antibacterials, penicillins",4.7,0.3245294847347419
2016,Hungary,J01D,Other beta-lactam antibacterials,2.397,0.1654865443403747
2016,Hungary,J01E,Sulfonamides and trimethoprim,0.52,0.0358490254624803
2016,Hungary,J01F,"Macrolides, lincosamides and streptogramins",2.942,0.2031267296895472
2016,Hungary,J01G,Aminoglycoside antibacterials,0.04,0.002729866612212
2016,Hungary,J01M,Quinolone antibacterials,2.598,0.1793719870383474
2016,Hungary,J01R,Combinations of antibacterials,0.0,0.0
2016,Hungary,J01X,Other antibacterials,0.148,0.0102105850733269
2017,Hungary,J01A,Tetracyclines,1.106,0.0754656450567234
2017,Hungary,J01B,Amphenicols,0.0,0.0
2017,Hungary,J01C,"Beta-lactam antibacterials, penicillins",4.825,0.3293590833147177
2017,Hungary,J01D,Other beta-lactam antibacterials,2.472,0.168745743216045
2017,Hungary,J01E,Sulfonamides and trimethoprim,0.48,0.0327230964426804
2017,Hungary,J01F,"Macrolides, lincosamides and streptogramins",2.938,0.2005259978557005
2017,Hungary,J01G,Aminoglycoside antibacterials,0.04,0.0026868601852312
2017,Hungary,J01M,Quinolone antibacterials,2.624,0.1791279949052406
2017,Hungary,J01R,Combinations of antibacterials,0.0,0.0
2017,Hungary,J01X,Other antibacterials,0.167,0.011365579023661
2018,Hungary,J01A,Tetracyclines,1.15,0.0769858759553115
2018,Hungary,J01B,Amphenicols,0.0,0.0
2018,Hungary,J01C,"Beta-lactam antibacterials, penicillins",4.933,0.3302744750343665
2018,Hungary,J01D,Other beta-lactam antibacterials,2.514,0.1683133347541273
2018,Hungary,J01E,Sulfonamides and trimethoprim,0.4750000000000001,0.0317760373386265
2018,Hungary,J01F,"Macrolides, lincosamides and streptogramins",2.972,0.1989871519916793
2018,Hungary,J01G,Aminoglycoside antibacterials,0.026,0.0017074970852632
2018,Hungary,J01M,Quinolone antibacterials,2.516,0.1684377379218953
2018,Hungary,J01R,Combinations of antibacterials,0.0,0.0
2018,Hungary,J01X,Other antibacterials,0.352,0.0235178899187301
2019,Hungary,J01A,Tetracyclines,1.242,0.0854397709221389
2019,Hungary,J01B,Amphenicols,0.0,0.0
2019,Hungary,J01C,"Beta-lactam antibacterials, penicillins",4.923,0.3386225678208868
2019,Hungary,J01D,Other beta-lactam antibacterials,2.462,0.1693133821214399
2019,Hungary,J01E,Sulfonamides and trimethoprim,0.48,0.032973351413262
2019,Hungary,J01F,"Macrolides, lincosamides and streptogramins",2.938,0.2020697578795218
2019,Hungary,J01G,Aminoglycoside antibacterials,0.03,0.0020431759539791
2019,Hungary,J01M,Quinolone antibacterials,2.086,0.1434705084061556
2019,Hungary,J01R,Combinations of antibacterials,0.0,0.0
2019,Hungary,J01X,Other antibacterials,0.379,0.0260674854826157
2020,Hungary,J01A,Tetracyclines,1.235,0.1089158802422341
2020,Hungary,J01B,Amphenicols,0.0,0.0
2020,Hungary,J01C,"Beta-lactam antibacterials, penicillins",3.421,0.3017250611839885
2020,Hungary,J01D,Other beta-lactam antibacterials,1.819,0.1603817111614663
2020,Hungary,J01E,Sulfonamides and trimethoprim,0.416,0.0366173224923298
2020,Hungary,J01F,"Macrolides, lincosamides and streptogramins",2.45,0.2160673008876023
2020,Hungary,J01G,Aminoglycoside antibacterials,0.037,0.0032093033185531
2020,Hungary,J01M,Quinolone antibacterials,1.56,0.1375896499151955
2020,Hungary,J01R,Combinations of antibacterials,0.0,0.0
2020,Hungary,J01X,Other antibacterials,0.403,0.0354937707986303
2021,Hungary,J01A,Tetracyclines,1.3,0.1079188504008832
2021,Hungary,J01B,Amphenicols,0.0,0.0
2021,Hungary,J01C,"Beta-lactam antibacterials, penicillins",3.537,0.293616016432049
2021,Hungary,J01D,Other beta-lactam antibacterials,1.729,0.1435535900229338
2021,Hungary,J01E,Sulfonamides and trimethoprim,0.408,0.0338505823046765
2021,Hungary,J01F,"Macrolides, lincosamides and streptogramins",3.083,0.2559239494640428
2021,Hungary,J01G,Aminoglycoside antibacterials,0.031,0.002510922442047
2021,Hungary,J01M,Quinolone antibacterials,1.55,0.128618579165463
2021,Hungary,J01R,Combinations of antibacterials,0.0,0.0
2021,Hungary,J01X,Other antibacterials,0.41,0.0340075097679042
2022,Hungary,J01A,Tetracyclines,1.176,0.0810080128388487
2022,Hungary,J01B,Amphenicols,0.0,0.0
2022,Hungary,J01C,"Beta-lactam antibacterials, penicillins",4.683,0.3227194384299484
2022,Hungary,J01D,Other beta-lactam antibacterials,1.931,0.1330772667489451
2022,Hungary,J01E,Sulfonamides and trimethoprim,0.463,0.0318558833166786
2022,Hungary,J01F,"Macrolides, lincosamides and streptogramins",3.931,0.270914099395484
2022,Hungary,J01G,Aminoglycoside antibacterials,0.028,0.001874147135886
2022,Hungary,J01M,Quinolone antibacterials,1.788,0.1232176440982803
2022,Hungary,J01R,Combinations of antibacterials,0.0,0.0
2022,Hungary,J01X,Other antibacterials,0.513,0.0353335080359288
2023,Hungary,J01A,Tetracyclines,1.132,0.0795961661169197
2023,Hungary,J01B,Amphenicols,0.0,0.0
2023,Hungary,J01C,"Beta-lactam antibacterials, penicillins",4.768,0.3354768021251689
2023,Hungary,J01D,Other beta-lactam antibacterials,2.142,0.1506851406773216
2023,Hungary,J01E,Sulfonamides and trimethoprim,0.454,0.0319176423865142
2023,Hungary,J01F,"Macrolides, lincosamides and streptogramins",3.465,0.2437663372500983
2023,Hungary,J01G,Aminoglycoside antibacterials,0.036,0.0024829383308653
2023,Hungary,J01M,Quinolone antibacterials,1.643,0.1155654183813713
2023,Hungary,J01R,Combinations of antibacterials,0.0,0.0
2023,Hungary,J01X,Other antibacterials,0.5760000000000001,0.0405095547317404
2024,Hungary,J01A,Tetracyclines,1.031,0.0748102718287253
2024,Hungary,J01B,Amphenicols,0.0,0.0
2024,Hungary,J01C,"Beta-lactam antibacterials, penicillins",4.844,0.3517271255001925
2024,Hungary,J01D,Other beta-lactam antibacterials,2.208,0.1602814149908858
2024,Hungary,J01E,Sulfonamides and trimethoprim,0.425,0.0308138158420299
2024,Hungary,J01F,"Macrolides, lincosamides and streptogramins",3.299,0.2395290383958983
2024,Hungary,J01G,Aminoglycoside antibacterials,0.036,0.0026057212575437
2024,Hungary,J01M,Quinolone antibacterials,1.361,0.0988054932206221
2024,Hungary,J01R,Combinations of antibacterials,0.0,0.0
2024,Hungary,J01X,Other antibacterials,0.5710000000000001,0.0414271189641023
2000,Iceland,J01A,Tetracyclines,4.746,0.2312332778030189
2000,Iceland,J01B,Amphenicols,0.0,0.0
2000,Iceland,J01C,"Beta-lactam antibacterials, penicillins",10.48,0.5106436838604036
2000,Iceland,J01D,Other beta-lactam antibacterials,0.5670000000000001,0.0276068403056135
2000,Iceland,J01E,Sulfonamides and trimethoprim,2.207,0.1075206445492679
2000,Iceland,J01F,"Macrolides, lincosamides and streptogramins",1.571,0.0765061647615032
2000,Iceland,J01G,Aminoglycoside antibacterials,0.04,0.0019302095631037
2000,Iceland,J01M,Quinolone antibacterials,0.626,0.0304567402477443
2000,Iceland,J01R,Combinations of antibacterials,0.0,0.0
2000,Iceland,J01X,Other antibacterials,0.29,0.0141024389093448
2001,Iceland,J01A,Tetracyclines,4.631,0.2315397902843346
2001,Iceland,J01B,Amphenicols,0.0,0.0
2001,Iceland,J01C,"Beta-lactam antibacterials, penicillins",10.122,0.506115052528929
2001,Iceland,J01D,Other beta-lactam antibacterials,0.526,0.0262957935101448
2001,Iceland,J01E,Sulfonamides and trimethoprim,2.131,0.1065388964206799
2001,Iceland,J01F,"Macrolides, lincosamides and streptogramins",1.525,0.0762180411239289
2001,Iceland,J01G,Aminoglycoside antibacterials,0.038,0.0018740882903261
2001,Iceland,J01M,Quinolone antibacterials,0.711,0.0355045644053641
2001,Iceland,J01R,Combinations of antibacterials,0.0,0.0
2001,Iceland,J01X,Other antibacterials,0.319,0.0159137734362924
2002,Iceland,J01A,Tetracyclines,4.814,0.2331611162380616
2002,Iceland,J01B,Amphenicols,0.0,0.0
2002,Iceland,J01C,"Beta-lactam antibacterials, penicillins",10.694,0.5180492720133898
2002,Iceland,J01D,Other beta-lactam antibacterials,0.539,0.0261023952951549
2002,Iceland,J01E,Sulfonamides and trimethoprim,1.966,0.0952058248617539
2002,Iceland,J01F,"Macrolides, lincosamides and streptogramins",1.546,0.0748561587594555
2002,Iceland,J01G,Aminoglycoside antibacterials,0.037,0.0017848085628955
2002,Iceland,J01M,Quinolone antibacterials,0.715,0.0346054629878576
2002,Iceland,J01R,Combinations of antibacterials,0.0,0.0
2002,Iceland,J01X,Other antibacterials,0.336,0.0162349612814308
2003,Iceland,J01A,Tetracyclines,4.762,0.254116284949773
2003,Iceland,J01B,Amphenicols,0.0,0.0
2003,Iceland,J01C,"Beta-lactam antibacterials, penicillins",9.68,0.5165491886325847
2003,Iceland,J01D,Other beta-lactam antibacterials,0.496,0.0264172687853945
2003,Iceland,J01E,Sulfonamides and trimethoprim,1.924,0.1026729343438262
2003,Iceland,J01F,"Macrolides, lincosamides and streptogramins",0.821,0.0437849596453534
2003,Iceland,J01G,Aminoglycoside antibacterials,0.041,0.0021363879365429
2003,Iceland,J01M,Quinolone antibacterials,0.713,0.0380292421634201
2003,Iceland,J01R,Combinations of antibacterials,0.0,0.0
2003,Iceland,J01X,Other antibacterials,0.306,0.0162937335431049
2004,Iceland,J01A,Tetracyclines,5.184,0.2674009228247467
2004,Iceland,J01B,Amphenicols,0.0,0.0
2004,Iceland,J01C,"Beta-lactam antibacterials, penicillins",8.995000000000001,0.4639503786709541
2004,Iceland,J01D,Other beta-lactam antibacterials,0.434,0.0223858354118418
2004,Iceland,J01E,Sulfonamides and trimethoprim,1.909,0.0984262313821489
2004,Iceland,J01F,"Macrolides, lincosamides and streptogramins",1.678,0.086552012370358
2004,Iceland,J01G,Aminoglycoside antibacterials,0.039,0.0019692870454586
2004,Iceland,J01M,Quinolone antibacterials,0.645,0.0332338338535794
2004,Iceland,J01R,Combinations of antibacterials,0.0,0.0
2004,Iceland,J01X,Other antibacterials,0.506,0.0260814984409123
2005,Iceland,J01A,Tetracyclines,5.46,0.2613244632800165
2005,Iceland,J01B,Amphenicols,0.0,0.0
2005,Iceland,J01C,"Beta-lactam antibacterials, penicillins",9.633,0.4610921810803597
2005,Iceland,J01D,Other beta-lactam antibacterials,0.51,0.0243719678283935
2005,Iceland,J01E,Sulfonamides and trimethoprim,1.968,0.0941812270259568
2005,Iceland,J01F,"Macrolides, lincosamides and streptogramins",1.827,0.0874156716912303
2005,Iceland,J01G,Aminoglycoside antibacterials,0.049,0.0023016645279433
2005,Iceland,J01M,Quinolone antibacterials,0.786,0.037616973995652
2005,Iceland,J01R,Combinations of antibacterials,0.0,0.0
2005,Iceland,J01X,Other antibacterials,0.663,0.0316958505704474
2010,Iceland,J01A,Tetracyclines,5.054,0.2619901130074569
2010,Iceland,J01B,Amphenicols,0.0,0.0
2010,Iceland,J01C,"Beta-lactam antibacterials, penicillins",9.6,0.4976502853400833
2010,Iceland,J01D,Other beta-lactam antibacterials,0.612,0.031689978568454
2010,Iceland,J01E,Sulfonamides and trimethoprim,0.42,0.0217695486456591
2010,Iceland,J01F,"Macrolides, lincosamides and streptogramins",1.559,0.0807897380318675
2010,Iceland,J01G,Aminoglycoside antibacterials,0.0,0.0
2010,Iceland,J01M,Quinolone antibacterials,1.016,0.052634012741145
2010,Iceland,J01R,Combinations of antibacterials,0.0,0.0
2010,Iceland,J01X,Other antibacterials,1.032,0.053476323665334
2011,Iceland,J01A,Tetracyclines,4.891,0.2526126160748036
2011,Iceland,J01B,Amphenicols,0.0,0.0
2011,Iceland,J01C,"Beta-lactam antibacterials, penicillins",9.654,0.4986464676079409
2011,Iceland,J01D,Other beta-lactam antibacterials,0.625,0.0322342571796256
2011,Iceland,J01E,Sulfonamides and trimethoprim,0.503,0.0259307033151419
2011,Iceland,J01F,"Macrolides, lincosamides and streptogramins",1.577,0.0814480007297628
2011,Iceland,J01G,Aminoglycoside antibacterials,0.018,0.0009139597826703
2011,Iceland,J01M,Quinolone antibacterials,1.054,0.0544143885596657
2011,Iceland,J01R,Combinations of antibacterials,0.0,0.0
2011,Iceland,J01X,Other antibacterials,1.042,0.0537996067503889
2012,Iceland,J01A,Tetracyclines,4.78,0.2491628810280699
2012,Iceland,J01B,Amphenicols,0.0,0.0
2012,Iceland,J01C,"Beta-lactam antibacterials, penicillins",9.606,0.5007953073374101
2012,Iceland,J01D,Other beta-lactam antibacterials,0.689,0.0358813684019989
2012,Iceland,J01E,Sulfonamides and trimethoprim,0.486,0.0253029206000188
2012,Iceland,J01F,"Macrolides, lincosamides and streptogramins",1.66,0.0865196892133907
2012,Iceland,J01G,Aminoglycoside antibacterials,0.024,0.0012413154836928
2012,Iceland,J01M,Quinolone antibacterials,1.012,0.0527206131983794
2012,Iceland,J01R,Combinations of antibacterials,0.0,0.0
2012,Iceland,J01X,Other antibacterials,0.928,0.0483759047370392
2013,Iceland,J01A,Tetracyclines,4.667,0.2445574821113848
2013,Iceland,J01B,Amphenicols,0.0,0.0
2013,Iceland,J01C,"Beta-lactam antibacterials, penicillins",9.226,0.4834743593720916
2013,Iceland,J01D,Other beta-lactam antibacterials,0.765,0.0400456899630908
2013,Iceland,J01E,Sulfonamides and trimethoprim,0.453,0.0237153588874597
2013,Iceland,J01F,"Macrolides, lincosamides and streptogramins",1.71,0.0895801646406597
2013,Iceland,J01G,Aminoglycoside antibacterials,0.022,0.001137427913115
2013,Iceland,J01M,Quinolone antibacterials,1.124,0.0588698206023856
2013,Iceland,J01R,Combinations of antibacterials,0.0,0.0
2013,Iceland,J01X,Other antibacterials,1.119,0.0586196965098125
2017,Iceland,J01A,Tetracyclines,5.219,0.2519242566169873
2017,Iceland,J01B,Amphenicols,0.0,0.0
2017,Iceland,J01C,"Beta-lactam antibacterials, penicillins",9.773,0.4718305323590763
2017,Iceland,J01D,Other beta-lactam antibacterials,0.891,0.0429971040919197
2017,Iceland,J01E,Sulfonamides and trimethoprim,0.535,0.025789861801523
2017,Iceland,J01F,"Macrolides, lincosamides and streptogramins",1.841,0.0888723010848333
2017,Iceland,J01G,Aminoglycoside antibacterials,0.026,0.0012285714534009
2017,Iceland,J01M,Quinolone antibacterials,0.913,0.0440453994496316
2017,Iceland,J01R,Combinations of antibacterials,0.0,0.0
2017,Iceland,J01X,Other antibacterials,1.519,0.0733119731426275
2018,Iceland,J01A,Tetracyclines,5.225000000000001,0.2563707776966622
2018,Iceland,J01B,Amphenicols,0.0,0.0
2018,Iceland,J01C,"Beta-lactam antibacterials, penicillins",9.747,0.4782234708725263
2018,Iceland,J01D,Other beta-lactam antibacterials,0.862,0.0422745797851528
2018,Iceland,J01E,Sulfonamides and trimethoprim,0.5680000000000001,0.0278256385988916
2018,Iceland,J01F,"Macrolides, lincosamides and streptogramins",1.792,0.0878836061032123
2018,Iceland,J01G,Aminoglycoside antibacterials,0.027,0.0012992834926765
2018,Iceland,J01M,Quinolone antibacterials,0.907,0.0444674978927554
2018,Iceland,J01R,Combinations of antibacterials,0.0,0.0
2018,Iceland,J01X,Other antibacterials,1.257,0.0616551455581227
2019,Iceland,J01A,Tetracyclines,5.346,0.2770932005143893
2019,Iceland,J01B,Amphenicols,0.0,0.0
2019,Iceland,J01C,"Beta-lactam antibacterials, penicillins",9.085,0.4709010687968789
2019,Iceland,J01D,Other beta-lactam antibacterials,0.799,0.0414009499863772
2019,Iceland,J01E,Sulfonamides and trimethoprim,0.5730000000000001,0.0296868669401174
2019,Iceland,J01F,"Macrolides, lincosamides and streptogramins",1.567,0.0812027790460574
2019,Iceland,J01G,Aminoglycoside antibacterials,0.026,0.0013186825263135
2019,Iceland,J01M,Quinolone antibacterials,0.616,0.0319164299787302
2019,Iceland,J01R,Combinations of antibacterials,0.0,0.0
2019,Iceland,J01X,Other antibacterials,1.283,0.066480022211136
2020,Iceland,J01A,Tetracyclines,4.841,0.293633482579798
2020,Iceland,J01B,Amphenicols,0.0,0.0
2020,Iceland,J01C,"Beta-lactam antibacterials, penicillins",7.432,0.4507732323950394
2020,Iceland,J01D,Other beta-lactam antibacterials,0.754,0.0457195686911423
2020,Iceland,J01E,Sulfonamides and trimethoprim,0.536,0.0324811225948019
2020,Iceland,J01F,"Macrolides, lincosamides and streptogramins",1.293,0.0784173550330284
2020,Iceland,J01G,Aminoglycoside antibacterials,0.032,0.0019320195050749
2020,Iceland,J01M,Quinolone antibacterials,0.532,0.0322417127936424
2020,Iceland,J01R,Combinations of antibacterials,0.0,0.0
2020,Iceland,J01X,Other antibacterials,1.069,0.0648015064074724
2021,Iceland,J01A,Tetracyclines,4.437,0.2648437042971021
2021,Iceland,J01B,Amphenicols,0.0,0.0
2021,Iceland,J01C,"Beta-lactam antibacterials, penicillins",7.95,0.4745271969923986
2021,Iceland,J01D,Other beta-lactam antibacterials,0.8290000000000002,0.0494498639583291
2021,Iceland,J01E,Sulfonamides and trimethoprim,0.5630000000000001,0.0335975172245827
2021,Iceland,J01F,"Macrolides, lincosamides and streptogramins",1.193,0.071159165770268
2021,Iceland,J01G,Aminoglycoside antibacterials,0.022,0.0013093190036902
2021,Iceland,J01M,Quinolone antibacterials,0.496,0.0296067625663941
2021,Iceland,J01R,Combinations of antibacterials,0.0,0.0
2021,Iceland,J01X,Other antibacterials,1.265,0.0755064701872348
2022,Iceland,J01A,Tetracyclines,4.648,0.2498159746922666
2022,Iceland,J01B,Amphenicols,0.0,0.0
2022,Iceland,J01C,"Beta-lactam antibacterials, penicillins",9.13,0.4907647061258428
2022,Iceland,J01D,Other beta-lactam antibacterials,1.038,0.0557667776704957
2022,Iceland,J01E,Sulfonamides and trimethoprim,0.553,0.0297234268826448
2022,Iceland,J01F,"Macrolides, lincosamides and streptogramins",1.39,0.0747004861450567
2022,Iceland,J01G,Aminoglycoside antibacterials,0.021,0.0010961688599989
2022,Iceland,J01M,Quinolone antibacterials,0.505,0.0271274779713925
2022,Iceland,J01R,Combinations of antibacterials,0.0,0.0
2022,Iceland,J01X,Other antibacterials,1.321,0.0710049816523018
2023,Iceland,J01A,Tetracyclines,4.133,0.2230363013398855
2023,Iceland,J01B,Amphenicols,0.0,0.0
2023,Iceland,J01C,"Beta-lactam antibacterials, penicillins",9.131,0.4927441195341553
2023,Iceland,J01D,Other beta-lactam antibacterials,1.238,0.066803339710965
2023,Iceland,J01E,Sulfonamides and trimethoprim,0.582,0.0313641215017895
2023,Iceland,J01F,"Macrolides, lincosamides and streptogramins",1.479,0.0798024076481498
2023,Iceland,J01G,Aminoglycoside antibacterials,0.029,0.0015501460426024
2023,Iceland,J01M,Quinolone antibacterials,0.471,0.0253812938862432
2023,Iceland,J01R,Combinations of antibacterials,0.0,0.0
2023,Iceland,J01X,Other antibacterials,1.47,0.0793182703362091
2024,Iceland,J01A,Tetracyclines,4.834000000000001,0.2436597555597438
2024,Iceland,J01B,Amphenicols,0.0,0.0
2024,Iceland,J01C,"Beta-lactam antibacterials, penicillins",9.384,0.4729903381542672
2024,Iceland,J01D,Other beta-lactam antibacterials,1.054,0.0530841746541039
2024,Iceland,J01E,Sulfonamides and trimethoprim,0.635,0.0319633759505294
2024,Iceland,J01F,"Macrolides, lincosamides and streptogramins",1.814,0.0914227648403116
2024,Iceland,J01G,Aminoglycoside antibacterials,0.029,0.0014579695319451
2024,Iceland,J01M,Quinolone antibacterials,0.449,0.0226025098912223
2024,Iceland,J01R,Combinations of antibacterials,0.0,0.0
2024,Iceland,J01X,Other antibacterials,1.644,0.0828191114178763
2004,Ireland,J01A,Tetracyclines,3.852,0.2110499841542096
2004,Ireland,J01B,Amphenicols,0.001,1.643754194312786e-07
2004,Ireland,J01C,"Beta-lactam antibacterials, penicillins",7.443,0.4077962384767352
2004,Ireland,J01D,Other beta-lactam antibacterials,1.968,0.1078220563759472
2004,Ireland,J01E,Sulfonamides and trimethoprim,0.86,0.0470960780901592
2004,Ireland,J01F,"Macrolides, lincosamides and streptogramins",2.985,0.1635071336740361
2004,Ireland,J01G,Aminoglycoside antibacterials,0.039,0.0021117858052401
2004,Ireland,J01M,Quinolone antibacterials,0.803,0.0439557404937311
2004,Ireland,J01R,Combinations of antibacterials,0.0,0.0
2004,Ireland,J01X,Other antibacterials,0.305,0.016660818554522
2005,Ireland,J01A,Tetracyclines,3.278,0.1783754057213514
2005,Ireland,J01B,Amphenicols,0.001,3.26536298863436e-07
2005,Ireland,J01C,"Beta-lactam antibacterials, penicillins",7.734,0.4208849351390065
2005,Ireland,J01D,Other beta-lactam antibacterials,1.874,0.1019551360894448
2005,Ireland,J01E,Sulfonamides and trimethoprim,0.935,0.0508629810151795
2005,Ireland,J01F,"Macrolides, lincosamides and streptogramins",3.234,0.1759625745863329
2005,Ireland,J01G,Aminoglycoside antibacterials,0.037,0.0019889870190936
2005,Ireland,J01M,Quinolone antibacterials,0.909,0.0494473373141736
2005,Ireland,J01R,Combinations of antibacterials,0.0,0.0
2005,Ireland,J01X,Other antibacterials,0.378,0.0205223165791186
2006,Ireland,J01A,Tetracyclines,3.386,0.1682447426452685
2006,Ireland,J01B,Amphenicols,0.001,6.906784250941856e-06
2006,Ireland,J01C,"Beta-lactam antibacterials, penicillins",8.412,0.4179824339110187
2006,Ireland,J01D,Other beta-lactam antibacterials,2.029,0.1007755473999187
2006,Ireland,J01E,Sulfonamides and trimethoprim,0.988,0.0490875591424457
2006,Ireland,J01F,"Macrolides, lincosamides and streptogramins",3.845,0.1910108948310421
2006,Ireland,J01G,Aminoglycoside antibacterials,0.078,0.0038647184566169
2006,Ireland,J01M,Quinolone antibacterials,1.138,0.0564993833583269
2006,Ireland,J01R,Combinations of antibacterials,0.0,0.0
2006,Ireland,J01X,Other antibacterials,0.253,0.0125278134711112
2007,Ireland,J01A,Tetracyclines,3.332,0.1615934942441816
2007,Ireland,J01B,Amphenicols,0.001,2.570471164454478e-06
2007,Ireland,J01C,"Beta-lactam antibacterials, penicillins",8.823,0.4278922214050603
2007,Ireland,J01D,Other beta-lactam antibacterials,2.043,0.0990627577139839
2007,Ireland,J01E,Sulfonamides and trimethoprim,0.722,0.0349834820552983
2007,Ireland,J01F,"Macrolides, lincosamides and streptogramins",4.288,0.2079475282446282
2007,Ireland,J01G,Aminoglycoside antibacterials,0.043,0.0020758737128486
2007,Ireland,J01M,Quinolone antibacterials,1.161,0.0563030668921956
2007,Ireland,J01R,Combinations of antibacterials,0.0,0.0
2007,Ireland,J01X,Other antibacterials,0.21,0.0101390052606389
2008,Ireland,J01A,Tetracyclines,3.209,0.1547608648034244
2008,Ireland,J01B,Amphenicols,0.001,1.881228040581851e-06
2008,Ireland,J01C,"Beta-lactam antibacterials, penicillins",8.898,0.4291878511836711
2008,Ireland,J01D,Other beta-lactam antibacterials,1.685,0.0812643724013427
2008,Ireland,J01E,Sulfonamides and trimethoprim,1.04,0.0501209798458251
2008,Ireland,J01F,"Macrolides, lincosamides and streptogramins",4.347,0.2096381197386212
2008,Ireland,J01G,Aminoglycoside antibacterials,0.123,0.0059325732175159
2008,Ireland,J01M,Quinolone antibacterials,1.195,0.0576009837182607
2008,Ireland,J01R,Combinations of antibacterials,0.0,0.0
2008,Ireland,J01X,Other antibacterials,0.239,0.0114923738632981
2009,Ireland,J01A,Tetracyclines,2.757,0.1448942769814153
2009,Ireland,J01B,Amphenicols,0.001,4.467728728131717e-06
2009,Ireland,J01C,"Beta-lactam antibacterials, penicillins",8.322000000000001,0.4374144002886258
2009,Ireland,J01D,Other beta-lactam antibacterials,1.437,0.0754843793223633
2009,Ireland,J01E,Sulfonamides and trimethoprim,1.169,0.0614017830022054
2009,Ireland,J01F,"Macrolides, lincosamides and streptogramins",3.987,0.2095389477405566
2009,Ireland,J01G,Aminoglycoside antibacterials,0.115,0.0060141936062386
2009,Ireland,J01M,Quinolone antibacterials,1.039,0.0545740422753311
2009,Ireland,J01R,Combinations of antibacterials,0.0,0.0
2009,Ireland,J01X,Other antibacterials,0.204,0.0106735090545355
2010,Ireland,J01A,Tetracyclines,2.617,0.1404980708643851
2010,Ireland,J01B,Amphenicols,0.001,4.348951024959167e-06
2010,Ireland,J01C,"Beta-lactam antibacterials, penicillins",8.52,0.4574332995743773
2010,Ireland,J01D,Other beta-lactam antibacterials,1.356,0.0727667559311235
2010,Ireland,J01E,Sulfonamides and trimethoprim,0.876,0.0470327778291121
2010,Ireland,J01F,"Macrolides, lincosamides and streptogramins",3.923,0.2106138995374058
2010,Ireland,J01G,Aminoglycoside antibacterials,0.071,0.0037649030095331
2010,Ireland,J01M,Quinolone antibacterials,1.027,0.0550968605352076
2010,Ireland,J01R,Combinations of antibacterials,0.0,0.0
2010,Ireland,J01X,Other antibacterials,0.239,0.0127890837678302
2011,Ireland,J01A,Tetracyclines,2.807,0.137197272973307
2011,Ireland,J01B,Amphenicols,0.001,5.084234024945599e-06
2011,Ireland,J01C,"Beta-lactam antibacterials, penicillins",9.599,0.4692519214493666
2011,Ireland,J01D,Other beta-lactam antibacterials,1.351,0.0660405334691215
2011,Ireland,J01E,Sulfonamides and trimethoprim,0.912,0.0445808616134073
2011,Ireland,J01F,"Macrolides, lincosamides and streptogramins",4.445,0.2172829540494751
2011,Ireland,J01G,Aminoglycoside antibacterials,0.067,0.0032290263613623
2011,Ireland,J01M,Quinolone antibacterials,1.046,0.0511252974276904
2011,Ireland,J01R,Combinations of antibacterials,0.0,0.0
2011,Ireland,J01X,Other antibacterials,0.231,0.0112870484222448
2012,Ireland,J01A,Tetracyclines,2.952,0.1425829876420645
2012,Ireland,J01B,Amphenicols,0.001,5.023786663739989e-06
2012,Ireland,J01C,"Beta-lactam antibacterials, penicillins",9.763,0.4716046399693627
2012,Ireland,J01D,Other beta-lactam antibacterials,1.384,0.0668095515323612
2012,Ireland,J01E,Sulfonamides and trimethoprim,0.909,0.0438900223539184
2012,Ireland,J01F,"Macrolides, lincosamides and streptogramins",4.428,0.2138813408641184
2012,Ireland,J01G,Aminoglycoside antibacterials,0.068,0.0032657028596359
2012,Ireland,J01M,Quinolone antibacterials,0.986,0.0476225992337952
2012,Ireland,J01R,Combinations of antibacterials,0.0,0.0
2012,Ireland,J01X,Other antibacterials,0.215,0.0103381317580799
2013,Ireland,J01A,Tetracyclines,2.986,0.1400893868873798
2013,Ireland,J01B,Amphenicols,0.001,5.771982207090557e-06
2013,Ireland,J01C,"Beta-lactam antibacterials, penicillins",10.15,0.4763047694827511
2013,Ireland,J01D,Other beta-lactam antibacterials,1.517,0.0711801315045253
2013,Ireland,J01E,Sulfonamides and trimethoprim,0.707,0.0331409855457833
2013,Ireland,J01F,"Macrolides, lincosamides and streptogramins",4.655,0.2184110089626683
2013,Ireland,J01G,Aminoglycoside antibacterials,0.071,0.0033062664909168
2013,Ireland,J01M,Quinolone antibacterials,0.98,0.0459596664207239
2013,Ireland,J01R,Combinations of antibacterials,0.0,0.0
2013,Ireland,J01X,Other antibacterials,0.248,0.0116020127230442
2014,Ireland,J01A,Tetracyclines,2.748,0.1329764652110206
2014,Ireland,J01B,Amphenicols,0.001,5.710870807131891e-06
2014,Ireland,J01C,"Beta-lactam antibacterials, penicillins",10.25,0.496023298029827
2014,Ireland,J01D,Other beta-lactam antibacterials,1.274,0.0616486083769376
2014,Ireland,J01E,Sulfonamides and trimethoprim,0.728,0.0352135681772468
2014,Ireland,J01F,"Macrolides, lincosamides and streptogramins",4.424,0.2140863661767772
2014,Ireland,J01G,Aminoglycoside antibacterials,0.062,0.0029696044224983
2014,Ireland,J01M,Quinolone antibacterials,0.94,0.0454579508582471
2014,Ireland,J01R,Combinations of antibacterials,0.0,0.0
2014,Ireland,J01X,Other antibacterials,0.241,0.0116184278766382
2015,Ireland,J01A,Tetracyclines,2.611,0.1144507014868938
2015,Ireland,J01B,Amphenicols,0.001,5.481239930140063e-06
2015,Ireland,J01C,"Beta-lactam antibacterials, penicillins",12.139,0.5322911026014009
2015,Ireland,J01D,Other beta-lactam antibacterials,1.34,0.0587324505496784
2015,Ireland,J01E,Sulfonamides and trimethoprim,0.906,0.039686764239461
2015,Ireland,J01F,"Macrolides, lincosamides and streptogramins",4.468,0.1959087674362079
2015,Ireland,J01G,Aminoglycoside antibacterials,0.088,0.0038444539871613
2015,Ireland,J01M,Quinolone antibacterials,1.033,0.0452540377115446
2015,Ireland,J01R,Combinations of antibacterials,0.0,0.0
2015,Ireland,J01X,Other antibacterials,0.225,0.0098262407477218
2016,Ireland,J01A,Tetracyclines,2.579,0.1170196072950522
2016,Ireland,J01B,Amphenicols,0.001,1.470220413266252e-05
2016,Ireland,J01C,"Beta-lactam antibacterials, penicillins",11.035,0.5007112418135042
2016,Ireland,J01D,Other beta-lactam antibacterials,1.34,0.0607748279388344
2016,Ireland,J01E,Sulfonamides and trimethoprim,1.152,0.0522616618427706
2016,Ireland,J01F,"Macrolides, lincosamides and streptogramins",4.648,0.2109117853231345
2016,Ireland,J01G,Aminoglycoside antibacterials,0.089,0.0040140193684296
2016,Ireland,J01M,Quinolone antibacterials,0.976,0.0442554041490709
2016,Ireland,J01R,Combinations of antibacterials,0.0,0.0
2016,Ireland,J01X,Other antibacterials,0.222,0.0100367500650708
2017,Ireland,J01A,Tetracyclines,2.825,0.1352490045735319
2017,Ireland,J01B,Amphenicols,0.001,5.410707147821859e-06
2017,Ireland,J01C,"Beta-lactam antibacterials, penicillins",10.272,0.4918283478535006
2017,Ireland,J01D,Other beta-lactam antibacterials,1.264,0.0604979306199866
2017,Ireland,J01E,Sulfonamides and trimethoprim,0.899,0.0430178990023039
2017,Ireland,J01F,"Macrolides, lincosamides and streptogramins",4.41,0.2111537083263026
2017,Ireland,J01G,Aminoglycoside antibacterials,0.101,0.004834538660125
2017,Ireland,J01M,Quinolone antibacterials,0.902,0.0431664300958662
2017,Ireland,J01R,Combinations of antibacterials,0.0,0.0
2017,Ireland,J01X,Other antibacterials,0.214,0.0102467301612352
2018,Ireland,J01A,Tetracyclines,2.647,0.1185666712855214
2018,Ireland,J01B,Amphenicols,0.001,7.839956999403852e-06
2018,Ireland,J01C,"Beta-lactam antibacterials, penicillins",10.505,0.4706055596226266
2018,Ireland,J01D,Other beta-lactam antibacterials,1.331,0.059624261772849
2018,Ireland,J01E,Sulfonamides and trimethoprim,1.079,0.0483378596765072
2018,Ireland,J01F,"Macrolides, lincosamides and streptogramins",4.255,0.1906171305031627
2018,Ireland,J01G,Aminoglycoside antibacterials,0.1,0.0044735242636141
2018,Ireland,J01M,Quinolone antibacterials,0.859,0.0384714753916517
2018,Ireland,J01R,Combinations of antibacterials,0.0,0.0
2018,Ireland,J01X,Other antibacterials,1.547,0.0692956775270679
2019,Ireland,J01A,Tetracyclines,3.012,0.1330930138166414
2019,Ireland,J01B,Amphenicols,0.001,3.93290290877941e-06
2019,Ireland,J01C,"Beta-lactam antibacterials, penicillins",10.831,0.4786140008250258
2019,Ireland,J01D,Other beta-lactam antibacterials,1.367,0.0603870285791681
2019,Ireland,J01E,Sulfonamides and trimethoprim,1.061,0.0468452042557544
2019,Ireland,J01F,"Macrolides, lincosamides and streptogramins",4.056,0.1792087308676978
2019,Ireland,J01G,Aminoglycoside antibacterials,0.105,0.0045972983608411
2019,Ireland,J01M,Quinolone antibacterials,0.622,0.0274596164889384
2019,Ireland,J01R,Combinations of antibacterials,0.0,0.0
2019,Ireland,J01X,Other antibacterials,1.58,0.0697911739030238
2020,Ireland,J01A,Tetracyclines,2.993,0.162698639682742
2020,Ireland,J01B,Amphenicols,0.001,1.033080768646891e-06
2020,Ireland,J01C,"Beta-lactam antibacterials, penicillins",7.959,0.4327494868307213
2020,Ireland,J01D,Other beta-lactam antibacterials,1.152,0.0626063801328346
2020,Ireland,J01E,Sulfonamides and trimethoprim,1.102,0.059885734742267
2020,Ireland,J01F,"Macrolides, lincosamides and streptogramins",3.082,0.1675672231093426
2020,Ireland,J01G,Aminoglycoside antibacterials,0.078,0.004193818566658
2020,Ireland,J01M,Quinolone antibacterials,0.473,0.0257106616980194
2020,Ireland,J01R,Combinations of antibacterials,0.0,0.0
2020,Ireland,J01X,Other antibacterials,1.556,0.0845870221566463
2021,Ireland,J01A,Tetracyclines,2.97,0.1688325568449528
2021,Ireland,J01B,Amphenicols,0.001,2.728776034797352e-06
2021,Ireland,J01C,"Beta-lactam antibacterials, penicillins",7.842,0.4457807551250962
2021,Ireland,J01D,Other beta-lactam antibacterials,1.146,0.0650995002701488
2021,Ireland,J01E,Sulfonamides and trimethoprim,1.007,0.0572143039710968
2021,Ireland,J01F,"Macrolides, lincosamides and streptogramins",2.626,0.1492386942260918
2021,Ireland,J01G,Aminoglycoside antibacterials,0.071,0.0040217042297847
2021,Ireland,J01M,Quinolone antibacterials,0.422,0.0239477953308822
2021,Ireland,J01R,Combinations of antibacterials,0.0,0.0
2021,Ireland,J01X,Other antibacterials,1.511,0.0858619612259117
2022,Ireland,J01A,Tetracyclines,3.802,0.1673368335797558
2022,Ireland,J01B,Amphenicols,0.001,2.201117516167429e-06
2022,Ireland,J01C,"Beta-lactam antibacterials, penicillins",10.976,0.4831620232918734
2022,Ireland,J01D,Other beta-lactam antibacterials,1.521,0.0669361157337024
2022,Ireland,J01E,Sulfonamides and trimethoprim,0.934,0.0411019516252479
2022,Ireland,J01F,"Macrolides, lincosamides and streptogramins",3.466,0.1525711209684002
2022,Ireland,J01G,Aminoglycoside antibacterials,0.071,0.00309050105975
2022,Ireland,J01M,Quinolone antibacterials,0.44,0.0193511246433859
2022,Ireland,J01R,Combinations of antibacterials,0.0,0.0
2022,Ireland,J01X,Other antibacterials,1.51,0.0664481279803681
2023,Ireland,J01A,Tetracyclines,3.995,0.1781500937075546
2023,Ireland,J01B,Amphenicols,0.001,2.274455210000895e-06
2023,Ireland,J01C,"Beta-lactam antibacterials, penicillins",11.375,0.5072678209363334
2023,Ireland,J01D,Other beta-lactam antibacterials,0.769,0.0342925409642762
2023,Ireland,J01E,Sulfonamides and trimethoprim,0.9530000000000002,0.0424878490575192
2023,Ireland,J01F,"Macrolides, lincosamides and streptogramins",3.296,0.1469628976595053
2023,Ireland,J01G,Aminoglycoside antibacterials,0.071,0.0031315680468833
2023,Ireland,J01M,Quinolone antibacterials,0.431,0.0192009508828275
2023,Ireland,J01R,Combinations of antibacterials,0.0,0.0
2023,Ireland,J01X,Other antibacterials,1.537,0.0685040042898901
2024,Ireland,J01A,Tetracyclines,4.265,0.1856819680700779
2024,Ireland,J01B,Amphenicols,0.001,4.354052571440315e-07
2024,Ireland,J01C,"Beta-lactam antibacterials, penicillins",11.33,0.4933118051557991
2024,Ireland,J01D,Other beta-lactam antibacterials,1.116,0.0485754650269653
2024,Ireland,J01E,Sulfonamides and trimethoprim,0.886,0.0385340619056582
2024,Ireland,J01F,"Macrolides, lincosamides and streptogramins",3.505,0.1525724461010743
2024,Ireland,J01G,Aminoglycoside antibacterials,0.077,0.0033360750802375
2024,Ireland,J01M,Quinolone antibacterials,0.395,0.0171771727995891
2024,Ireland,J01R,Combinations of antibacterials,0.0,0.0
2024,Ireland,J01X,Other antibacterials,1.397,0.0608105704553411
2005,Italy,J01A,Tetracyclines,0.473,0.0212200907196744
2005,Italy,J01B,Amphenicols,0.066,0.0029484658278469
2005,Italy,J01C,"Beta-lactam antibacterials, penicillins",8.952,0.4023483902655727
2005,Italy,J01D,Other beta-lactam antibacterials,3.135,0.1409025170255575
2005,Italy,J01E,Sulfonamides and trimethoprim,0.595,0.0267388064954071
2005,Italy,J01F,"Macrolides, lincosamides and streptogramins",4.997,0.224568633889635
2005,Italy,J01G,Aminoglycoside antibacterials,0.058,0.0025969025939721
2005,Italy,J01M,Quinolone antibacterials,3.331,0.1496687206433239
2005,Italy,J01R,Combinations of antibacterials,0.0,0.0
2005,Italy,J01X,Other antibacterials,0.646,0.0290074725390101
2007,Italy,J01A,Tetracyclines,0.512,0.02104423187603
2007,Italy,J01B,Amphenicols,0.073,0.0029727020810025
2007,Italy,J01C,"Beta-lactam antibacterials, penicillins",10.523,0.4330481307850639
2007,Italy,J01D,Other beta-lactam antibacterials,2.946,0.121203682193233
2007,Italy,J01E,Sulfonamides and trimethoprim,0.553,0.0227379156557412
2007,Italy,J01F,"Macrolides, lincosamides and streptogramins",5.028,0.2069052337524366
2007,Italy,J01G,Aminoglycoside antibacterials,0.081,0.0033199576692227
2007,Italy,J01M,Quinolone antibacterials,3.781,0.1555770058197617
2007,Italy,J01R,Combinations of antibacterials,0.0,0.0
2007,Italy,J01X,Other antibacterials,0.807,0.0331911401675082
2008,Italy,J01A,Tetracyclines,0.557,0.0222765352534416
2008,Italy,J01B,Amphenicols,0.047,0.0018649973595348
2008,Italy,J01C,"Beta-lactam antibacterials, penicillins",10.817,0.4329779182823579
2008,Italy,J01D,Other beta-lactam antibacterials,3.118,0.1248020751938339
2008,Italy,J01E,Sulfonamides and trimethoprim,0.002,5.043562570857552e-05
2008,Italy,J01F,"Macrolides, lincosamides and streptogramins",5.482,0.2194283153848553
2008,Italy,J01G,Aminoglycoside antibacterials,0.121,0.0048087166851177
2008,Italy,J01M,Quinolone antibacterials,3.909,0.1564411037380364
2008,Italy,J01R,Combinations of antibacterials,0.0,0.0
2008,Italy,J01X,Other antibacterials,0.934,0.0373499024771137
2010,Italy,J01A,Tetracyclines,0.5630000000000001,0.0232660349398627
2010,Italy,J01B,Amphenicols,0.059,0.0024244614533754
2010,Italy,J01C,"Beta-lactam antibacterials, penicillins",10.423,0.4311743315035489
2010,Italy,J01D,Other beta-lactam antibacterials,2.917,0.1206497007317029
2010,Italy,J01E,Sulfonamides and trimethoprim,0.003,8.840518250457716e-05
2010,Italy,J01F,"Macrolides, lincosamides and streptogramins",5.281,0.2184604996584797
2010,Italy,J01G,Aminoglycoside antibacterials,0.087,0.0035623937674387
2010,Italy,J01M,Quinolone antibacterials,3.924,0.1623159692234132
2010,Italy,J01R,Combinations of antibacterials,0.0,0.0
2010,Italy,J01X,Other antibacterials,0.92,0.038058203539674
2011,Italy,J01A,Tetracyclines,0.538,0.0217715211802223
2011,Italy,J01B,Amphenicols,0.064,0.0025849121692116
2011,Italy,J01C,"Beta-lactam antibacterials, penicillins",11.015,0.4461687949428857
2011,Italy,J01D,Other beta-lactam antibacterials,2.891,0.11707166540578
2011,Italy,J01E,Sulfonamides and trimethoprim,0.002,6.254473123022083e-05
2011,Italy,J01F,"Macrolides, lincosamides and streptogramins",5.113,0.207088157122735
2011,Italy,J01G,Aminoglycoside antibacterials,0.067,0.0026900310665837
2011,Italy,J01M,Quinolone antibacterials,3.894,0.157707471486651
2011,Italy,J01R,Combinations of antibacterials,0.0,0.0
2011,Italy,J01X,Other antibacterials,1.108,0.0448549018947002
2012,Italy,J01A,Tetracyclines,0.558,0.0230144178239219
2012,Italy,J01B,Amphenicols,0.061,0.0025120898895228
2012,Italy,J01C,"Beta-lactam antibacterials, penicillins",10.911,0.4506590709600236
2012,Italy,J01D,Other beta-lactam antibacterials,2.781,0.1148477238344209
2012,Italy,J01E,Sulfonamides and trimethoprim,0.001,4.254349111640275e-06
2012,Italy,J01F,"Macrolides, lincosamides and streptogramins",4.883,0.2016601131103385
2012,Italy,J01G,Aminoglycoside antibacterials,0.079,0.0032440031541661
2012,Italy,J01M,Quinolone antibacterials,3.914,0.1616541966737681
2012,Italy,J01R,Combinations of antibacterials,0.0,0.0
2012,Italy,J01X,Other antibacterials,1.027,0.0424041302047263
2013,Italy,J01A,Tetracyclines,0.579,0.0233455384426256
2013,Italy,J01B,Amphenicols,0.065,0.002601396757956
2013,Italy,J01C,"Beta-lactam antibacterials, penicillins",11.386,0.4592035375672522
2013,Italy,J01D,Other beta-lactam antibacterials,2.896,0.1167837138583757
2013,Italy,J01E,Sulfonamides and trimethoprim,0.0,0.0
2013,Italy,J01F,"Macrolides, lincosamides and streptogramins",4.987,0.2011291608272134
2013,Italy,J01G,Aminoglycoside antibacterials,0.075,0.0029882244034319
2013,Italy,J01M,Quinolone antibacterials,3.976,0.1603247529199417
2013,Italy,J01R,Combinations of antibacterials,0.0,0.0
2013,Italy,J01X,Other antibacterials,0.834,0.0336236752232033
2014,Italy,J01A,Tetracyclines,0.608,0.0252378836558799
2014,Italy,J01B,Amphenicols,0.064,0.002616451412552
2014,Italy,J01C,"Beta-lactam antibacterials, penicillins",11.086,0.4601877895253187
2014,Italy,J01D,Other beta-lactam antibacterials,2.748,0.1140638061941226
2014,Italy,J01E,Sulfonamides and trimethoprim,0.0,0.0
2014,Italy,J01F,"Macrolides, lincosamides and streptogramins",4.86,0.2017513361541436
2014,Italy,J01G,Aminoglycoside antibacterials,0.072,0.0029544156011343
2014,Italy,J01M,Quinolone antibacterials,3.806,0.1579808431054496
2014,Italy,J01R,Combinations of antibacterials,0.0,0.0
2014,Italy,J01X,Other antibacterials,0.849,0.0352074743513991
2015,Italy,J01A,Tetracyclines,0.5760000000000001,0.0239080581039818
2015,Italy,J01B,Amphenicols,0.059,0.0024377802986279
2015,Italy,J01C,"Beta-lactam antibacterials, penicillins",11.005,0.4570898912014528
2015,Italy,J01D,Other beta-lactam antibacterials,2.69,0.1117045354950432
2015,Italy,J01E,Sulfonamides and trimethoprim,0.0,0.0
2015,Italy,J01F,"Macrolides, lincosamides and streptogramins",4.803,0.1994836087738325
2015,Italy,J01G,Aminoglycoside antibacterials,0.286,0.0118387423846624
2015,Italy,J01M,Quinolone antibacterials,3.804,0.1579998479736255
2015,Italy,J01R,Combinations of antibacterials,0.0,0.0
2015,Italy,J01X,Other antibacterials,0.856,0.0355375357687737
2016,Italy,J01A,Tetracyclines,0.591,0.0245884609776645
2016,Italy,J01B,Amphenicols,0.054,0.0022451897979574
2016,Italy,J01C,"Beta-lactam antibacterials, penicillins",10.921,0.4546962542365077
2016,Italy,J01D,Other beta-lactam antibacterials,2.559,0.1065112211192815
2016,Italy,J01E,Sulfonamides and trimethoprim,0.4140000000000001,0.0172203663466929
2016,Italy,J01F,"Macrolides, lincosamides and streptogramins",4.518,0.188084410309695
2016,Italy,J01G,Aminoglycoside antibacterials,0.487,0.0202418901079831
2016,Italy,J01M,Quinolone antibacterials,3.627,0.1510041171597285
2016,Italy,J01R,Combinations of antibacterials,0.0,0.0
2016,Italy,J01X,Other antibacterials,0.851,0.0354080899444891
2017,Italy,J01A,Tetracyclines,0.51,0.0243797912244154
2017,Italy,J01B,Amphenicols,0.052,0.0024645058260695
2017,Italy,J01C,"Beta-lactam antibacterials, penicillins",9.36,0.4476724659034284
2017,Italy,J01D,Other beta-lactam antibacterials,2.331,0.111484044230815
2017,Italy,J01E,Sulfonamides and trimethoprim,0.781,0.0373481733643006
2017,Italy,J01F,"Macrolides, lincosamides and streptogramins",3.936,0.1882168631202004
2017,Italy,J01G,Aminoglycoside antibacterials,0.069,0.0032660944054101
2017,Italy,J01M,Quinolone antibacterials,3.073,0.1469560727162665
2017,Italy,J01R,Combinations of antibacterials,0.0,0.0
2017,Italy,J01X,Other antibacterials,0.799,0.0382119892090938
2018,Italy,J01A,Tetracyclines,0.55,0.0256596235373221
2018,Italy,J01B,Amphenicols,0.053,0.0024571576524945
2018,Italy,J01C,"Beta-lactam antibacterials, penicillins",9.477,0.4427374905895544
2018,Italy,J01D,Other beta-lactam antibacterials,2.501,0.1168166965250052
2018,Italy,J01E,Sulfonamides and trimethoprim,0.851,0.0397194857918505
2018,Italy,J01F,"Macrolides, lincosamides and streptogramins",4.051,0.1892371131439013
2018,Italy,J01G,Aminoglycoside antibacterials,0.068,0.0031436985450565
2018,Italy,J01M,Quinolone antibacterials,3.013,0.1407509276361138
2018,Italy,J01R,Combinations of antibacterials,0.0,0.0
2018,Italy,J01X,Other antibacterials,0.845,0.0394778065787016
2019,Italy,J01A,Tetracyclines,0.593,0.0273072360682486
2019,Italy,J01B,Amphenicols,0.056,0.0025383613232791
2019,Italy,J01C,"Beta-lactam antibacterials, penicillins",9.81,0.452345524071132
2019,Italy,J01D,Other beta-lactam antibacterials,2.729,0.1258011060220301
2019,Italy,J01E,Sulfonamides and trimethoprim,1.018,0.0469028727023278
2019,Italy,J01F,"Macrolides, lincosamides and streptogramins",4.261,0.1964589107890916
2019,Italy,J01G,Aminoglycoside antibacterials,0.058,0.0026685857242699
2019,Italy,J01M,Quinolone antibacterials,2.245,0.1034895251439155
2019,Italy,J01R,Combinations of antibacterials,0.0,0.0
2019,Italy,J01X,Other antibacterials,0.922,0.0424878781557052
2020,Italy,J01A,Tetracyclines,0.624,0.0338652958747169
2020,Italy,J01B,Amphenicols,0.042,0.0022299062321877
2020,Italy,J01C,"Beta-lactam antibacterials, penicillins",7.836,0.4254531964315201
2020,Italy,J01D,Other beta-lactam antibacterials,2.132,0.115748510495291
2020,Italy,J01E,Sulfonamides and trimethoprim,1.05,0.0570041161443071
2020,Italy,J01F,"Macrolides, lincosamides and streptogramins",3.879,0.2105979353520502
2020,Italy,J01G,Aminoglycoside antibacterials,0.057,0.003054785830229
2020,Italy,J01M,Quinolone antibacterials,1.874,0.1017118735909348
2020,Italy,J01R,Combinations of antibacterials,0.0,0.0
2020,Italy,J01X,Other antibacterials,0.927,0.0503343800487629
2021,Italy,J01A,Tetracyclines,0.685,0.039046091990458
2021,Italy,J01B,Amphenicols,0.026,0.0014537036466509
2021,Italy,J01C,"Beta-lactam antibacterials, penicillins",7.571,0.431918859146158
2021,Italy,J01D,Other beta-lactam antibacterials,2.006,0.1144395105240613
2021,Italy,J01E,Sulfonamides and trimethoprim,1.033,0.0589177301866697
2021,Italy,J01F,"Macrolides, lincosamides and streptogramins",3.416,0.1948457533710749
2021,Italy,J01G,Aminoglycoside antibacterials,0.054,0.0030615067261749
2021,Italy,J01M,Quinolone antibacterials,1.771,0.1010027930736156
2021,Italy,J01R,Combinations of antibacterials,0.0,0.0
2021,Italy,J01X,Other antibacterials,0.97,0.0553140513351366
2022,Italy,J01A,Tetracyclines,0.673,0.0307939036554838
2022,Italy,J01B,Amphenicols,0.021,0.0009254690792928
2022,Italy,J01C,"Beta-lactam antibacterials, penicillins",9.51,0.4351551126263471
2022,Italy,J01D,Other beta-lactam antibacterials,2.6,0.118950828140154
2022,Italy,J01E,Sulfonamides and trimethoprim,1.077,0.0492768811838462
2022,Italy,J01F,"Macrolides, lincosamides and streptogramins",4.917,0.2249943279325367
2022,Italy,J01G,Aminoglycoside antibacterials,0.049,0.0022310284558861
2022,Italy,J01M,Quinolone antibacterials,1.974,0.0903158337124626
2022,Italy,J01R,Combinations of antibacterials,0.0,0.0
2022,Italy,J01X,Other antibacterials,1.035,0.0473566152139904
2023,Italy,J01A,Tetracyclines,0.7000000000000002,0.0303316249573512
2023,Italy,J01B,Amphenicols,0.015,0.0006344554641469
2023,Italy,J01C,"Beta-lactam antibacterials, penicillins",10.831,0.4692812107500554
2023,Italy,J01D,Other beta-lactam antibacterials,2.955,0.128008907855245
2023,Italy,J01E,Sulfonamides and trimethoprim,1.214,0.0525810273984058
2023,Italy,J01F,"Macrolides, lincosamides and streptogramins",4.338,0.1879679390700899
2023,Italy,J01G,Aminoglycoside antibacterials,0.051,0.0022025250131531
2023,Italy,J01M,Quinolone antibacterials,1.932,0.0836984203783524
2023,Italy,J01R,Combinations of antibacterials,0.0,0.0
2023,Italy,J01X,Other antibacterials,1.046,0.0452938891132
2024,Italy,J01A,Tetracyclines,0.713,0.031878729989436
2024,Italy,J01B,Amphenicols,0.012,0.0005221386940467
2024,Italy,J01C,"Beta-lactam antibacterials, penicillins",10.495,0.4694352049945676
2024,Italy,J01D,Other beta-lactam antibacterials,2.8,0.1252308483279909
2024,Italy,J01E,Sulfonamides and trimethoprim,1.23,0.0549749019608895
2024,Italy,J01F,"Macrolides, lincosamides and streptogramins",4.277,0.1912820417166138
2024,Italy,J01G,Aminoglycoside antibacterials,0.047,0.0020859604093356
2024,Italy,J01M,Quinolone antibacterials,1.783,0.0797109374346515
2024,Italy,J01R,Combinations of antibacterials,0.0,0.0
2024,Italy,J01X,Other antibacterials,1.004,0.044879236472468
2002,Latvia,J01A,Tetracyclines,2.158,0.1359643297934708
2002,Latvia,J01B,Amphenicols,0.203,0.0127569812438193
2002,Latvia,J01C,"Beta-lactam antibacterials, penicillins",8.32,0.5244156094152976
2002,Latvia,J01D,Other beta-lactam antibacterials,0.847,0.0533847938215646
2002,Latvia,J01E,Sulfonamides and trimethoprim,1.181,0.0744283196902991
2002,Latvia,J01F,"Macrolides, lincosamides and streptogramins",0.897,0.0564883952636466
2002,Latvia,J01G,Aminoglycoside antibacterials,0.387,0.024357147823114
2002,Latvia,J01M,Quinolone antibacterials,1.126,0.0709203720338148
2002,Latvia,J01R,Combinations of antibacterials,0.0,0.0
2002,Latvia,J01X,Other antibacterials,0.751,0.0472840509149727
2004,Latvia,J01A,Tetracyclines,2.816,0.1870178468968235
2004,Latvia,J01B,Amphenicols,0.15,0.0099536314666753
2004,Latvia,J01C,"Beta-lactam antibacterials, penicillins",6.06,0.402521792998103
2004,Latvia,J01D,Other beta-lactam antibacterials,0.992,0.065889801433528
2004,Latvia,J01E,Sulfonamides and trimethoprim,1.35,0.0896373508546155
2004,Latvia,J01F,"Macrolides, lincosamides and streptogramins",1.158,0.0768738152297044
2004,Latvia,J01G,Aminoglycoside antibacterials,0.514,0.034082858096718
2004,Latvia,J01M,Quinolone antibacterials,1.135,0.0753890204765239
2004,Latvia,J01R,Combinations of antibacterials,0.0,0.0
2004,Latvia,J01X,Other antibacterials,0.883,0.0586338825473081
2005,Latvia,J01A,Tetracyclines,2.831,0.1955598440925633
2005,Latvia,J01B,Amphenicols,0.004,0.0002488134548587
2005,Latvia,J01C,"Beta-lactam antibacterials, penicillins",5.644,0.3899323484438623
2005,Latvia,J01D,Other beta-lactam antibacterials,1.16,0.0800950618026089
2005,Latvia,J01E,Sulfonamides and trimethoprim,1.103,0.0761666283185779
2005,Latvia,J01F,"Macrolides, lincosamides and streptogramins",1.196,0.0826297668228919
2005,Latvia,J01G,Aminoglycoside antibacterials,0.241,0.0165846155759572
2005,Latvia,J01M,Quinolone antibacterials,1.563,0.1079290028322309
2005,Latvia,J01R,Combinations of antibacterials,0.0,0.0
2005,Latvia,J01X,Other antibacterials,0.736,0.0508539186564488
2006,Latvia,J01A,Tetracyclines,2.751,0.2150918042111771
2006,Latvia,J01B,Amphenicols,0.0,0.0
2006,Latvia,J01C,"Beta-lactam antibacterials, penicillins",4.743,0.3708423753947182
2006,Latvia,J01D,Other beta-lactam antibacterials,1.709,0.1336154641555887
2006,Latvia,J01E,Sulfonamides and trimethoprim,0.002,0.0001204261427639
2006,Latvia,J01F,"Macrolides, lincosamides and streptogramins",1.133,0.0885369873648734
2006,Latvia,J01G,Aminoglycoside antibacterials,0.419,0.032759507976316
2006,Latvia,J01M,Quinolone antibacterials,1.375,0.1075095787657744
2006,Latvia,J01R,Combinations of antibacterials,0.0,0.0
2006,Latvia,J01X,Other antibacterials,0.659,0.0515238559887881
2007,Latvia,J01A,Tetracyclines,2.945,0.2119037396936831
2007,Latvia,J01B,Amphenicols,0.0,0.0
2007,Latvia,J01C,"Beta-lactam antibacterials, penicillins",5.037,0.3624650158326187
2007,Latvia,J01D,Other beta-lactam antibacterials,1.939,0.1395338995097448
2007,Latvia,J01E,Sulfonamides and trimethoprim,0.004,0.0002403232812368
2007,Latvia,J01F,"Macrolides, lincosamides and streptogramins",1.446,0.1040476731142738
2007,Latvia,J01G,Aminoglycoside antibacterials,0.45,0.0323551861497784
2007,Latvia,J01M,Quinolone antibacterials,1.397,0.1005198367471499
2007,Latvia,J01R,Combinations of antibacterials,0.0,0.0
2007,Latvia,J01X,Other antibacterials,0.68,0.0489343256715142
2008,Latvia,J01A,Tetracyclines,2.366,0.189591875628826
2008,Latvia,J01B,Amphenicols,0.0,0.0
2008,Latvia,J01C,"Beta-lactam antibacterials, penicillins",4.203,0.3368026653805237
2008,Latvia,J01D,Other beta-lactam antibacterials,1.635,0.1310072162811844
2008,Latvia,J01E,Sulfonamides and trimethoprim,0.932,0.0746803596648014
2008,Latvia,J01F,"Macrolides, lincosamides and streptogramins",1.088,0.0871700031207879
2008,Latvia,J01G,Aminoglycoside antibacterials,0.428,0.0342410706915374
2008,Latvia,J01M,Quinolone antibacterials,1.348,0.1079983375031997
2008,Latvia,J01R,Combinations of antibacterials,0.0,0.0
2008,Latvia,J01X,Other antibacterials,0.481,0.0385084717291393
2009,Latvia,J01A,Tetracyclines,2.265,0.1970527847895636
2009,Latvia,J01B,Amphenicols,0.0,0.0
2009,Latvia,J01C,"Beta-lactam antibacterials, penicillins",3.948,0.3434318131174491
2009,Latvia,J01D,Other beta-lactam antibacterials,1.179,0.1025106606649589
2009,Latvia,J01E,Sulfonamides and trimethoprim,1.199,0.1042711310611174
2009,Latvia,J01F,"Macrolides, lincosamides and streptogramins",0.999,0.0868569786819764
2009,Latvia,J01G,Aminoglycoside antibacterials,0.318,0.0276203213604582
2009,Latvia,J01M,Quinolone antibacterials,1.198,0.1041749851713454
2009,Latvia,J01R,Combinations of antibacterials,0.0,0.0
2009,Latvia,J01X,Other antibacterials,0.392,0.0340813251531308
2010,Latvia,J01A,Tetracyclines,2.477,0.2130749080423308
2010,Latvia,J01B,Amphenicols,0.0,0.0
2010,Latvia,J01C,"Beta-lactam antibacterials, penicillins",4.209000000000001,0.3620853494847419
2010,Latvia,J01D,Other beta-lactam antibacterials,1.757,0.1510904532396984
2010,Latvia,J01E,Sulfonamides and trimethoprim,0.003,0.0001983995369186
2010,Latvia,J01F,"Macrolides, lincosamides and streptogramins",1.262,0.1085691994957245
2010,Latvia,J01G,Aminoglycoside antibacterials,0.325,0.0279566112429903
2010,Latvia,J01M,Quinolone antibacterials,1.244,0.1069674630781989
2010,Latvia,J01R,Combinations of antibacterials,0.0,0.0
2010,Latvia,J01X,Other antibacterials,0.3500000000000001,0.0300576158793964
2011,Latvia,J01A,Tetracyclines,1.571,0.2385845022785585
2011,Latvia,J01B,Amphenicols,0.001,7.289929296798233e-06
2011,Latvia,J01C,"Beta-lactam antibacterials, penicillins",2.405,0.3651432941914755
2011,Latvia,J01D,Other beta-lactam antibacterials,0.525,0.0796084578974689
2011,Latvia,J01E,Sulfonamides and trimethoprim,0.003,0.0004513681222934
2011,Latvia,J01F,"Macrolides, lincosamides and streptogramins",0.836,0.1268355054791412
2011,Latvia,J01G,Aminoglycoside antibacterials,0.072,0.0108556159640946
2011,Latvia,J01M,Quinolone antibacterials,0.775,0.1176102518275701
2011,Latvia,J01R,Combinations of antibacterials,0.0,0.0
2011,Latvia,J01X,Other antibacterials,0.402,0.0609037143101008
2012,Latvia,J01A,Tetracyclines,2.699,0.2201430355818551
2012,Latvia,J01B,Amphenicols,0.001,1.493013431409902e-05
2012,Latvia,J01C,"Beta-lactam antibacterials, penicillins",4.564,0.3723480858833541
2012,Latvia,J01D,Other beta-lactam antibacterials,1.113,0.0907965920132755
2012,Latvia,J01E,Sulfonamides and trimethoprim,0.005,0.000376353604322
2012,Latvia,J01F,"Macrolides, lincosamides and streptogramins",1.679,0.1369684810995106
2012,Latvia,J01G,Aminoglycoside antibacterials,0.117,0.0094643997882042
2012,Latvia,J01M,Quinolone antibacterials,1.332,0.1086186036000388
2012,Latvia,J01R,Combinations of antibacterials,0.0,0.0
2012,Latvia,J01X,Other antibacterials,0.751,0.0612695182951255
2013,Latvia,J01A,Tetracyclines,2.474,0.19619857045856
2013,Latvia,J01B,Amphenicols,0.001,8.962493076870668e-06
2013,Latvia,J01C,"Beta-lactam antibacterials, penicillins",4.79,0.3799079464715497
2013,Latvia,J01D,Other beta-lactam antibacterials,1.181,0.093631799686852
2013,Latvia,J01E,Sulfonamides and trimethoprim,0.006,0.0004552629226658
2013,Latvia,J01F,"Macrolides, lincosamides and streptogramins",1.884,0.1494237156608621
2013,Latvia,J01G,Aminoglycoside antibacterials,0.105,0.0082587390850912
2013,Latvia,J01M,Quinolone antibacterials,1.371,0.1086748287747423
2013,Latvia,J01R,Combinations of antibacterials,0.0,0.0
2013,Latvia,J01X,Other antibacterials,0.8,0.0634401744465997
2014,Latvia,J01A,Tetracyclines,2.319,0.1925909410425621
2014,Latvia,J01B,Amphenicols,0.001,3.821209273177753e-06
2014,Latvia,J01C,"Beta-lactam antibacterials, penicillins",4.471,0.3713787604229714
2014,Latvia,J01D,Other beta-lactam antibacterials,1.145,0.095059309321408
2014,Latvia,J01E,Sulfonamides and trimethoprim,0.009,0.0006663025995686
2014,Latvia,J01F,"Macrolides, lincosamides and streptogramins",1.765,0.1466113266956159
2014,Latvia,J01G,Aminoglycoside antibacterials,0.094,0.0077583839408197
2014,Latvia,J01M,Quinolone antibacterials,1.351,0.1121570610049415
2014,Latvia,J01R,Combinations of antibacterials,0.0,0.0
2014,Latvia,J01X,Other antibacterials,0.889,0.0737740937628394
2015,Latvia,J01A,Tetracyclines,2.288,0.1816314109979014
2015,Latvia,J01B,Amphenicols,0.001,1.421098018131941e-05
2015,Latvia,J01C,"Beta-lactam antibacterials, penicillins",4.78,0.3794525422332071
2015,Latvia,J01D,Other beta-lactam antibacterials,1.186,0.0940913761262202
2015,Latvia,J01E,Sulfonamides and trimethoprim,0.007,0.0005421608025599
2015,Latvia,J01F,"Macrolides, lincosamides and streptogramins",1.993,0.1581503464541699
2015,Latvia,J01G,Aminoglycoside antibacterials,0.091,0.0071471703397948
2015,Latvia,J01M,Quinolone antibacterials,1.32,0.1047898624742317
2015,Latvia,J01R,Combinations of antibacterials,0.0,0.0
2015,Latvia,J01X,Other antibacterials,0.935,0.0741809195917336
2016,Latvia,J01A,Tetracyclines,2.283,0.1709489192559905
2016,Latvia,J01B,Amphenicols,0.001,6.964473546458205e-06
2016,Latvia,J01C,"Beta-lactam antibacterials, penicillins",4.686,0.3508593186827769
2016,Latvia,J01D,Other beta-lactam antibacterials,1.21,0.0905400282742648
2016,Latvia,J01E,Sulfonamides and trimethoprim,0.884,0.0661769518461321
2016,Latvia,J01F,"Macrolides, lincosamides and streptogramins",1.944,0.1455493344584328
2016,Latvia,J01G,Aminoglycoside antibacterials,0.082,0.0061306088911914
2016,Latvia,J01M,Quinolone antibacterials,1.308,0.0979204980632023
2016,Latvia,J01R,Combinations of antibacterials,0.0,0.0
2016,Latvia,J01X,Other antibacterials,0.96,0.0718673760544624
2017,Latvia,J01A,Tetracyclines,2.282,0.1637092416330305
2017,Latvia,J01B,Amphenicols,0.001,2.870136992356179e-07
2017,Latvia,J01C,"Beta-lactam antibacterials, penicillins",5.066,0.3634897192051701
2017,Latvia,J01D,Other beta-lactam antibacterials,1.303,0.0934629257588122
2017,Latvia,J01E,Sulfonamides and trimethoprim,0.897,0.0643608847111174
2017,Latvia,J01F,"Macrolides, lincosamides and streptogramins",2.117,0.1518953990053684
2017,Latvia,J01G,Aminoglycoside antibacterials,0.08,0.0056850956010343
2017,Latvia,J01M,Quinolone antibacterials,1.272,0.0912287393705373
2017,Latvia,J01R,Combinations of antibacterials,0.0,0.0
2017,Latvia,J01X,Other antibacterials,0.923,0.0661677077012305
2018,Latvia,J01A,Tetracyclines,2.223,0.1612403146894295
2018,Latvia,J01B,Amphenicols,0.0,0.0
2018,Latvia,J01C,"Beta-lactam antibacterials, penicillins",5.011,0.3635541674351262
2018,Latvia,J01D,Other beta-lactam antibacterials,1.223,0.0887038556086467
2018,Latvia,J01E,Sulfonamides and trimethoprim,0.8300000000000002,0.0601921818682831
2018,Latvia,J01F,"Macrolides, lincosamides and streptogramins",2.288,0.1659363943342901
2018,Latvia,J01G,Aminoglycoside antibacterials,0.074,0.0053484056357599
2018,Latvia,J01M,Quinolone antibacterials,1.227,0.0890077810425113
2018,Latvia,J01R,Combinations of antibacterials,0.0,0.0
2018,Latvia,J01X,Other antibacterials,0.91,0.066016899385953
2019,Latvia,J01A,Tetracyclines,2.338,0.168313236747323
2019,Latvia,J01B,Amphenicols,0.001,2.375951055408259e-06
2019,Latvia,J01C,"Beta-lactam antibacterials, penicillins",5.068000000000001,0.3648323964526331
2019,Latvia,J01D,Other beta-lactam antibacterials,1.272,0.0915505060595751
2019,Latvia,J01E,Sulfonamides and trimethoprim,0.842,0.0606185032588328
2019,Latvia,J01F,"Macrolides, lincosamides and streptogramins",2.277,0.1639156393378297
2019,Latvia,J01G,Aminoglycoside antibacterials,0.065,0.0046684558298099
2019,Latvia,J01M,Quinolone antibacterials,1.07,0.0770302771762901
2019,Latvia,J01R,Combinations of antibacterials,0.0,0.0
2019,Latvia,J01X,Other antibacterials,0.96,0.0690686091866507
2020,Latvia,J01A,Tetracyclines,2.428,0.2040987557918974
2020,Latvia,J01B,Amphenicols,0.001,1.134965565144754e-05
2020,Latvia,J01C,"Beta-lactam antibacterials, penicillins",4.0,0.3362458231165414
2020,Latvia,J01D,Other beta-lactam antibacterials,1.093,0.0918560419765753
2020,Latvia,J01E,Sulfonamides and trimethoprim,0.559,0.046953189143945
2020,Latvia,J01F,"Macrolides, lincosamides and streptogramins",1.83,0.153826170691759
2020,Latvia,J01G,Aminoglycoside antibacterials,0.061,0.0050588357741818
2020,Latvia,J01M,Quinolone antibacterials,0.926,0.0778424119649247
2020,Latvia,J01R,Combinations of antibacterials,0.0,0.0
2020,Latvia,J01X,Other antibacterials,1.001,0.0841074218845237
2021,Latvia,J01A,Tetracyclines,2.773,0.2381099216769164
2021,Latvia,J01B,Amphenicols,0.001,1.1166066290187e-05
2021,Latvia,J01C,"Beta-lactam antibacterials, penicillins",3.797,0.3261040211839175
2021,Latvia,J01D,Other beta-lactam antibacterials,0.992,0.085186263299107
2021,Latvia,J01E,Sulfonamides and trimethoprim,0.455,0.03905039649413
2021,Latvia,J01F,"Macrolides, lincosamides and streptogramins",1.742,0.1495747833117471
2021,Latvia,J01G,Aminoglycoside antibacterials,0.044,0.0037656270171391
2021,Latvia,J01M,Quinolone antibacterials,0.814,0.0699123730063955
2021,Latvia,J01R,Combinations of antibacterials,0.0,0.0
2021,Latvia,J01X,Other antibacterials,1.028,0.0882854479443572
2022,Latvia,J01A,Tetracyclines,2.745,0.1843472980606921
2022,Latvia,J01B,Amphenicols,0.001,3.889228851226584e-05
2022,Latvia,J01C,"Beta-lactam antibacterials, penicillins",5.517,0.3705584704247321
2022,Latvia,J01D,Other beta-lactam antibacterials,1.228,0.0824855732447923
2022,Latvia,J01E,Sulfonamides and trimethoprim,0.682,0.0457864336443149
2022,Latvia,J01F,"Macrolides, lincosamides and streptogramins",2.413,0.162072697008921
2022,Latvia,J01G,Aminoglycoside antibacterials,0.044,0.0029549406976564
2022,Latvia,J01M,Quinolone antibacterials,0.939,0.0630086644495599
2022,Latvia,J01R,Combinations of antibacterials,0.0,0.0
2022,Latvia,J01X,Other antibacterials,1.322,0.0887470301808189
2023,Latvia,J01A,Tetracyclines,2.715,0.1837675285306608
2023,Latvia,J01B,Amphenicols,0.001,1.787313002377126e-05
2023,Latvia,J01C,"Beta-lactam antibacterials, penicillins",5.386,0.3646209244524458
2023,Latvia,J01D,Other beta-lactam antibacterials,1.314,0.088953417207058
2023,Latvia,J01E,Sulfonamides and trimethoprim,0.617,0.0417207599654886
2023,Latvia,J01F,"Macrolides, lincosamides and streptogramins",2.342,0.1585119156908208
2023,Latvia,J01G,Aminoglycoside antibacterials,0.04,0.002690244574828
2023,Latvia,J01M,Quinolone antibacterials,0.886,0.0599758604422678
2023,Latvia,J01R,Combinations of antibacterials,0.0,0.0
2023,Latvia,J01X,Other antibacterials,1.474,0.0997414760064061
2024,Latvia,J01A,Tetracyclines,2.613,0.1696003901014357
2024,Latvia,J01B,Amphenicols,0.001,2.044760920061922e-05
2024,Latvia,J01C,"Beta-lactam antibacterials, penicillins",5.437,0.3529133364110771
2024,Latvia,J01D,Other beta-lactam antibacterials,1.373,0.0891119142441551
2024,Latvia,J01E,Sulfonamides and trimethoprim,0.591,0.0383311531205258
2024,Latvia,J01F,"Macrolides, lincosamides and streptogramins",3.031,0.1967372885976861
2024,Latvia,J01G,Aminoglycoside antibacterials,0.042,0.0026796105009573
2024,Latvia,J01M,Quinolone antibacterials,0.833,0.0540618559003101
2024,Latvia,J01R,Combinations of antibacterials,0.0,0.0
2024,Latvia,J01X,Other antibacterials,1.488,0.0965440035146519
2006,Lithuania,J01A,Tetracyclines,1.721,0.0778982108240148
2006,Lithuania,J01B,Amphenicols,0.049,0.0022065423221473
2006,Lithuania,J01C,"Beta-lactam antibacterials, penicillins",14.505,0.6566999562449471
2006,Lithuania,J01D,Other beta-lactam antibacterials,0.87,0.039351747883965
2006,Lithuania,J01E,Sulfonamides and trimethoprim,0.011,0.0004747224017177
2006,Lithuania,J01F,"Macrolides, lincosamides and streptogramins",1.107,0.050077078437452
2006,Lithuania,J01G,Aminoglycoside antibacterials,1.551,0.0701837114571591
2006,Lithuania,J01M,Quinolone antibacterials,0.834,0.0377458867352645
2006,Lithuania,J01R,Combinations of antibacterials,0.0,0.0
2006,Lithuania,J01X,Other antibacterials,1.444,0.0653621436933321
2007,Lithuania,J01A,Tetracyclines,2.47,0.1252078367769665
2007,Lithuania,J01B,Amphenicols,0.001,5.679397119825593e-06
2007,Lithuania,J01C,"Beta-lactam antibacterials, penicillins",9.512,0.4822966853162178
2007,Lithuania,J01D,Other beta-lactam antibacterials,1.805,0.0915075619904927
2007,Lithuania,J01E,Sulfonamides and trimethoprim,0.011,0.0005512057740402
2007,Lithuania,J01F,"Macrolides, lincosamides and streptogramins",1.922,0.0974317816933051
2007,Lithuania,J01G,Aminoglycoside antibacterials,0.36,0.018226706624606
2007,Lithuania,J01M,Quinolone antibacterials,1.457,0.0738692307657201
2007,Lithuania,J01R,Combinations of antibacterials,0.0,0.0
2007,Lithuania,J01X,Other antibacterials,2.188,0.1109033116615315
2008,Lithuania,J01A,Tetracyclines,2.366,0.1126610348111766
2008,Lithuania,J01B,Amphenicols,0.0,0.0
2008,Lithuania,J01C,"Beta-lactam antibacterials, penicillins",8.921,0.4248730922641612
2008,Lithuania,J01D,Other beta-lactam antibacterials,3.203,0.1525338039209934
2008,Lithuania,J01E,Sulfonamides and trimethoprim,0.009,0.000417838329382
2008,Lithuania,J01F,"Macrolides, lincosamides and streptogramins",2.044,0.097323896242165
2008,Lithuania,J01G,Aminoglycoside antibacterials,0.382,0.0181901842141698
2008,Lithuania,J01M,Quinolone antibacterials,1.553,0.0739503353922972
2008,Lithuania,J01R,Combinations of antibacterials,0.0,0.0
2008,Lithuania,J01X,Other antibacterials,2.521,0.1200498148256545
2009,Lithuania,J01A,Tetracyclines,2.002,0.123553536095617
2009,Lithuania,J01B,Amphenicols,0.0,0.0
2009,Lithuania,J01C,"Beta-lactam antibacterials, penicillins",6.805,0.420109705240478
2009,Lithuania,J01D,Other beta-lactam antibacterials,1.263,0.0779569636898496
2009,Lithuania,J01E,Sulfonamides and trimethoprim,0.006,0.0003556622905985
2009,Lithuania,J01F,"Macrolides, lincosamides and streptogramins",1.927,0.1189582632370146
2009,Lithuania,J01G,Aminoglycoside antibacterials,0.243,0.0149998610935334
2009,Lithuania,J01M,Quinolone antibacterials,1.222,0.0754020107482737
2009,Lithuania,J01R,Combinations of antibacterials,0.0,0.0
2009,Lithuania,J01X,Other antibacterials,2.733,0.1686639976046352
2010,Lithuania,J01A,Tetracyclines,1.681,0.1197066158886474
2010,Lithuania,J01B,Amphenicols,0.0,0.0
2010,Lithuania,J01C,"Beta-lactam antibacterials, penicillins",6.377,0.4542249121464755
2010,Lithuania,J01D,Other beta-lactam antibacterials,1.089,0.0775387050607761
2010,Lithuania,J01E,Sulfonamides and trimethoprim,0.009,0.0006028108853597
2010,Lithuania,J01F,"Macrolides, lincosamides and streptogramins",1.667,0.1186882060071651
2010,Lithuania,J01G,Aminoglycoside antibacterials,0.15,0.0106475693442668
2010,Lithuania,J01M,Quinolone antibacterials,1.085,0.0772697838728498
2010,Lithuania,J01R,Combinations of antibacterials,0.0,0.0
2010,Lithuania,J01X,Other antibacterials,1.984,0.1413213967944595
2011,Lithuania,J01A,Tetracyclines,1.646,0.1089168394171748
2011,Lithuania,J01B,Amphenicols,0.0,0.0
2011,Lithuania,J01C,"Beta-lactam antibacterials, penicillins",6.914,0.4577200773057145
2011,Lithuania,J01D,Other beta-lactam antibacterials,1.321,0.0874288169696504
2011,Lithuania,J01E,Sulfonamides and trimethoprim,0.008,0.0004699520050424
2011,Lithuania,J01F,"Macrolides, lincosamides and streptogramins",1.91,0.12640133159689
2011,Lithuania,J01G,Aminoglycoside antibacterials,0.147,0.0097092296110812
2011,Lithuania,J01M,Quinolone antibacterials,1.191,0.0788000532320952
2011,Lithuania,J01R,Combinations of antibacterials,0.0,0.0
2011,Lithuania,J01X,Other antibacterials,1.972,0.1305536998623514
2012,Lithuania,J01A,Tetracyclines,1.599,0.107157847401702
2012,Lithuania,J01B,Amphenicols,0.0,0.0
2012,Lithuania,J01C,"Beta-lactam antibacterials, penicillins",6.823,0.4572235072725134
2012,Lithuania,J01D,Other beta-lactam antibacterials,1.489,0.0997462402645293
2012,Lithuania,J01E,Sulfonamides and trimethoprim,0.009,0.0005691750781334
2012,Lithuania,J01F,"Macrolides, lincosamides and streptogramins",1.943,0.1301560590540086
2012,Lithuania,J01G,Aminoglycoside antibacterials,0.193,0.0129303201165827
2012,Lithuania,J01M,Quinolone antibacterials,1.37,0.0917722937795858
2012,Lithuania,J01R,Combinations of antibacterials,0.0,0.0
2012,Lithuania,J01X,Other antibacterials,1.499,0.1004445570329445
2013,Lithuania,J01A,Tetracyclines,1.612,0.0968754776166057
2013,Lithuania,J01B,Amphenicols,0.0,0.0
2013,Lithuania,J01C,"Beta-lactam antibacterials, penicillins",7.91,0.4753527143227795
2013,Lithuania,J01D,Other beta-lactam antibacterials,1.835,0.1102607928656528
2013,Lithuania,J01E,Sulfonamides and trimethoprim,0.009,0.0004958347775147
2013,Lithuania,J01F,"Macrolides, lincosamides and streptogramins",2.45,0.1472224808242661
2013,Lithuania,J01G,Aminoglycoside antibacterials,0.139,0.0083121141090717
2013,Lithuania,J01M,Quinolone antibacterials,1.128,0.0677750847772292
2013,Lithuania,J01R,Combinations of antibacterials,0.0,0.0
2013,Lithuania,J01X,Other antibacterials,1.56,0.0937055007068801
2014,Lithuania,J01A,Tetracyclines,1.444,0.0983992182009622
2014,Lithuania,J01B,Amphenicols,0.0,0.0
2014,Lithuania,J01C,"Beta-lactam antibacterials, penicillins",6.718,0.4579548488420958
2014,Lithuania,J01D,Other beta-lactam antibacterials,1.723,0.1174287761932539
2014,Lithuania,J01E,Sulfonamides and trimethoprim,0.011,0.0007155173800841
2014,Lithuania,J01F,"Macrolides, lincosamides and streptogramins",1.966,0.1339976225324365
2014,Lithuania,J01G,Aminoglycoside antibacterials,0.102,0.0068958967549667
2014,Lithuania,J01M,Quinolone antibacterials,1.084,0.0738872085536472
2014,Lithuania,J01R,Combinations of antibacterials,0.0,0.0
2014,Lithuania,J01X,Other antibacterials,1.625,0.1107209115425532
2015,Lithuania,J01A,Tetracyclines,1.389,0.0904155418296134
2015,Lithuania,J01B,Amphenicols,0.0,0.0
2015,Lithuania,J01C,"Beta-lactam antibacterials, penicillins",7.166,0.4665432113235116
2015,Lithuania,J01D,Other beta-lactam antibacterials,1.885,0.1227120065530305
2015,Lithuania,J01E,Sulfonamides and trimethoprim,0.011,0.0006655909903644
2015,Lithuania,J01F,"Macrolides, lincosamides and streptogramins",1.981,0.1289718956776305
2015,Lithuania,J01G,Aminoglycoside antibacterials,0.106,0.0068664872136467
2015,Lithuania,J01M,Quinolone antibacterials,1.191,0.0775347087925468
2015,Lithuania,J01R,Combinations of antibacterials,0.0,0.0
2015,Lithuania,J01X,Other antibacterials,1.633,0.106290557619656
2016,Lithuania,J01A,Tetracyclines,1.511,0.0965248698095289
2016,Lithuania,J01B,Amphenicols,0.0,0.0
2016,Lithuania,J01C,"Beta-lactam antibacterials, penicillins",7.204,0.460241932593146
2016,Lithuania,J01D,Other beta-lactam antibacterials,1.973,0.1260064471142962
2016,Lithuania,J01E,Sulfonamides and trimethoprim,0.01,0.0005925604842664
2016,Lithuania,J01F,"Macrolides, lincosamides and streptogramins",2.039,0.1302183292107336
2016,Lithuania,J01G,Aminoglycoside antibacterials,0.085,0.0054155964551925
2016,Lithuania,J01M,Quinolone antibacterials,1.155,0.0737452832051273
2016,Lithuania,J01R,Combinations of antibacterials,0.0,0.0
2016,Lithuania,J01X,Other antibacterials,1.679,0.1072549811277089
2017,Lithuania,J01A,Tetracyclines,1.454,0.0888847325646974
2017,Lithuania,J01B,Amphenicols,0.0,0.0
2017,Lithuania,J01C,"Beta-lactam antibacterials, penicillins",7.4,0.4525796675298108
2017,Lithuania,J01D,Other beta-lactam antibacterials,2.071,0.1266444349534007
2017,Lithuania,J01E,Sulfonamides and trimethoprim,0.671,0.0410213703225527
2017,Lithuania,J01F,"Macrolides, lincosamides and streptogramins",2.152,0.131576998219624
2017,Lithuania,J01G,Aminoglycoside antibacterials,0.075,0.0045347019192819
2017,Lithuania,J01M,Quinolone antibacterials,1.108,0.067730313248685
2017,Lithuania,J01R,Combinations of antibacterials,0.0,0.0
2017,Lithuania,J01X,Other antibacterials,1.423,0.0870277812419476
2018,Lithuania,J01A,Tetracyclines,1.39,0.0861336451826741
2018,Lithuania,J01B,Amphenicols,0.0,0.0
2018,Lithuania,J01C,"Beta-lactam antibacterials, penicillins",7.182,0.4452205682678002
2018,Lithuania,J01D,Other beta-lactam antibacterials,2.106,0.1305678982830843
2018,Lithuania,J01E,Sulfonamides and trimethoprim,0.706,0.0437609382660816
2018,Lithuania,J01F,"Macrolides, lincosamides and streptogramins",2.184,0.1353975372300943
2018,Lithuania,J01G,Aminoglycoside antibacterials,0.065,0.0039969233356041
2018,Lithuania,J01M,Quinolone antibacterials,1.065,0.0660195114983077
2018,Lithuania,J01R,Combinations of antibacterials,0.0,0.0
2018,Lithuania,J01X,Other antibacterials,1.434,0.0889029779363532
2019,Lithuania,J01A,Tetracyclines,1.474,0.0904119207244938
2019,Lithuania,J01B,Amphenicols,0.0,0.0
2019,Lithuania,J01C,"Beta-lactam antibacterials, penicillins",6.949,0.426455835694477
2019,Lithuania,J01D,Other beta-lactam antibacterials,2.178,0.1336343976866572
2019,Lithuania,J01E,Sulfonamides and trimethoprim,0.834,0.0511596020574094
2019,Lithuania,J01F,"Macrolides, lincosamides and streptogramins",2.187,0.1341795909424147
2019,Lithuania,J01G,Aminoglycoside antibacterials,0.065,0.0039591108126926
2019,Lithuania,J01M,Quinolone antibacterials,1.018,0.0624252108458044
2019,Lithuania,J01R,Combinations of antibacterials,0.0,0.0
2019,Lithuania,J01X,Other antibacterials,1.594,0.0977743312360506
2020,Lithuania,J01A,Tetracyclines,1.539,0.1083722916507868
2020,Lithuania,J01B,Amphenicols,0.0,0.0
2020,Lithuania,J01C,"Beta-lactam antibacterials, penicillins",5.536,0.3899753055388323
2020,Lithuania,J01D,Other beta-lactam antibacterials,1.992,0.1403249687955395
2020,Lithuania,J01E,Sulfonamides and trimethoprim,0.662,0.0466175407461427
2020,Lithuania,J01F,"Macrolides, lincosamides and streptogramins",1.776,0.125098150162669
2020,Lithuania,J01G,Aminoglycoside antibacterials,0.049,0.0034164639791544
2020,Lithuania,J01M,Quinolone antibacterials,0.925,0.0651578299701741
2020,Lithuania,J01R,Combinations of antibacterials,0.0,0.0
2020,Lithuania,J01X,Other antibacterials,1.719,0.1210374491567011
2021,Lithuania,J01A,Tetracyclines,1.4,0.0993658631028512
2021,Lithuania,J01B,Amphenicols,0.0,0.0
2021,Lithuania,J01C,"Beta-lactam antibacterials, penicillins",6.129,0.4351294191199811
2021,Lithuania,J01D,Other beta-lactam antibacterials,1.93,0.1370227422127266
2021,Lithuania,J01E,Sulfonamides and trimethoprim,0.778,0.0551919687778507
2021,Lithuania,J01F,"Macrolides, lincosamides and streptogramins",1.55,0.110008790121837
2021,Lithuania,J01G,Aminoglycoside antibacterials,0.049,0.0034594642335189
2021,Lithuania,J01M,Quinolone antibacterials,0.779,0.0553046408023668
2021,Lithuania,J01R,Combinations of antibacterials,0.0,0.0
2021,Lithuania,J01X,Other antibacterials,1.473,0.1045171116288676
2022,Lithuania,J01A,Tetracyclines,1.622,0.0877033119109048
2022,Lithuania,J01B,Amphenicols,0.0,0.0
2022,Lithuania,J01C,"Beta-lactam antibacterials, penicillins",8.51,0.4601372817741509
2022,Lithuania,J01D,Other beta-lactam antibacterials,2.391,0.1292882709608426
2022,Lithuania,J01E,Sulfonamides and trimethoprim,0.958,0.0517601799795466
2022,Lithuania,J01F,"Macrolides, lincosamides and streptogramins",2.341,0.1265676939222944
2022,Lithuania,J01G,Aminoglycoside antibacterials,0.06,0.0032269912216494
2022,Lithuania,J01M,Quinolone antibacterials,0.858,0.0463763996822974
2022,Lithuania,J01R,Combinations of antibacterials,0.0,0.0
2022,Lithuania,J01X,Other antibacterials,1.756,0.0949398705483138
2023,Lithuania,J01A,Tetracyclines,1.864,0.0995547485905465
2023,Lithuania,J01B,Amphenicols,0.0,0.0
2023,Lithuania,J01C,"Beta-lactam antibacterials, penicillins",7.377,0.3941438056313807
2023,Lithuania,J01D,Other beta-lactam antibacterials,2.772,0.1480586898560227
2023,Lithuania,J01E,Sulfonamides and trimethoprim,1.078,0.0575579867923299
2023,Lithuania,J01F,"Macrolides, lincosamides and streptogramins",2.925,0.1562785268153467
2023,Lithuania,J01G,Aminoglycoside antibacterials,0.058,0.0030552561524685
2023,Lithuania,J01M,Quinolone antibacterials,0.945,0.0504516924421067
2023,Lithuania,J01R,Combinations of antibacterials,0.0,0.0
2023,Lithuania,J01X,Other antibacterials,1.702,0.0908992937197981
2024,Lithuania,J01A,Tetracyclines,1.849,0.094858835840244
2024,Lithuania,J01B,Amphenicols,0.0,0.0
2024,Lithuania,J01C,"Beta-lactam antibacterials, penicillins",8.532,0.4378479964814809
2024,Lithuania,J01D,Other beta-lactam antibacterials,2.179,0.1118110058417888
2024,Lithuania,J01E,Sulfonamides and trimethoprim,0.336,0.01723381576118
2024,Lithuania,J01F,"Macrolides, lincosamides and streptogramins",4.064,0.2085461115384951
2024,Lithuania,J01G,Aminoglycoside antibacterials,0.052,0.0026292411730381
2024,Lithuania,J01M,Quinolone antibacterials,0.868,0.0445405730526387
2024,Lithuania,J01R,Combinations of antibacterials,0.0,0.0
2024,Lithuania,J01X,Other antibacterials,1.609,0.0825324203111343
2000,Luxembourg,J01A,Tetracyclines,2.937,0.112172261113303
2000,Luxembourg,J01B,Amphenicols,0.001,1.627021698587737e-05
2000,Luxembourg,J01C,"Beta-lactam antibacterials, penicillins",7.39,0.2822358639122386
2000,Luxembourg,J01D,Other beta-lactam antibacterials,6.06,0.2314471976078962
2000,Luxembourg,J01E,Sulfonamides and trimethoprim,0.5640000000000001,0.0215170946128394
2000,Luxembourg,J01F,"Macrolides, lincosamides and streptogramins",5.12,0.1955402418609767
2000,Luxembourg,J01G,Aminoglycoside antibacterials,0.096,0.0036307027396982
2000,Luxembourg,J01M,Quinolone antibacterials,2.475,0.0945080761003116
2000,Luxembourg,J01R,Combinations of antibacterials,0.081,0.0030897371214166
2000,Luxembourg,J01X,Other antibacterials,1.463,0.0558425547143335
2001,Luxembourg,J01A,Tetracyclines,2.762,0.1049861009759045
2001,Luxembourg,J01B,Amphenicols,0.001,1.547208250885254e-05
2001,Luxembourg,J01C,"Beta-lactam antibacterials, penicillins",7.779,0.2957108422119771
2001,Luxembourg,J01D,Other beta-lactam antibacterials,5.823,0.2213576398862533
2001,Luxembourg,J01E,Sulfonamides and trimethoprim,0.531,0.0201572723881794
2001,Luxembourg,J01F,"Macrolides, lincosamides and streptogramins",5.044,0.1917384097375433
2001,Luxembourg,J01G,Aminoglycoside antibacterials,0.092,0.0034649101531987
2001,Luxembourg,J01M,Quinolone antibacterials,2.815,0.106998384060729
2001,Luxembourg,J01R,Combinations of antibacterials,0.097,0.0036866893408071
2001,Luxembourg,J01X,Other antibacterials,1.365,0.0518842791628987
2002,Luxembourg,J01A,Tetracyclines,2.633,0.1004796323862741
2002,Luxembourg,J01B,Amphenicols,0.001,2.026406093994637e-05
2002,Luxembourg,J01C,"Beta-lactam antibacterials, penicillins",8.312,0.3171795693845072
2002,Luxembourg,J01D,Other beta-lactam antibacterials,5.819,0.222027438759699
2002,Luxembourg,J01E,Sulfonamides and trimethoprim,0.491,0.018733227530257
2002,Luxembourg,J01F,"Macrolides, lincosamides and streptogramins",4.565,0.1742013546238523
2002,Luxembourg,J01G,Aminoglycoside antibacterials,0.101,0.0038516598994498
2002,Luxembourg,J01M,Quinolone antibacterials,2.695,0.1028415975910878
2002,Luxembourg,J01R,Combinations of antibacterials,0.027,0.0010090433810039
2002,Luxembourg,J01X,Other antibacterials,1.564,0.0596562123829287
2003,Luxembourg,J01A,Tetracyclines,2.429,0.0897300298889329
2003,Luxembourg,J01B,Amphenicols,0.001,2.804928425543784e-05
2003,Luxembourg,J01C,"Beta-lactam antibacterials, penicillins",9.154,0.3382892612188083
2003,Luxembourg,J01D,Other beta-lactam antibacterials,6.123,0.226242755135957
2003,Luxembourg,J01E,Sulfonamides and trimethoprim,0.463,0.0170748077737094
2003,Luxembourg,J01F,"Macrolides, lincosamides and streptogramins",4.535,0.1675718566120589
2003,Luxembourg,J01G,Aminoglycoside antibacterials,0.094,0.0034558639892793
2003,Luxembourg,J01M,Quinolone antibacterials,3.022,0.1116462402096357
2003,Luxembourg,J01R,Combinations of antibacterials,0.002,4.087287007445884e-05
2003,Luxembourg,J01X,Other antibacterials,1.243,0.0459202630172884
2004,Luxembourg,J01A,Tetracyclines,2.303,0.0985797109689387
2004,Luxembourg,J01B,Amphenicols,0.001,2.697271594185127e-05
2004,Luxembourg,J01C,"Beta-lactam antibacterials, penicillins",7.902,0.3383100420363356
2004,Luxembourg,J01D,Other beta-lactam antibacterials,5.44,0.2328788758936532
2004,Luxembourg,J01E,Sulfonamides and trimethoprim,0.41,0.0175399718524724
2004,Luxembourg,J01F,"Macrolides, lincosamides and streptogramins",2.908,0.1244890168813238
2004,Luxembourg,J01G,Aminoglycoside antibacterials,0.086,0.0036750967678294
2004,Luxembourg,J01M,Quinolone antibacterials,2.719,0.1163836729269627
2004,Luxembourg,J01R,Combinations of antibacterials,0.002,6.028187943829618e-05
2004,Luxembourg,J01X,Other antibacterials,1.59,0.0680563580771039
2005,Luxembourg,J01A,Tetracyclines,2.237,0.0909644738349711
2005,Luxembourg,J01B,Amphenicols,0.001,9.070257523321035e-06
2005,Luxembourg,J01C,"Beta-lactam antibacterials, penicillins",8.51,0.3461264773792048
2005,Luxembourg,J01D,Other beta-lactam antibacterials,5.799,0.2358298681627901
2005,Luxembourg,J01E,Sulfonamides and trimethoprim,0.396,0.0160670053682502
2005,Luxembourg,J01F,"Macrolides, lincosamides and streptogramins",3.211,0.1305952354465989
2005,Luxembourg,J01G,Aminoglycoside antibacterials,0.097,0.0039222966087283
2005,Luxembourg,J01M,Quinolone antibacterials,2.92,0.1187434187248593
2005,Luxembourg,J01R,Combinations of antibacterials,0.001,6.263765285163406e-06
2005,Luxembourg,J01X,Other antibacterials,1.42,0.0577358904517887
2006,Luxembourg,J01A,Tetracyclines,2.019,0.0870203300491536
2006,Luxembourg,J01B,Amphenicols,0.001,5.172886933882488e-07
2006,Luxembourg,J01C,"Beta-lactam antibacterials, penicillins",8.365,0.3605667294224067
2006,Luxembourg,J01D,Other beta-lactam antibacterials,4.952,0.2134633607435991
2006,Luxembourg,J01E,Sulfonamides and trimethoprim,0.366,0.0157646746827446
2006,Luxembourg,J01F,"Macrolides, lincosamides and streptogramins",3.53,0.1521265005359542
2006,Luxembourg,J01G,Aminoglycoside antibacterials,0.09,0.0038660432648193
2006,Luxembourg,J01M,Quinolone antibacterials,2.829,0.121910676485151
2006,Luxembourg,J01R,Combinations of antibacterials,0.0,0.0
2006,Luxembourg,J01X,Other antibacterials,1.051,0.0452811675274781
2007,Luxembourg,J01A,Tetracyclines,2.115,0.0842108478249061
2007,Luxembourg,J01B,Amphenicols,0.001,5.734347739448442e-06
2007,Luxembourg,J01C,"Beta-lactam antibacterials, penicillins",9.15,0.3643565926442017
2007,Luxembourg,J01D,Other beta-lactam antibacterials,5.186,0.2065047334651277
2007,Luxembourg,J01E,Sulfonamides and trimethoprim,0.377,0.0149818197283543
2007,Luxembourg,J01F,"Macrolides, lincosamides and streptogramins",3.954,0.1574237343697211
2007,Luxembourg,J01G,Aminoglycoside antibacterials,0.091,0.0036036393356503
2007,Luxembourg,J01M,Quinolone antibacterials,3.067,0.1221289833208531
2007,Luxembourg,J01R,Combinations of antibacterials,0.0,0.0
2007,Luxembourg,J01X,Other antibacterials,1.175,0.0467839149634459
2008,Luxembourg,J01A,Tetracyclines,2.175,0.0871280831459502
2008,Luxembourg,J01B,Amphenicols,0.001,4.487497171774942e-06
2008,Luxembourg,J01C,"Beta-lactam antibacterials, penicillins",9.191,0.3682541548514272
2008,Luxembourg,J01D,Other beta-lactam antibacterials,4.924,0.1972608798066754
2008,Luxembourg,J01E,Sulfonamides and trimethoprim,0.384,0.0153848631832229
2008,Luxembourg,J01F,"Macrolides, lincosamides and streptogramins",3.962,0.1587184878032031
2008,Luxembourg,J01G,Aminoglycoside antibacterials,0.084,0.0033267178810294
2008,Luxembourg,J01M,Quinolone antibacterials,3.025,0.1211849813245994
2008,Luxembourg,J01R,Combinations of antibacterials,0.0,0.0
2008,Luxembourg,J01X,Other antibacterials,1.217,0.0487373445067205
2009,Luxembourg,J01A,Tetracyclines,2.093,0.0814652681460371
2009,Luxembourg,J01B,Amphenicols,0.001,4.670852243311077e-07
2009,Luxembourg,J01C,"Beta-lactam antibacterials, penicillins",9.685,0.3769401503850943
2009,Luxembourg,J01D,Other beta-lactam antibacterials,5.002,0.1946869211427412
2009,Luxembourg,J01E,Sulfonamides and trimethoprim,0.4,0.0155500066695877
2009,Luxembourg,J01F,"Macrolides, lincosamides and streptogramins",4.044,0.1573889982668414
2009,Luxembourg,J01G,Aminoglycoside antibacterials,0.072,0.0027751868603632
2009,Luxembourg,J01M,Quinolone antibacterials,3.074,0.119632203081805
2009,Luxembourg,J01R,Combinations of antibacterials,0.0,0.0
2009,Luxembourg,J01X,Other antibacterials,1.325,0.0515607983623057
2010,Luxembourg,J01A,Tetracyclines,1.977,0.0787862781984406
2010,Luxembourg,J01B,Amphenicols,0.001,2.299790483905413e-05
2010,Luxembourg,J01C,"Beta-lactam antibacterials, penicillins",9.631,0.3838664795054391
2010,Luxembourg,J01D,Other beta-lactam antibacterials,4.694,0.1870652369649111
2010,Luxembourg,J01E,Sulfonamides and trimethoprim,0.38,0.0151256462829765
2010,Luxembourg,J01F,"Macrolides, lincosamides and streptogramins",3.887,0.1549130898414548
2010,Luxembourg,J01G,Aminoglycoside antibacterials,0.072,0.0028658498331675
2010,Luxembourg,J01M,Quinolone antibacterials,3.114,0.1240923500199807
2010,Luxembourg,J01R,Combinations of antibacterials,0.0,0.0
2010,Luxembourg,J01X,Other antibacterials,1.337,0.0532620714487906
2011,Luxembourg,J01A,Tetracyclines,1.996,0.0792593776710517
2011,Luxembourg,J01B,Amphenicols,0.001,2.518604702528949e-05
2011,Luxembourg,J01C,"Beta-lactam antibacterials, penicillins",9.634,0.3827111214433051
2011,Luxembourg,J01D,Other beta-lactam antibacterials,4.442,0.1764365620680335
2011,Luxembourg,J01E,Sulfonamides and trimethoprim,0.369,0.014642865825744
2011,Luxembourg,J01F,"Macrolides, lincosamides and streptogramins",4.056,0.1610946841232721
2011,Luxembourg,J01G,Aminoglycoside antibacterials,0.063,0.0024913926485662
2011,Luxembourg,J01M,Quinolone antibacterials,3.094,0.1228787508737652
2011,Luxembourg,J01R,Combinations of antibacterials,0.0,0.0
2011,Luxembourg,J01X,Other antibacterials,1.522,0.0604600592992367
2012,Luxembourg,J01A,Tetracyclines,1.887,0.0755409688266719
2012,Luxembourg,J01B,Amphenicols,0.002,4.567916531634222e-05
2012,Luxembourg,J01C,"Beta-lactam antibacterials, penicillins",9.802,0.3924122542668083
2012,Luxembourg,J01D,Other beta-lactam antibacterials,4.256,0.1703788027855082
2012,Luxembourg,J01E,Sulfonamides and trimethoprim,0.354,0.014168067701247
2012,Luxembourg,J01F,"Macrolides, lincosamides and streptogramins",4.175,0.1671037547593306
2012,Luxembourg,J01G,Aminoglycoside antibacterials,0.071,0.0028216192563503
2012,Luxembourg,J01M,Quinolone antibacterials,3.009,0.120448392451688
2012,Luxembourg,J01R,Combinations of antibacterials,0.0,0.0
2012,Luxembourg,J01X,Other antibacterials,1.426,0.0570804607870788
2013,Luxembourg,J01A,Tetracyclines,1.863,0.0746271258086036
2013,Luxembourg,J01B,Amphenicols,0.002,5.092524886660269e-05
2013,Luxembourg,J01C,"Beta-lactam antibacterials, penicillins",9.815,0.3932202506996713
2013,Luxembourg,J01D,Other beta-lactam antibacterials,4.41,0.1766598085194616
2013,Luxembourg,J01E,Sulfonamides and trimethoprim,0.393,0.0157367032412258
2013,Luxembourg,J01F,"Macrolides, lincosamides and streptogramins",4.107,0.164528380508972
2013,Luxembourg,J01G,Aminoglycoside antibacterials,0.058,0.0022962839793814
2013,Luxembourg,J01M,Quinolone antibacterials,2.878,0.1153103094580328
2013,Luxembourg,J01R,Combinations of antibacterials,0.0,0.0
2013,Luxembourg,J01X,Other antibacterials,1.437,0.0575702125357849
2014,Luxembourg,J01A,Tetracyclines,1.734,0.0745984495494338
2014,Luxembourg,J01B,Amphenicols,0.001,4.022797170050391e-05
2014,Luxembourg,J01C,"Beta-lactam antibacterials, penicillins",9.19,0.3953652385751055
2014,Luxembourg,J01D,Other beta-lactam antibacterials,3.925,0.1688494894747707
2014,Luxembourg,J01E,Sulfonamides and trimethoprim,0.335,0.0143789829456633
2014,Luxembourg,J01F,"Macrolides, lincosamides and streptogramins",3.813,0.164040203189549
2014,Luxembourg,J01G,Aminoglycoside antibacterials,0.079,0.0033796659176662
2014,Luxembourg,J01M,Quinolone antibacterials,2.778,0.1195114956054275
2014,Luxembourg,J01R,Combinations of antibacterials,0.0,0.0
2014,Luxembourg,J01X,Other antibacterials,1.391,0.0598362467706834
2015,Luxembourg,J01A,Tetracyclines,1.699,0.0723894282082606
2015,Luxembourg,J01B,Amphenicols,0.002,6.049145405810478e-05
2015,Luxembourg,J01C,"Beta-lactam antibacterials, penicillins",9.565,0.4077398112078344
2015,Luxembourg,J01D,Other beta-lactam antibacterials,3.99,0.1700890946611965
2015,Luxembourg,J01E,Sulfonamides and trimethoprim,0.304,0.0129478994651643
2015,Luxembourg,J01F,"Macrolides, lincosamides and streptogramins",3.791,0.1615714375297422
2015,Luxembourg,J01G,Aminoglycoside antibacterials,0.057,0.0024015831964886
2015,Luxembourg,J01M,Quinolone antibacterials,2.678,0.1141225207296199
2015,Luxembourg,J01R,Combinations of antibacterials,0.0,0.0
2015,Luxembourg,J01X,Other antibacterials,1.377,0.0586777335476353
2016,Luxembourg,J01A,Tetracyclines,1.786,0.077849271541633
2016,Luxembourg,J01B,Amphenicols,0.001,7.803494239059479e-06
2016,Luxembourg,J01C,"Beta-lactam antibacterials, penicillins",8.931000000000001,0.3893237387264575
2016,Luxembourg,J01D,Other beta-lactam antibacterials,3.911,0.1704686830953907
2016,Luxembourg,J01E,Sulfonamides and trimethoprim,0.297,0.012933180030274
2016,Luxembourg,J01F,"Macrolides, lincosamides and streptogramins",3.993,0.1740493970776219
2016,Luxembourg,J01G,Aminoglycoside antibacterials,0.057,0.0024567928371072
2016,Luxembourg,J01M,Quinolone antibacterials,2.618,0.1141214385876774
2016,Luxembourg,J01R,Combinations of antibacterials,0.0,0.0
2016,Luxembourg,J01X,Other antibacterials,1.349,0.058789694609599
2017,Luxembourg,J01A,Tetracyclines,1.102,0.0488428243482246
2017,Luxembourg,J01B,Amphenicols,0.054,0.0023708339399403
2017,Luxembourg,J01C,"Beta-lactam antibacterials, penicillins",7.369,0.3267379275293673
2017,Luxembourg,J01D,Other beta-lactam antibacterials,2.863,0.1269262443729667
2017,Luxembourg,J01E,Sulfonamides and trimethoprim,0.596,0.0264127388500007
2017,Luxembourg,J01F,"Macrolides, lincosamides and streptogramins",5.648,0.2504409144484286
2017,Luxembourg,J01G,Aminoglycoside antibacterials,0.061,0.0026636904451751
2017,Luxembourg,J01M,Quinolone antibacterials,2.961,0.1312648132775924
2017,Luxembourg,J01R,Combinations of antibacterials,0.0,0.0
2017,Luxembourg,J01X,Other antibacterials,1.902,0.0843400127883038
2018,Luxembourg,J01A,Tetracyclines,2.086,0.0944648246015604
2018,Luxembourg,J01B,Amphenicols,0.004,0.0001772920453746
2018,Luxembourg,J01C,"Beta-lactam antibacterials, penicillins",9.015,0.4082400451875082
2018,Luxembourg,J01D,Other beta-lactam antibacterials,3.288,0.1488557598562716
2018,Luxembourg,J01E,Sulfonamides and trimethoprim,0.307,0.0139002397812646
2018,Luxembourg,J01F,"Macrolides, lincosamides and streptogramins",3.577,0.1619617403313229
2018,Luxembourg,J01G,Aminoglycoside antibacterials,0.046,0.0020526931884396
2018,Luxembourg,J01M,Quinolone antibacterials,2.211,0.1001005379488981
2018,Luxembourg,J01R,Combinations of antibacterials,0.0,0.0
2018,Luxembourg,J01X,Other antibacterials,1.552,0.0702468670593598
2019,Luxembourg,J01A,Tetracyclines,2.055,0.0971976890609878
2019,Luxembourg,J01B,Amphenicols,0.005,0.0002345026114912
2019,Luxembourg,J01C,"Beta-lactam antibacterials, penicillins",8.806000000000001,0.4166537925237672
2019,Luxembourg,J01D,Other beta-lactam antibacterials,3.187,0.1507800216455942
2019,Luxembourg,J01E,Sulfonamides and trimethoprim,0.333,0.0157248763881184
2019,Luxembourg,J01F,"Macrolides, lincosamides and streptogramins",3.421,0.1618287569757547
2019,Luxembourg,J01G,Aminoglycoside antibacterials,0.044,0.002038933016903
2019,Luxembourg,J01M,Quinolone antibacterials,1.716,0.081176324907816
2019,Luxembourg,J01R,Combinations of antibacterials,0.0,0.0
2019,Luxembourg,J01X,Other antibacterials,1.572,0.0743651028695672
2020,Luxembourg,J01A,Tetracyclines,1.606,0.099664407342622
2020,Luxembourg,J01B,Amphenicols,0.004,0.0002336204180396
2020,Luxembourg,J01C,"Beta-lactam antibacterials, penicillins",6.477,0.402079178262064
2020,Luxembourg,J01D,Other beta-lactam antibacterials,2.156,0.1338034714019864
2020,Luxembourg,J01E,Sulfonamides and trimethoprim,0.347,0.0214938855458619
2020,Luxembourg,J01F,"Macrolides, lincosamides and streptogramins",2.603,0.1615779777213163
2020,Luxembourg,J01G,Aminoglycoside antibacterials,0.022,0.0013575811005241
2020,Luxembourg,J01M,Quinolone antibacterials,1.387,0.0860779179658944
2020,Luxembourg,J01R,Combinations of antibacterials,0.0,0.0
2020,Luxembourg,J01X,Other antibacterials,1.51,0.0937119602416912
2021,Luxembourg,J01A,Tetracyclines,1.589,0.0999374269322715
2021,Luxembourg,J01B,Amphenicols,0.004,0.0001974799220879
2021,Luxembourg,J01C,"Beta-lactam antibacterials, penicillins",6.456,0.4062443931718265
2021,Luxembourg,J01D,Other beta-lactam antibacterials,2.01,0.1264733666733311
2021,Luxembourg,J01E,Sulfonamides and trimethoprim,0.3500000000000001,0.0220187595856898
2021,Luxembourg,J01F,"Macrolides, lincosamides and streptogramins",2.504,0.157553924825347
2021,Luxembourg,J01G,Aminoglycoside antibacterials,0.023,0.0014473050504074
2021,Luxembourg,J01M,Quinolone antibacterials,1.379,0.0867303750236859
2021,Luxembourg,J01R,Combinations of antibacterials,0.0,0.0
2021,Luxembourg,J01X,Other antibacterials,1.58,0.0993969688153526
2022,Luxembourg,J01A,Tetracyclines,1.447,0.0759430389414468
2022,Luxembourg,J01B,Amphenicols,0.001,8.34605800982735e-06
2022,Luxembourg,J01C,"Beta-lactam antibacterials, penicillins",8.372,0.4394403206985913
2022,Luxembourg,J01D,Other beta-lactam antibacterials,2.382,0.1250079917442264
2022,Luxembourg,J01E,Sulfonamides and trimethoprim,0.366,0.0191779815242421
2022,Luxembourg,J01F,"Macrolides, lincosamides and streptogramins",3.362,0.1764672133772087
2022,Luxembourg,J01G,Aminoglycoside antibacterials,0.031,0.0015820766567056
2022,Luxembourg,J01M,Quinolone antibacterials,1.477,0.0775208113418204
2022,Luxembourg,J01R,Combinations of antibacterials,0.0,0.0
2022,Luxembourg,J01X,Other antibacterials,1.617,0.0848522196577486
2023,Luxembourg,J01A,Tetracyclines,1.671,0.0825835619201689
2023,Luxembourg,J01B,Amphenicols,0.001,2.274331890286229e-06
2023,Luxembourg,J01C,"Beta-lactam antibacterials, penicillins",9.181,0.4538950900141009
2023,Luxembourg,J01D,Other beta-lactam antibacterials,2.379,0.11757628405812
2023,Luxembourg,J01E,Sulfonamides and trimethoprim,0.419,0.0206897949739242
2023,Luxembourg,J01F,"Macrolides, lincosamides and streptogramins",3.609,0.1783874690245884
2023,Luxembourg,J01G,Aminoglycoside antibacterials,0.042,0.0020747839879124
2023,Luxembourg,J01M,Quinolone antibacterials,1.462,0.0722433119809826
2023,Luxembourg,J01R,Combinations of antibacterials,0.0,0.0
2023,Luxembourg,J01X,Other antibacterials,1.468,0.0725474297083119
2024,Luxembourg,J01A,Tetracyclines,1.696,0.0786025447591602
2024,Luxembourg,J01B,Amphenicols,0.001,1.9012264626425e-06
2024,Luxembourg,J01C,"Beta-lactam antibacterials, penicillins",9.535,0.4421389317064152
2024,Luxembourg,J01D,Other beta-lactam antibacterials,2.371,0.1099281721279551
2024,Luxembourg,J01E,Sulfonamides and trimethoprim,0.442,0.0204599326492844
2024,Luxembourg,J01F,"Macrolides, lincosamides and streptogramins",4.385,0.2033304665002274
2024,Luxembourg,J01G,Aminoglycoside antibacterials,0.031,0.0014198451965768
2024,Luxembourg,J01M,Quinolone antibacterials,1.465,0.0679267872004055
2024,Luxembourg,J01R,Combinations of antibacterials,0.0,0.0
2024,Luxembourg,J01X,Other antibacterials,1.644,0.0761914186335124
2007,Malta,J01A,Tetracyclines,0.958,0.059120003011786
2007,Malta,J01B,Amphenicols,0.001,5.616240439276406e-05
2007,Malta,J01C,"Beta-lactam antibacterials, penicillins",6.197,0.382416538655472
2007,Malta,J01D,Other beta-lactam antibacterials,3.275,0.2020628883151958
2007,Malta,J01E,Sulfonamides and trimethoprim,0.208,0.0128358866655022
2007,Malta,J01F,"Macrolides, lincosamides and streptogramins",3.403,0.2099871567073032
2007,Malta,J01G,Aminoglycoside antibacterials,0.055,0.0033798041228142
2007,Malta,J01M,Quinolone antibacterials,1.821,0.1123678254842773
2007,Malta,J01R,Combinations of antibacterials,0.0,0.0
2007,Malta,J01X,Other antibacterials,0.288,0.0177737346332564
2008,Malta,J01A,Tetracyclines,1.144,0.0595428437817417
2008,Malta,J01B,Amphenicols,0.001,2.85374380723273e-05
2008,Malta,J01C,"Beta-lactam antibacterials, penicillins",6.403,0.3333994520082831
2008,Malta,J01D,Other beta-lactam antibacterials,5.241000000000001,0.272921121844185
2008,Malta,J01E,Sulfonamides and trimethoprim,0.214,0.0111085102233549
2008,Malta,J01F,"Macrolides, lincosamides and streptogramins",3.955,0.2059192791484803
2008,Malta,J01G,Aminoglycoside antibacterials,0.057,0.0029361795088175
2008,Malta,J01M,Quinolone antibacterials,1.925,0.100206141329579
2008,Malta,J01R,Combinations of antibacterials,0.0,0.0
2008,Malta,J01X,Other antibacterials,0.268,0.0139379347174858
2009,Malta,J01A,Tetracyclines,1.135,0.0571511608191838
2009,Malta,J01B,Amphenicols,0.001,1.753446214624537e-05
2009,Malta,J01C,"Beta-lactam antibacterials, penicillins",6.407,0.3228028978822652
2009,Malta,J01D,Other beta-lactam antibacterials,5.836,0.2940220937246225
2009,Malta,J01E,Sulfonamides and trimethoprim,0.203,0.0102224906584901
2009,Malta,J01F,"Macrolides, lincosamides and streptogramins",4.117,0.2073966105380807
2009,Malta,J01G,Aminoglycoside antibacterials,0.046,0.0023075956821084
2009,Malta,J01M,Quinolone antibacterials,1.811,0.0912376513676301
2009,Malta,J01R,Combinations of antibacterials,0.0,0.0
2009,Malta,J01X,Other antibacterials,0.295,0.0148419648654726
2010,Malta,J01A,Tetracyclines,1.12,0.05626547790463
2010,Malta,J01B,Amphenicols,0.001,4.246200856255197e-05
2010,Malta,J01C,"Beta-lactam antibacterials, penicillins",7.009,0.3521815070465326
2010,Malta,J01D,Other beta-lactam antibacterials,5.41,0.2718426833336164
2010,Malta,J01E,Sulfonamides and trimethoprim,0.309,0.0154866231607794
2010,Malta,J01F,"Macrolides, lincosamides and streptogramins",3.436,0.1726423861699078
2010,Malta,J01G,Aminoglycoside antibacterials,0.079,0.0039497708106806
2010,Malta,J01M,Quinolone antibacterials,2.021,0.101533999104127
2010,Malta,J01R,Combinations of antibacterials,0.12,0.00601146464181
2010,Malta,J01X,Other antibacterials,0.399,0.0200436258193534
2011,Malta,J01A,Tetracyclines,1.108,0.0512522682362584
2011,Malta,J01B,Amphenicols,0.001,1.009107939786252e-05
2011,Malta,J01C,"Beta-lactam antibacterials, penicillins",7.276,0.3367936169201295
2011,Malta,J01D,Other beta-lactam antibacterials,6.023,0.2787729654798524
2011,Malta,J01E,Sulfonamides and trimethoprim,0.32,0.0147748677871869
2011,Malta,J01F,"Macrolides, lincosamides and streptogramins",3.889,0.180007775685859
2011,Malta,J01G,Aminoglycoside antibacterials,0.097,0.0044834017713732
2011,Malta,J01M,Quinolone antibacterials,2.059,0.0953093654150657
2011,Malta,J01R,Combinations of antibacterials,0.291,0.0134533529902622
2011,Malta,J01X,Other antibacterials,0.544,0.0251422946346147
2012,Malta,J01A,Tetracyclines,1.748,0.0839438652562432
2012,Malta,J01B,Amphenicols,0.001,1.537490627913575e-06
2012,Malta,J01C,"Beta-lactam antibacterials, penicillins",6.388,0.3069208458985155
2012,Malta,J01D,Other beta-lactam antibacterials,5.514,0.2648850353394623
2012,Malta,J01E,Sulfonamides and trimethoprim,0.232,0.0111130783517235
2012,Malta,J01F,"Macrolides, lincosamides and streptogramins",3.91,0.1878211523636396
2012,Malta,J01G,Aminoglycoside antibacterials,0.064,0.0030608555606831
2012,Malta,J01M,Quinolone antibacterials,2.217,0.1064747814300921
2012,Malta,J01R,Combinations of antibacterials,0.291,0.0139651715130853
2012,Malta,J01X,Other antibacterials,0.455,0.0218136767959271
2013,Malta,J01A,Tetracyclines,1.077,0.0484110044168629
2013,Malta,J01B,Amphenicols,0.001,1.030106550802921e-05
2013,Malta,J01C,"Beta-lactam antibacterials, penicillins",6.9,0.3103575189456387
2013,Malta,J01D,Other beta-lactam antibacterials,5.76,0.2590939740566091
2013,Malta,J01E,Sulfonamides and trimethoprim,0.222,0.0099855110340605
2013,Malta,J01F,"Macrolides, lincosamides and streptogramins",4.178,0.1879156806057926
2013,Malta,J01G,Aminoglycoside antibacterials,0.086,0.0038646089126258
2013,Malta,J01M,Quinolone antibacterials,3.166,0.1423995454935987
2013,Malta,J01R,Combinations of antibacterials,0.311,0.0139489022167982
2013,Malta,J01X,Other antibacterials,0.534,0.0240129532525052
2014,Malta,J01A,Tetracyclines,1.333,0.0594973117251243
2014,Malta,J01B,Amphenicols,0.001,5.133234438968052e-06
2014,Malta,J01C,"Beta-lactam antibacterials, penicillins",7.096,0.3167197167847259
2014,Malta,J01D,Other beta-lactam antibacterials,4.808,0.2146012487864922
2014,Malta,J01E,Sulfonamides and trimethoprim,0.318,0.0141561661148588
2014,Malta,J01F,"Macrolides, lincosamides and streptogramins",4.016,0.1792475026479678
2014,Malta,J01G,Aminoglycoside antibacterials,0.107,0.0047450726417396
2014,Malta,J01M,Quinolone antibacterials,3.421,0.1526862282774352
2014,Malta,J01R,Combinations of antibacterials,0.66,0.0294553473104016
2014,Malta,J01X,Other antibacterials,0.648,0.0288862724768155
2015,Malta,J01A,Tetracyclines,0.918,0.0430838191822146
2015,Malta,J01B,Amphenicols,0.001,1.061417266328285e-05
2015,Malta,J01C,"Beta-lactam antibacterials, penicillins",6.637,0.3116651260461183
2015,Malta,J01D,Other beta-lactam antibacterials,4.350000000000001,0.2042563677756348
2015,Malta,J01E,Sulfonamides and trimethoprim,0.342,0.0160228450810777
2015,Malta,J01F,"Macrolides, lincosamides and streptogramins",4.36,0.2047456059908269
2015,Malta,J01G,Aminoglycoside antibacterials,0.113,0.0052831809604661
2015,Malta,J01M,Quinolone antibacterials,3.119,0.1464501744904235
2015,Malta,J01R,Combinations of antibacterials,0.25,0.0117219917109886
2015,Malta,J01X,Other antibacterials,1.209,0.0567602745895861
2016,Malta,J01A,Tetracyclines,2.08,0.0992963450827258
2016,Malta,J01B,Amphenicols,0.001,4.15516037486233e-06
2016,Malta,J01C,"Beta-lactam antibacterials, penicillins",6.99,0.33381130413768
2016,Malta,J01D,Other beta-lactam antibacterials,3.802,0.1815404851125857
2016,Malta,J01E,Sulfonamides and trimethoprim,0.32,0.0152410804945309
2016,Malta,J01F,"Macrolides, lincosamides and streptogramins",4.233,0.2021597759461109
2016,Malta,J01G,Aminoglycoside antibacterials,0.088,0.0041788495650454
2016,Malta,J01M,Quinolone antibacterials,2.678,0.1278565772367897
2016,Malta,J01R,Combinations of antibacterials,0.273,0.0130142010963892
2016,Malta,J01X,Other antibacterials,0.48,0.0228972261677672
2017,Malta,J01A,Tetracyclines,1.776,0.0785161338870208
2017,Malta,J01B,Amphenicols,0.001,4.067503941720804e-06
2017,Malta,J01C,"Beta-lactam antibacterials, penicillins",8.67,0.3832943368761588
2017,Malta,J01D,Other beta-lactam antibacterials,3.405,0.1505361102831186
2017,Malta,J01E,Sulfonamides and trimethoprim,0.454,0.0200482405967488
2017,Malta,J01F,"Macrolides, lincosamides and streptogramins",4.794,0.2119126667997153
2017,Malta,J01G,Aminoglycoside antibacterials,0.081,0.0035610112769778
2017,Malta,J01M,Quinolone antibacterials,2.486,0.1098996237293582
2017,Malta,J01R,Combinations of antibacterials,0.291,0.0128544619678212
2017,Malta,J01X,Other antibacterials,0.665,0.0293733470791386
2018,Malta,J01A,Tetracyclines,1.618,0.0798601484219797
2018,Malta,J01B,Amphenicols,0.001,5.282448054281844e-06
2018,Malta,J01C,"Beta-lactam antibacterials, penicillins",6.949,0.3430399550547598
2018,Malta,J01D,Other beta-lactam antibacterials,2.944,0.145314221732485
2018,Malta,J01E,Sulfonamides and trimethoprim,0.368,0.0181573537601156
2018,Malta,J01F,"Macrolides, lincosamides and streptogramins",4.63,0.2285522241574742
2018,Malta,J01G,Aminoglycoside antibacterials,0.081,0.0039974802229094
2018,Malta,J01M,Quinolone antibacterials,2.603,0.1285059657104942
2018,Malta,J01R,Combinations of antibacterials,0.282,0.0139063160306006
2018,Malta,J01X,Other antibacterials,0.784,0.0386610524611271
2019,Malta,J01A,Tetracyclines,1.861,0.0897483158281351
2019,Malta,J01B,Amphenicols,0.001,8.056795875962587e-06
2019,Malta,J01C,"Beta-lactam antibacterials, penicillins",7.527,0.3631295354755437
2019,Malta,J01D,Other beta-lactam antibacterials,3.12,0.1504920700142315
2019,Malta,J01E,Sulfonamides and trimethoprim,0.448,0.021588980580372
2019,Malta,J01F,"Macrolides, lincosamides and streptogramins",4.491,0.2166350353001033
2019,Malta,J01G,Aminoglycoside antibacterials,0.098,0.0046929629870315
2019,Malta,J01M,Quinolone antibacterials,2.124,0.1024609748346705
2019,Malta,J01R,Combinations of antibacterials,0.249,0.0119716750073801
2019,Malta,J01X,Other antibacterials,0.815,0.0392723931766561
2020,Malta,J01A,Tetracyclines,2.234,0.1350298294755667
2020,Malta,J01B,Amphenicols,0.001,7.071890420272173e-06
2020,Malta,J01C,"Beta-lactam antibacterials, penicillins",6.029,0.3643611417391798
2020,Malta,J01D,Other beta-lactam antibacterials,2.251,0.1360494510097511
2020,Malta,J01E,Sulfonamides and trimethoprim,0.352,0.0212604599001449
2020,Malta,J01F,"Macrolides, lincosamides and streptogramins",2.685,0.1622693611737743
2020,Malta,J01G,Aminoglycoside antibacterials,0.055,0.0032659440605005
2020,Malta,J01M,Quinolone antibacterials,1.637,0.098906371434785
2020,Malta,J01R,Combinations of antibacterials,0.176,0.0106141821987341
2020,Malta,J01X,Other antibacterials,1.129,0.0682361871171432
2021,Malta,J01A,Tetracyclines,2.19,0.1386885265424909
2021,Malta,J01B,Amphenicols,0.001,9.058589563668646e-06
2021,Malta,J01C,"Beta-lactam antibacterials, penicillins",6.198,0.3925706389447643
2021,Malta,J01D,Other beta-lactam antibacterials,1.653,0.1047032323708128
2021,Malta,J01E,Sulfonamides and trimethoprim,0.49,0.031003054455046
2021,Malta,J01F,"Macrolides, lincosamides and streptogramins",2.547,0.1613075079490707
2021,Malta,J01G,Aminoglycoside antibacterials,0.066,0.0041805707570231
2021,Malta,J01M,Quinolone antibacterials,1.47,0.0930626913943779
2021,Malta,J01R,Combinations of antibacterials,0.183,0.0115370956844245
2021,Malta,J01X,Other antibacterials,0.994,0.0629376233124259
2022,Malta,J01A,Tetracyclines,2.453,0.1021861536931839
2022,Malta,J01B,Amphenicols,0.001,7.626059386749811e-06
2022,Malta,J01C,"Beta-lactam antibacterials, penicillins",9.681,0.4033974969689539
2022,Malta,J01D,Other beta-lactam antibacterials,2.954,0.1230860153656345
2022,Malta,J01E,Sulfonamides and trimethoprim,0.48,0.0199696907895455
2022,Malta,J01F,"Macrolides, lincosamides and streptogramins",5.115,0.2131482348422902
2022,Malta,J01G,Aminoglycoside antibacterials,0.049,0.0020371163227425
2022,Malta,J01M,Quinolone antibacterials,1.907,0.079442119167721
2022,Malta,J01R,Combinations of antibacterials,0.174,0.0072145022145993
2022,Malta,J01X,Other antibacterials,1.189,0.0495110445759423
2023,Malta,J01A,Tetracyclines,2.615,0.1141317521631502
2023,Malta,J01B,Amphenicols,0.001,1.056371704551342e-05
2023,Malta,J01C,"Beta-lactam antibacterials, penicillins",9.201,0.4016335697117803
2023,Malta,J01D,Other beta-lactam antibacterials,2.993,0.1306234605401298
2023,Malta,J01E,Sulfonamides and trimethoprim,0.367,0.0159951700241171
2023,Malta,J01F,"Macrolides, lincosamides and streptogramins",4.776,0.2084769638724805
2023,Malta,J01G,Aminoglycoside antibacterials,0.069,0.0029954685582529
2023,Malta,J01M,Quinolone antibacterials,1.724,0.075252122532308
2023,Malta,J01R,Combinations of antibacterials,0.028,0.0011866284469637
2023,Malta,J01X,Other antibacterials,1.139,0.0496943004337715
2024,Malta,J01A,Tetracyclines,2.572,0.1077392786003461
2024,Malta,J01B,Amphenicols,0.001,4.273481176509479e-06
2024,Malta,J01C,"Beta-lactam antibacterials, penicillins",9.765,0.4091029925303321
2024,Malta,J01D,Other beta-lactam antibacterials,2.427,0.1016536319206252
2024,Malta,J01E,Sulfonamides and trimethoprim,0.345,0.0144214068894968
2024,Malta,J01F,"Macrolides, lincosamides and streptogramins",5.84,0.2446716288486626
2024,Malta,J01G,Aminoglycoside antibacterials,0.049,0.0020528211490728
2024,Malta,J01M,Quinolone antibacterials,1.682,0.0704606129789226
2024,Malta,J01R,Combinations of antibacterials,0.161,0.006708946478377
2024,Malta,J01X,Other antibacterials,1.031,0.0431844071229881
2000,Netherlands,J01A,Tetracyclines,2.492,0.2671673175320967
2000,Netherlands,J01B,Amphenicols,0.001,1.265551808473534e-05
2000,Netherlands,J01C,"Beta-lactam antibacterials, penicillins",3.029,0.3248337944374922
2000,Netherlands,J01D,Other beta-lactam antibacterials,0.151,0.0161192690344354
2000,Netherlands,J01E,Sulfonamides and trimethoprim,0.745,0.0798525653593159
2000,Netherlands,J01F,"Macrolides, lincosamides and streptogramins",1.215,0.1302368641084788
2000,Netherlands,J01G,Aminoglycoside antibacterials,0.028,0.002935436694739
2000,Netherlands,J01M,Quinolone antibacterials,0.895,0.0959361200927156
2000,Netherlands,J01R,Combinations of antibacterials,0.0,0.0
2000,Netherlands,J01X,Other antibacterials,0.774,0.0829059772226414
2001,Netherlands,J01A,Tetracyclines,2.409,0.2585208266719303
2001,Netherlands,J01B,Amphenicols,0.001,1.116271361704014e-05
2001,Netherlands,J01C,"Beta-lactam antibacterials, penicillins",3.026,0.3247094930614611
2001,Netherlands,J01D,Other beta-lactam antibacterials,0.137,0.0146072694381752
2001,Netherlands,J01E,Sulfonamides and trimethoprim,0.726,0.0778925569494278
2001,Netherlands,J01F,"Macrolides, lincosamides and streptogramins",1.307,0.1401989603434939
2001,Netherlands,J01G,Aminoglycoside antibacterials,0.029,0.0030496748269323
2001,Netherlands,J01M,Quinolone antibacterials,0.885,0.0949233159141334
2001,Netherlands,J01R,Combinations of antibacterials,0.0,0.0
2001,Netherlands,J01X,Other antibacterials,0.803,0.0860867400808287
2002,Netherlands,J01A,Tetracyclines,2.349,0.2502587748740122
2002,Netherlands,J01B,Amphenicols,0.001,5.328423226852611e-06
2002,Netherlands,J01C,"Beta-lactam antibacterials, penicillins",3.099,0.3302452278908002
2002,Netherlands,J01D,Other beta-lactam antibacterials,0.147,0.0156417995193549
2002,Netherlands,J01E,Sulfonamides and trimethoprim,0.712,0.0758097151861873
2002,Netherlands,J01F,"Macrolides, lincosamides and streptogramins",1.347,0.1435458034990477
2002,Netherlands,J01G,Aminoglycoside antibacterials,0.039,0.0040595125196099
2002,Netherlands,J01M,Quinolone antibacterials,0.872,0.092926422254735
2002,Netherlands,J01R,Combinations of antibacterials,0.0,0.0
2002,Netherlands,J01X,Other antibacterials,0.822,0.0875074158330259
2010,Netherlands,J01A,Tetracyclines,2.684,0.2452467896878873
2010,Netherlands,J01B,Amphenicols,0.001,2.74163039641965e-07
2010,Netherlands,J01C,"Beta-lactam antibacterials, penicillins",3.538,0.3232422447957913
2010,Netherlands,J01D,Other beta-lactam antibacterials,0.197,0.0179488144916002
2010,Netherlands,J01E,Sulfonamides and trimethoprim,0.591,0.0539900135198933
2010,Netherlands,J01F,"Macrolides, lincosamides and streptogramins",1.523,0.1391525474224379
2010,Netherlands,J01G,Aminoglycoside antibacterials,0.092,0.0083259659632069
2010,Netherlands,J01M,Quinolone antibacterials,0.988,0.0902076821580359
2010,Netherlands,J01R,Combinations of antibacterials,0.002,0.0001189867592046
2010,Netherlands,J01X,Other antibacterials,1.333,0.1217666810389024
2011,Netherlands,J01A,Tetracyclines,2.629,0.2393561699093706
2011,Netherlands,J01B,Amphenicols,0.001,9.105734882886592e-07
2011,Netherlands,J01C,"Beta-lactam antibacterials, penicillins",3.568,0.3248366203518638
2011,Netherlands,J01D,Other beta-lactam antibacterials,0.199,0.0180426494410444
2011,Netherlands,J01E,Sulfonamides and trimethoprim,0.5750000000000001,0.0523195493753921
2011,Netherlands,J01F,"Macrolides, lincosamides and streptogramins",1.566,0.1425795090005637
2011,Netherlands,J01G,Aminoglycoside antibacterials,0.086,0.0078122652427725
2011,Netherlands,J01M,Quinolone antibacterials,0.947,0.0861726684082902
2011,Netherlands,J01R,Combinations of antibacterials,0.0,0.0
2011,Netherlands,J01X,Other antibacterials,1.416,0.1288796576972143
2012,Netherlands,J01A,Tetracyclines,2.517,0.2300821018842989
2012,Netherlands,J01B,Amphenicols,0.0,0.0
2012,Netherlands,J01C,"Beta-lactam antibacterials, penicillins",3.584,0.3276120060658563
2012,Netherlands,J01D,Other beta-lactam antibacterials,0.21,0.0191447647250051
2012,Netherlands,J01E,Sulfonamides and trimethoprim,0.553,0.050506262042213
2012,Netherlands,J01F,"Macrolides, lincosamides and streptogramins",1.573,0.1437776703498911
2012,Netherlands,J01G,Aminoglycoside antibacterials,0.08,0.0072749685426037
2012,Netherlands,J01M,Quinolone antibacterials,0.923,0.0843025307434111
2012,Netherlands,J01R,Combinations of antibacterials,0.0,0.0
2012,Netherlands,J01X,Other antibacterials,1.502,0.1372996956467206
2013,Netherlands,J01A,Tetracyclines,2.349,0.2246611024151745
2013,Netherlands,J01B,Amphenicols,0.001,2.869946096672413e-07
2013,Netherlands,J01C,"Beta-lactam antibacterials, penicillins",3.499,0.3347176040006283
2013,Netherlands,J01D,Other beta-lactam antibacterials,0.217,0.0206643772150004
2013,Netherlands,J01E,Sulfonamides and trimethoprim,0.495,0.0473003469382171
2013,Netherlands,J01F,"Macrolides, lincosamides and streptogramins",1.451,0.1388036993222526
2013,Netherlands,J01G,Aminoglycoside antibacterials,0.08,0.0075914857500479
2013,Netherlands,J01M,Quinolone antibacterials,0.868,0.0830039113538702
2013,Netherlands,J01R,Combinations of antibacterials,0.0,0.0
2013,Netherlands,J01X,Other antibacterials,1.498,0.143257186010199
2014,Netherlands,J01A,Tetracyclines,2.258,0.219913441592073
2014,Netherlands,J01B,Amphenicols,0.001,1.071701507357913e-06
2014,Netherlands,J01C,"Beta-lactam antibacterials, penicillins",3.399,0.3311378391301992
2014,Netherlands,J01D,Other beta-lactam antibacterials,0.227,0.0220195688798147
2014,Netherlands,J01E,Sulfonamides and trimethoprim,0.463,0.0450279285412817
2014,Netherlands,J01F,"Macrolides, lincosamides and streptogramins",1.415,0.1378326999902183
2014,Netherlands,J01G,Aminoglycoside antibacterials,0.074,0.0071725084791074
2014,Netherlands,J01M,Quinolone antibacterials,0.893,0.0869412002199521
2014,Netherlands,J01R,Combinations of antibacterials,0.0,0.0
2014,Netherlands,J01X,Other antibacterials,1.54,0.149953741465846
2015,Netherlands,J01A,Tetracyclines,2.276,0.2197502484123672
2015,Netherlands,J01B,Amphenicols,0.001,1.062107098824528e-06
2015,Netherlands,J01C,"Beta-lactam antibacterials, penicillins",3.456,0.3336550552290864
2015,Netherlands,J01D,Other beta-lactam antibacterials,0.237,0.0228760489152458
2015,Netherlands,J01E,Sulfonamides and trimethoprim,0.452,0.043631649285284
2015,Netherlands,J01F,"Macrolides, lincosamides and streptogramins",1.452,0.1401730326952291
2015,Netherlands,J01G,Aminoglycoside antibacterials,0.074,0.0070546119055833
2015,Netherlands,J01M,Quinolone antibacterials,0.871,0.0840421208502148
2015,Netherlands,J01R,Combinations of antibacterials,0.0,0.0
2015,Netherlands,J01X,Other antibacterials,1.542,0.1488161705998907
2016,Netherlands,J01A,Tetracyclines,2.12,0.2098733067404077
2016,Netherlands,J01B,Amphenicols,0.0,0.0
2016,Netherlands,J01C,"Beta-lactam antibacterials, penicillins",3.42,0.3385328205357683
2016,Netherlands,J01D,Other beta-lactam antibacterials,0.235,0.0232247875740575
2016,Netherlands,J01E,Sulfonamides and trimethoprim,0.45,0.0445414343943707
2016,Netherlands,J01F,"Macrolides, lincosamides and streptogramins",1.433,0.14177087817243
2016,Netherlands,J01G,Aminoglycoside antibacterials,0.065,0.0063818863447452
2016,Netherlands,J01M,Quinolone antibacterials,0.841,0.0832105393838905
2016,Netherlands,J01R,Combinations of antibacterials,0.0,0.0
2016,Netherlands,J01X,Other antibacterials,1.541,0.1524643468543299
2017,Netherlands,J01A,Tetracyclines,2.006,0.2051242129917382
2017,Netherlands,J01B,Amphenicols,0.001,2.045904365427981e-07
2017,Netherlands,J01C,"Beta-lactam antibacterials, penicillins",3.238,0.3311918170372277
2017,Netherlands,J01D,Other beta-lactam antibacterials,0.244,0.0249266850170648
2017,Netherlands,J01E,Sulfonamides and trimethoprim,0.45,0.0459365884217361
2017,Netherlands,J01F,"Macrolides, lincosamides and streptogramins",1.438,0.1470401696954917
2017,Netherlands,J01G,Aminoglycoside antibacterials,0.056,0.0056970252959707
2017,Netherlands,J01M,Quinolone antibacterials,0.82,0.0838591648536544
2017,Netherlands,J01R,Combinations of antibacterials,0.0,0.0
2017,Netherlands,J01X,Other antibacterials,1.528,0.1562241320966796
2018,Netherlands,J01A,Tetracyclines,1.961,0.2014378097359543
2018,Netherlands,J01B,Amphenicols,0.0,0.0
2018,Netherlands,J01C,"Beta-lactam antibacterials, penicillins",3.17,0.3255908805023046
2018,Netherlands,J01D,Other beta-lactam antibacterials,0.256,0.0262922791696554
2018,Netherlands,J01E,Sulfonamides and trimethoprim,0.458,0.0470468868242622
2018,Netherlands,J01F,"Macrolides, lincosamides and streptogramins",1.502,0.15426383857968
2018,Netherlands,J01G,Aminoglycoside antibacterials,0.055,0.0056124632642037
2018,Netherlands,J01M,Quinolone antibacterials,0.813,0.083516802562316
2018,Netherlands,J01R,Combinations of antibacterials,0.0,0.0
2018,Netherlands,J01X,Other antibacterials,1.521,0.1562390393616236
2019,Netherlands,J01A,Tetracyclines,1.85,0.1952183692226156
2019,Netherlands,J01B,Amphenicols,0.0,0.0
2019,Netherlands,J01C,"Beta-lactam antibacterials, penicillins",3.125,0.3297090693382686
2019,Netherlands,J01D,Other beta-lactam antibacterials,0.26,0.0273706718920682
2019,Netherlands,J01E,Sulfonamides and trimethoprim,0.482,0.0508664051644178
2019,Netherlands,J01F,"Macrolides, lincosamides and streptogramins",1.502,0.1584190106907486
2019,Netherlands,J01G,Aminoglycoside antibacterials,0.05,0.0052696548024681
2019,Netherlands,J01M,Quinolone antibacterials,0.742,0.0782364438620932
2019,Netherlands,J01R,Combinations of antibacterials,0.0,0.0
2019,Netherlands,J01X,Other antibacterials,1.468,0.1549103750273197
2020,Netherlands,J01A,Tetracyclines,1.561,0.1829622419145282
2020,Netherlands,J01B,Amphenicols,0.0,0.0
2020,Netherlands,J01C,"Beta-lactam antibacterials, penicillins",2.664,0.3122098873451898
2020,Netherlands,J01D,Other beta-lactam antibacterials,0.257,0.0300529254326306
2020,Netherlands,J01E,Sulfonamides and trimethoprim,0.479,0.0561224077174669
2020,Netherlands,J01F,"Macrolides, lincosamides and streptogramins",1.412,0.1653954053152817
2020,Netherlands,J01G,Aminoglycoside antibacterials,0.044,0.0050560168029897
2020,Netherlands,J01M,Quinolone antibacterials,0.705,0.0826253264985234
2020,Netherlands,J01R,Combinations of antibacterials,0.0,0.0
2020,Netherlands,J01X,Other antibacterials,1.413,0.1655757889733896
2021,Netherlands,J01A,Tetracyclines,1.436,0.1723031386437293
2021,Netherlands,J01B,Amphenicols,0.001,4.801884451534161e-07
2021,Netherlands,J01C,"Beta-lactam antibacterials, penicillins",2.651,0.3181295267514784
2021,Netherlands,J01D,Other beta-lactam antibacterials,0.261,0.0313074462942237
2021,Netherlands,J01E,Sulfonamides and trimethoprim,0.4780000000000001,0.057289602731696
2021,Netherlands,J01F,"Macrolides, lincosamides and streptogramins",1.353,0.1623433100085798
2021,Netherlands,J01G,Aminoglycoside antibacterials,0.044,0.0052068033579097
2021,Netherlands,J01M,Quinolone antibacterials,0.7000000000000002,0.0839499053008362
2021,Netherlands,J01R,Combinations of antibacterials,0.0,0.0
2021,Netherlands,J01X,Other antibacterials,1.412,0.1694697867231016
2022,Netherlands,J01A,Tetracyclines,1.563,0.1722521157922935
2022,Netherlands,J01B,Amphenicols,0.0,0.0
2022,Netherlands,J01C,"Beta-lactam antibacterials, penicillins",3.141,0.3461769118747844
2022,Netherlands,J01D,Other beta-lactam antibacterials,0.259,0.0284582744924248
2022,Netherlands,J01E,Sulfonamides and trimethoprim,0.49,0.05394159674658
2022,Netherlands,J01F,"Macrolides, lincosamides and streptogramins",1.45,0.1598197346068325
2022,Netherlands,J01G,Aminoglycoside antibacterials,0.041,0.0045082884378579
2022,Netherlands,J01M,Quinolone antibacterials,0.733,0.0806970952710099
2022,Netherlands,J01R,Combinations of antibacterials,0.0,0.0
2022,Netherlands,J01X,Other antibacterials,1.399,0.1541459827782169
2023,Netherlands,J01A,Tetracyclines,1.749,0.1827154993295434
2023,Netherlands,J01B,Amphenicols,0.0,0.0
2023,Netherlands,J01C,"Beta-lactam antibacterials, penicillins",3.339,0.3488159201817532
2023,Netherlands,J01D,Other beta-lactam antibacterials,0.267,0.0278914768258567
2023,Netherlands,J01E,Sulfonamides and trimethoprim,0.514,0.0536641163226856
2023,Netherlands,J01F,"Macrolides, lincosamides and streptogramins",1.522,0.1589884500482376
2023,Netherlands,J01G,Aminoglycoside antibacterials,0.041,0.004273514543836
2023,Netherlands,J01M,Quinolone antibacterials,0.752,0.0785591488204759
2023,Netherlands,J01R,Combinations of antibacterials,0.0,0.0
2023,Netherlands,J01X,Other antibacterials,1.389,0.1450918739276116
2024,Netherlands,J01A,Tetracyclines,1.867,0.1901209578621388
2024,Netherlands,J01B,Amphenicols,0.0,0.0
2024,Netherlands,J01C,"Beta-lactam antibacterials, penicillins",3.327,0.3388751765435455
2024,Netherlands,J01D,Other beta-lactam antibacterials,0.301,0.0306295092275362
2024,Netherlands,J01E,Sulfonamides and trimethoprim,0.525,0.0534378706803183
2024,Netherlands,J01F,"Macrolides, lincosamides and streptogramins",1.642,0.1672357796549094
2024,Netherlands,J01G,Aminoglycoside antibacterials,0.044,0.0044087111829606
2024,Netherlands,J01M,Quinolone antibacterials,0.741,0.075394625700176
2024,Netherlands,J01R,Combinations of antibacterials,0.0,0.0
2024,Netherlands,J01X,Other antibacterials,1.374,0.1398973691484149
2001,Norway,J01A,Tetracyclines,3.108,0.1893819655077164
2001,Norway,J01B,Amphenicols,0.003,0.0001534109152506
2001,Norway,J01C,"Beta-lactam antibacterials, penicillins",6.869,0.41862078162648
2001,Norway,J01D,Other beta-lactam antibacterials,0.523,0.0318763745727716
2001,Norway,J01E,Sulfonamides and trimethoprim,1.158,0.0705748722063305
2001,Norway,J01F,"Macrolides, lincosamides and streptogramins",1.796,0.1094571338086939
2001,Norway,J01G,Aminoglycoside antibacterials,0.054,0.0032419255392055
2001,Norway,J01M,Quinolone antibacterials,0.388,0.0236352767332995
2001,Norway,J01R,Combinations of antibacterials,0.0,0.0
2001,Norway,J01X,Other antibacterials,2.512,0.1530582590902519
2002,Norway,J01A,Tetracyclines,3.119,0.1864928579874328
2002,Norway,J01B,Amphenicols,0.003,0.0001206329107034
2002,Norway,J01C,"Beta-lactam antibacterials, penicillins",6.876,0.4111986575237646
2002,Norway,J01D,Other beta-lactam antibacterials,0.552,0.0329772220304044
2002,Norway,J01E,Sulfonamides and trimethoprim,1.151,0.0688216437331561
2002,Norway,J01F,"Macrolides, lincosamides and streptogramins",1.974,0.1180127782369378
2002,Norway,J01G,Aminoglycoside antibacterials,0.059,0.0035209618671414
2002,Norway,J01M,Quinolone antibacterials,0.433,0.025859760682726
2002,Norway,J01R,Combinations of antibacterials,0.0,0.0
2002,Norway,J01X,Other antibacterials,2.559,0.1529954850277334
2003,Norway,J01A,Tetracyclines,3.02,0.1816700888376868
2003,Norway,J01B,Amphenicols,0.003,0.000124402478593
2003,Norway,J01C,"Beta-lactam antibacterials, penicillins",6.927,0.4166497077053078
2003,Norway,J01D,Other beta-lactam antibacterials,0.544,0.0327036550687422
2003,Norway,J01E,Sulfonamides and trimethoprim,1.079,0.0648556801913055
2003,Norway,J01F,"Macrolides, lincosamides and streptogramins",1.912,0.1149869915793117
2003,Norway,J01G,Aminoglycoside antibacterials,0.061,0.0036147702798147
2003,Norway,J01M,Quinolone antibacterials,0.468,0.0281356538045051
2003,Norway,J01R,Combinations of antibacterials,0.0,0.0
2003,Norway,J01X,Other antibacterials,2.615,0.1572590500547329
2004,Norway,J01A,Tetracyclines,2.957,0.1770525044239145
2004,Norway,J01B,Amphenicols,0.002,7.897869233919258e-05
2004,Norway,J01C,"Beta-lactam antibacterials, penicillins",6.878,0.4117858004454542
2004,Norway,J01D,Other beta-lactam antibacterials,0.516,0.0308528255719952
2004,Norway,J01E,Sulfonamides and trimethoprim,1.089,0.0651874797875323
2004,Norway,J01F,"Macrolides, lincosamides and streptogramins",1.881,0.1125802039398691
2004,Norway,J01G,Aminoglycoside antibacterials,0.059,0.0034811699887914
2004,Norway,J01M,Quinolone antibacterials,0.511,0.0305492456097816
2004,Norway,J01R,Combinations of antibacterials,0.0,0.0
2004,Norway,J01X,Other antibacterials,2.813,0.1684317915403222
2005,Norway,J01A,Tetracyclines,3.1,0.1754139530345993
2005,Norway,J01B,Amphenicols,0.002,0.000109954373745
2005,Norway,J01C,"Beta-lactam antibacterials, penicillins",7.272,0.4115013293557353
2005,Norway,J01D,Other beta-lactam antibacterials,0.472,0.0266561545079086
2005,Norway,J01E,Sulfonamides and trimethoprim,1.054,0.0595999109499729
2005,Norway,J01F,"Macrolides, lincosamides and streptogramins",2.117,0.1197750026795366
2005,Norway,J01G,Aminoglycoside antibacterials,0.066,0.0037270175269422
2005,Norway,J01M,Quinolone antibacterials,0.556,0.0314588913814898
2005,Norway,J01R,Combinations of antibacterials,0.0,0.0
2005,Norway,J01X,Other antibacterials,3.036,0.1717577861900702
2006,Norway,J01A,Tetracyclines,2.813,0.1759831454873731
2006,Norway,J01B,Amphenicols,0.001,6.157311037192788e-05
2006,Norway,J01C,"Beta-lactam antibacterials, penicillins",6.678,0.4178540869965476
2006,Norway,J01D,Other beta-lactam antibacterials,0.482,0.0301208897915162
2006,Norway,J01E,Sulfonamides and trimethoprim,0.862,0.0539056937731438
2006,Norway,J01F,"Macrolides, lincosamides and streptogramins",2.079,0.1300367774185874
2006,Norway,J01G,Aminoglycoside antibacterials,0.07,0.0043522302293685
2006,Norway,J01M,Quinolone antibacterials,0.533,0.0333173101411288
2006,Norway,J01R,Combinations of antibacterials,0.0,0.0
2006,Norway,J01X,Other antibacterials,2.467,0.1543682930519626
2007,Norway,J01A,Tetracyclines,2.912,0.1751188389871622
2007,Norway,J01B,Amphenicols,0.001,3.668473219333624e-05
2007,Norway,J01C,"Beta-lactam antibacterials, penicillins",6.966,0.4188986870534348
2007,Norway,J01D,Other beta-lactam antibacterials,0.485,0.0291534769518547
2007,Norway,J01E,Sulfonamides and trimethoprim,0.843,0.0506470014050252
2007,Norway,J01F,"Macrolides, lincosamides and streptogramins",2.145,0.1289575985236139
2007,Norway,J01G,Aminoglycoside antibacterials,0.068,0.0040487315171343
2007,Norway,J01M,Quinolone antibacterials,0.5740000000000001,0.0344902034024066
2007,Norway,J01R,Combinations of antibacterials,0.0,0.0
2007,Norway,J01X,Other antibacterials,2.639,0.1586487774271746
2008,Norway,J01A,Tetracyclines,2.866,0.1697603450211684
2008,Norway,J01B,Amphenicols,0.002,6.037514949366935e-05
2008,Norway,J01C,"Beta-lactam antibacterials, penicillins",7.189,0.425931215581647
2008,Norway,J01D,Other beta-lactam antibacterials,0.47,0.0278087109076091
2008,Norway,J01E,Sulfonamides and trimethoprim,0.834,0.0493639427638842
2008,Norway,J01F,"Macrolides, lincosamides and streptogramins",1.988,0.117787117459883
2008,Norway,J01G,Aminoglycoside antibacterials,0.072,0.0042427318007288
2008,Norway,J01M,Quinolone antibacterials,0.609,0.0360754256847972
2008,Norway,J01R,Combinations of antibacterials,0.0,0.0
2008,Norway,J01X,Other antibacterials,2.852,0.1689701356307885
2009,Norway,J01A,Tetracyclines,2.764,0.1695634471017462
2009,Norway,J01B,Amphenicols,0.001,5.459970959089296e-05
2009,Norway,J01C,"Beta-lactam antibacterials, penicillins",6.906,0.423640864459411
2009,Norway,J01D,Other beta-lactam antibacterials,0.444,0.0272096119046507
2009,Norway,J01E,Sulfonamides and trimethoprim,0.779,0.0477344402637153
2009,Norway,J01F,"Macrolides, lincosamides and streptogramins",1.76,0.1079216632813824
2009,Norway,J01G,Aminoglycoside antibacterials,0.068,0.0041197628065919
2009,Norway,J01M,Quinolone antibacterials,0.602,0.0368735151102855
2009,Norway,J01R,Combinations of antibacterials,0.0,0.0
2009,Norway,J01X,Other antibacterials,2.982,0.1828820953626258
2010,Norway,J01A,Tetracyclines,2.829,0.168337634892659
2010,Norway,J01B,Amphenicols,0.001,3.267383761186028e-05
2010,Norway,J01C,"Beta-lactam antibacterials, penicillins",7.045,0.4192378318522185
2010,Norway,J01D,Other beta-lactam antibacterials,0.436,0.0259154120170922
2010,Norway,J01E,Sulfonamides and trimethoprim,0.742,0.0441518175283414
2010,Norway,J01F,"Macrolides, lincosamides and streptogramins",1.863,0.1108393581548959
2010,Norway,J01G,Aminoglycoside antibacterials,0.07,0.0041394002797451
2010,Norway,J01M,Quinolone antibacterials,0.633,0.0376423439604047
2010,Norway,J01R,Combinations of antibacterials,0.0,0.0
2010,Norway,J01X,Other antibacterials,3.188,0.189703527477031
2011,Norway,J01A,Tetracyclines,3.156,0.1799904318572721
2011,Norway,J01B,Amphenicols,0.001,2.874892056074314e-05
2011,Norway,J01C,"Beta-lactam antibacterials, penicillins",7.133,0.4068708665226977
2011,Norway,J01D,Other beta-lactam antibacterials,0.43,0.0245211750345514
2011,Norway,J01E,Sulfonamides and trimethoprim,0.734,0.0418164457857818
2011,Norway,J01F,"Macrolides, lincosamides and streptogramins",2.078,0.1184885049665757
2011,Norway,J01G,Aminoglycoside antibacterials,0.071,0.0040454979047798
2011,Norway,J01M,Quinolone antibacterials,0.644,0.0366981111788067
2011,Norway,J01R,Combinations of antibacterials,0.0,0.0
2011,Norway,J01X,Other antibacterials,3.288,0.187540217828974
2012,Norway,J01A,Tetracyclines,3.512,0.1958701697319957
2012,Norway,J01B,Amphenicols,0.001,1.143453427922776e-05
2012,Norway,J01C,"Beta-lactam antibacterials, penicillins",7.079,0.3948435605109418
2012,Norway,J01D,Other beta-lactam antibacterials,0.42,0.0233716860627975
2012,Norway,J01E,Sulfonamides and trimethoprim,0.719,0.0400622016353503
2012,Norway,J01F,"Macrolides, lincosamides and streptogramins",2.075,0.1157330490280478
2012,Norway,J01G,Aminoglycoside antibacterials,0.074,0.0040891567928998
2012,Norway,J01M,Quinolone antibacterials,0.637,0.0355108107664897
2012,Norway,J01R,Combinations of antibacterials,0.0,0.0
2012,Norway,J01X,Other antibacterials,3.416,0.1905079309371978
2013,Norway,J01A,Tetracyclines,3.306,0.1923315137466445
2013,Norway,J01B,Amphenicols,0.001,1.204613214700075e-05
2013,Norway,J01C,"Beta-lactam antibacterials, penicillins",6.803,0.3958819337056538
2013,Norway,J01D,Other beta-lactam antibacterials,0.407,0.0236274116196525
2013,Norway,J01E,Sulfonamides and trimethoprim,0.714,0.0415379151427388
2013,Norway,J01F,"Macrolides, lincosamides and streptogramins",1.771,0.1030401120488149
2013,Norway,J01G,Aminoglycoside antibacterials,0.07,0.0040537853399037
2013,Norway,J01M,Quinolone antibacterials,0.608,0.0353545249433206
2013,Norway,J01R,Combinations of antibacterials,0.0,0.0
2013,Norway,J01X,Other antibacterials,3.509,0.2041607573211241
2014,Norway,J01A,Tetracyclines,3.187,0.1885094485914242
2014,Norway,J01B,Amphenicols,0.001,1.129775608818922e-05
2014,Norway,J01C,"Beta-lactam antibacterials, penicillins",6.751,0.3992842309587855
2014,Norway,J01D,Other beta-lactam antibacterials,0.376,0.0222263535599052
2014,Norway,J01E,Sulfonamides and trimethoprim,0.735,0.0434532401846159
2014,Norway,J01F,"Macrolides, lincosamides and streptogramins",1.536,0.0908248497635042
2014,Norway,J01G,Aminoglycoside antibacterials,0.072,0.0042134123647847
2014,Norway,J01M,Quinolone antibacterials,0.5700000000000001,0.0337030992288423
2014,Norway,J01R,Combinations of antibacterials,0.0,0.0
2014,Norway,J01X,Other antibacterials,3.682,0.2177740675920495
2015,Norway,J01A,Tetracyclines,3.151,0.1876279227009174
2015,Norway,J01B,Amphenicols,0.001,5.181829812508294e-06
2015,Norway,J01C,"Beta-lactam antibacterials, penicillins",6.758,0.4024741510078122
2015,Norway,J01D,Other beta-lactam antibacterials,0.354,0.0210518685678303
2015,Norway,J01E,Sulfonamides and trimethoprim,0.728,0.0433535111006706
2015,Norway,J01F,"Macrolides, lincosamides and streptogramins",1.378,0.082026340849091
2015,Norway,J01G,Aminoglycoside antibacterials,0.074,0.0043650066625227
2015,Norway,J01M,Quinolone antibacterials,0.514,0.030571425984768
2015,Norway,J01R,Combinations of antibacterials,0.0,0.0
2015,Norway,J01X,Other antibacterials,3.837,0.2285245912965748
2016,Norway,J01A,Tetracyclines,2.959,0.1822392898998395
2016,Norway,J01B,Amphenicols,0.001,7.023228589271796e-06
2016,Norway,J01C,"Beta-lactam antibacterials, penicillins",6.514,0.4012486314715432
2016,Norway,J01D,Other beta-lactam antibacterials,0.335,0.0206225402142984
2016,Norway,J01E,Sulfonamides and trimethoprim,0.717,0.0441281157644929
2016,Norway,J01F,"Macrolides, lincosamides and streptogramins",1.215,0.0748198095214156
2016,Norway,J01G,Aminoglycoside antibacterials,0.073,0.0044636930193605
2016,Norway,J01M,Quinolone antibacterials,0.463,0.0285240420208391
2016,Norway,J01R,Combinations of antibacterials,0.0,0.0
2016,Norway,J01X,Other antibacterials,3.96,0.2439468548596213
2017,Norway,J01A,Tetracyclines,2.802,0.1779982452862635
2017,Norway,J01B,Amphenicols,0.001,5.971439114920917e-06
2017,Norway,J01C,"Beta-lactam antibacterials, penicillins",6.3,0.4001928266626535
2017,Norway,J01D,Other beta-lactam antibacterials,0.33,0.0209536528023614
2017,Norway,J01E,Sulfonamides and trimethoprim,0.714,0.0453208724221726
2017,Norway,J01F,"Macrolides, lincosamides and streptogramins",1.074,0.0682216590576344
2017,Norway,J01G,Aminoglycoside antibacterials,0.084,0.0053255072753409
2017,Norway,J01M,Quinolone antibacterials,0.4,0.0253792514978942
2017,Norway,J01R,Combinations of antibacterials,0.0,0.0
2017,Norway,J01X,Other antibacterials,4.04,0.2566020135565644
2018,Norway,J01A,Tetracyclines,2.695,0.1763344613090666
2018,Norway,J01B,Amphenicols,0.001,3.926960369704994e-06
2018,Norway,J01C,"Beta-lactam antibacterials, penicillins",6.087,0.3983492891187266
2018,Norway,J01D,Other beta-lactam antibacterials,0.324,0.0211638947671485
2018,Norway,J01E,Sulfonamides and trimethoprim,0.743,0.0486169474650587
2018,Norway,J01F,"Macrolides, lincosamides and streptogramins",0.9530000000000002,0.0623563346092245
2018,Norway,J01G,Aminoglycoside antibacterials,0.09,0.0058638681227224
2018,Norway,J01M,Quinolone antibacterials,0.361,0.0235736085486785
2018,Norway,J01R,Combinations of antibacterials,0.0,0.0
2018,Norway,J01X,Other antibacterials,4.03,0.2637376690990041
2019,Norway,J01A,Tetracyclines,2.784,0.186693177133676
2019,Norway,J01B,Amphenicols,0.001,3.084899864485713e-06
2019,Norway,J01C,"Beta-lactam antibacterials, penicillins",6.324,0.4240609313326104
2019,Norway,J01D,Other beta-lactam antibacterials,0.309,0.0206707739202297
2019,Norway,J01E,Sulfonamides and trimethoprim,0.786,0.0527026304739955
2019,Norway,J01F,"Macrolides, lincosamides and streptogramins",0.933,0.0625307861270443
2019,Norway,J01G,Aminoglycoside antibacterials,0.096,0.0064277912458991
2019,Norway,J01M,Quinolone antibacterials,0.315,0.0210900520496376
2019,Norway,J01R,Combinations of antibacterials,0.0,0.0
2019,Norway,J01X,Other antibacterials,3.368,0.2258207728170427
2020,Norway,J01A,Tetracyclines,2.549,0.1831266854378814
2020,Norway,J01B,Amphenicols,0.001,3.161346730833383e-06
2020,Norway,J01C,"Beta-lactam antibacterials, penicillins",5.329,0.3828519500372141
2020,Norway,J01D,Other beta-lactam antibacterials,0.283,0.0202814762540828
2020,Norway,J01E,Sulfonamides and trimethoprim,0.763,0.0548181834053868
2020,Norway,J01F,"Macrolides, lincosamides and streptogramins",0.708,0.0508049974281725
2020,Norway,J01G,Aminoglycoside antibacterials,0.085,0.00608063489039
2020,Norway,J01M,Quinolone antibacterials,0.272,0.019476123174403
2020,Norway,J01R,Combinations of antibacterials,0.0,0.0
2020,Norway,J01X,Other antibacterials,3.933,0.2825567880257382
2021,Norway,J01A,Tetracyclines,2.567,0.1834900873092335
2021,Norway,J01B,Amphenicols,0.001,1.787307031609025e-06
2021,Norway,J01C,"Beta-lactam antibacterials, penicillins",5.408,0.3866208200965374
2021,Norway,J01D,Other beta-lactam antibacterials,0.292,0.0208555853058768
2021,Norway,J01E,Sulfonamides and trimethoprim,0.769,0.0549581898840709
2021,Norway,J01F,"Macrolides, lincosamides and streptogramins",0.624,0.0446101826170235
2021,Norway,J01G,Aminoglycoside antibacterials,0.081,0.0057333234959954
2021,Norway,J01M,Quinolone antibacterials,0.247,0.0176350010194799
2021,Norway,J01R,Combinations of antibacterials,0.0,0.0
2021,Norway,J01X,Other antibacterials,4.002,0.2860950229647506
2022,Norway,J01A,Tetracyclines,2.707,0.1773451813869237
2022,Norway,J01B,Amphenicols,0.001,2.228046744158569e-06
2022,Norway,J01C,"Beta-lactam antibacterials, penicillins",6.413,0.4202430366494685
2022,Norway,J01D,Other beta-lactam antibacterials,0.311,0.0203452122519242
2022,Norway,J01E,Sulfonamides and trimethoprim,0.791,0.0518072637338275
2022,Norway,J01F,"Macrolides, lincosamides and streptogramins",0.654,0.0428006468937129
2022,Norway,J01G,Aminoglycoside antibacterials,0.087,0.0056754903652378
2022,Norway,J01M,Quinolone antibacterials,0.245,0.015997768807778
2022,Norway,J01R,Combinations of antibacterials,0.0,0.0
2022,Norway,J01X,Other antibacterials,4.056,0.265783171864383
2023,Norway,J01A,Tetracyclines,2.718,0.175434184928492
2023,Norway,J01B,Amphenicols,0.001,1.09751072945857e-06
2023,Norway,J01C,"Beta-lactam antibacterials, penicillins",6.51,0.4202713330584822
2023,Norway,J01D,Other beta-lactam antibacterials,0.303,0.0195218752610622
2023,Norway,J01E,Sulfonamides and trimethoprim,0.802,0.0517469852994248
2023,Norway,J01F,"Macrolides, lincosamides and streptogramins",0.669,0.0431374009835503
2023,Norway,J01G,Aminoglycoside antibacterials,0.09,0.0058006024430072
2023,Norway,J01M,Quinolone antibacterials,0.236,0.0152048490864643
2023,Norway,J01R,Combinations of antibacterials,0.0,0.0
2023,Norway,J01X,Other antibacterials,4.165,0.2688816714287873
2024,Norway,J01A,Tetracyclines,3.238,0.2017132055717716
2024,Norway,J01B,Amphenicols,0.001,4.984342001124841e-07
2024,Norway,J01C,"Beta-lactam antibacterials, penicillins",6.332,0.3944555301056437
2024,Norway,J01D,Other beta-lactam antibacterials,0.295,0.0183775181752473
2024,Norway,J01E,Sulfonamides and trimethoprim,0.806,0.0501864050452008
2024,Norway,J01F,"Macrolides, lincosamides and streptogramins",0.728,0.0453007530156982
2024,Norway,J01G,Aminoglycoside antibacterials,0.092,0.0056904986541342
2024,Norway,J01M,Quinolone antibacterials,0.221,0.0137185914025209
2024,Norway,J01R,Combinations of antibacterials,0.0,0.0
2024,Norway,J01X,Other antibacterials,4.343,0.2705569995955829
2000,Poland,J01A,Tetracyclines,4.358,0.197100977671655
2000,Poland,J01B,Amphenicols,0.0,0.0
2000,Poland,J01C,"Beta-lactam antibacterials, penicillins",7.751,0.3505904202100541
2000,Poland,J01D,Other beta-lactam antibacterials,2.458,0.1111749650993098
2000,Poland,J01E,Sulfonamides and trimethoprim,2.783,0.1258483401890804
2000,Poland,J01F,"Macrolides, lincosamides and streptogramins",2.464,0.1114475846885946
2000,Poland,J01G,Aminoglycoside antibacterials,0.368,0.0166296592472252
2000,Poland,J01M,Quinolone antibacterials,1.106,0.050021827208032
2000,Poland,J01R,Combinations of antibacterials,0.0,0.0
2000,Poland,J01X,Other antibacterials,0.8230000000000002,0.0371862256860485
2001,Poland,J01A,Tetracyclines,4.403,0.1849996598694764
2001,Poland,J01B,Amphenicols,0.0,0.0
2001,Poland,J01C,"Beta-lactam antibacterials, penicillins",8.786,0.3691386361509712
2001,Poland,J01D,Other beta-lactam antibacterials,2.762,0.1160307696483571
2001,Poland,J01E,Sulfonamides and trimethoprim,2.79,0.1171980539071795
2001,Poland,J01F,"Macrolides, lincosamides and streptogramins",2.711,0.1138979684900898
2001,Poland,J01G,Aminoglycoside antibacterials,0.3500000000000001,0.0146746887889744
2001,Poland,J01M,Quinolone antibacterials,1.166,0.0489845097542669
2001,Poland,J01R,Combinations of antibacterials,0.0,0.0
2001,Poland,J01X,Other antibacterials,0.835,0.0350757133906845
2002,Poland,J01A,Tetracyclines,4.14,0.2087621400837073
2002,Poland,J01B,Amphenicols,0.0,0.0
2002,Poland,J01C,"Beta-lactam antibacterials, penicillins",7.395,0.3728965256416721
2002,Poland,J01D,Other beta-lactam antibacterials,2.451,0.1235921032726539
2002,Poland,J01E,Sulfonamides and trimethoprim,1.328,0.0669485149513388
2002,Poland,J01F,"Macrolides, lincosamides and streptogramins",2.462,0.1241115929605164
2002,Poland,J01G,Aminoglycoside antibacterials,0.249,0.0125392567192779
2002,Poland,J01M,Quinolone antibacterials,1.21,0.0609948565377439
2002,Poland,J01R,Combinations of antibacterials,0.0,0.0
2002,Poland,J01X,Other antibacterials,0.599,0.0301550098330896
2004,Poland,J01A,Tetracyclines,2.851,0.1689469138815415
2004,Poland,J01B,Amphenicols,0.0,0.0
2004,Poland,J01C,"Beta-lactam antibacterials, penicillins",4.909,0.2909587186741775
2004,Poland,J01D,Other beta-lactam antibacterials,2.53,0.1499731261976803
2004,Poland,J01E,Sulfonamides and trimethoprim,0.588,0.0348112808201788
2004,Poland,J01F,"Macrolides, lincosamides and streptogramins",2.988,0.1770816704544491
2004,Poland,J01G,Aminoglycoside antibacterials,0.055,0.0032407428539011
2004,Poland,J01M,Quinolone antibacterials,1.005,0.0595290140145085
2004,Poland,J01R,Combinations of antibacterials,0.0,0.0
2004,Poland,J01X,Other antibacterials,1.948,0.1154585331035629
2014,Poland,J01A,Tetracyclines,2.462,0.1160856441171673
2014,Poland,J01B,Amphenicols,0.001,3.301827297262851e-07
2014,Poland,J01C,"Beta-lactam antibacterials, penicillins",6.395,0.3016391402758686
2014,Poland,J01D,Other beta-lactam antibacterials,2.727,0.1286025412183611
2014,Poland,J01E,Sulfonamides and trimethoprim,0.5750000000000001,0.0270912099602733
2014,Poland,J01F,"Macrolides, lincosamides and streptogramins",3.875,0.1827526032313946
2014,Poland,J01G,Aminoglycoside antibacterials,0.094,0.0044046376145486
2014,Poland,J01M,Quinolone antibacterials,1.352,0.0637498418660569
2014,Poland,J01R,Combinations of antibacterials,0.0,0.0
2014,Poland,J01X,Other antibacterials,3.725,0.1756740515335997
2015,Poland,J01A,Tetracyclines,2.46,0.1019939506380692
2015,Poland,J01B,Amphenicols,0.0,0.0
2015,Poland,J01C,"Beta-lactam antibacterials, penicillins",7.429,0.3080550065643954
2015,Poland,J01D,Other beta-lactam antibacterials,3.201,0.1327304567210203
2015,Poland,J01E,Sulfonamides and trimethoprim,0.649,0.0268861129241872
2015,Poland,J01F,"Macrolides, lincosamides and streptogramins",4.686,0.1943068487833683
2015,Poland,J01G,Aminoglycoside antibacterials,0.086,0.0035575041862015
2015,Poland,J01M,Quinolone antibacterials,1.542,0.0639387450269418
2015,Poland,J01R,Combinations of antibacterials,0.0,0.0
2015,Poland,J01X,Other antibacterials,4.065,0.1685313751558163
2016,Poland,J01A,Tetracyclines,2.345,0.1066307411896989
2016,Poland,J01B,Amphenicols,0.0,0.0
2016,Poland,J01C,"Beta-lactam antibacterials, penicillins",7.187,0.3268858021303944
2016,Poland,J01D,Other beta-lactam antibacterials,3.197,0.1453933872021424
2016,Poland,J01E,Sulfonamides and trimethoprim,0.62,0.0281594330325509
2016,Poland,J01F,"Macrolides, lincosamides and streptogramins",4.258,0.1936483515353921
2016,Poland,J01G,Aminoglycoside antibacterials,0.047,0.0021205880155006
2016,Poland,J01M,Quinolone antibacterials,1.621,0.0736900128141316
2016,Poland,J01R,Combinations of antibacterials,0.0,0.0
2016,Poland,J01X,Other antibacterials,2.715,0.1234716840801891
2017,Poland,J01A,Tetracyclines,2.455,0.0966220863809867
2017,Poland,J01B,Amphenicols,0.001,3.9361594302015614e-08
2017,Poland,J01C,"Beta-lactam antibacterials, penicillins",7.015,0.2761087127873028
2017,Poland,J01D,Other beta-lactam antibacterials,4.632,0.1822950367981705
2017,Poland,J01E,Sulfonamides and trimethoprim,0.51,0.0200359174548005
2017,Poland,J01F,"Macrolides, lincosamides and streptogramins",4.546,0.1789237556077971
2017,Poland,J01G,Aminoglycoside antibacterials,0.079,0.0031000010824438
2017,Poland,J01M,Quinolone antibacterials,1.662,0.0653926761849562
2017,Poland,J01R,Combinations of antibacterials,0.0,0.0
2017,Poland,J01X,Other antibacterials,4.511,0.1775217743419479
2018,Poland,J01A,Tetracyclines,2.336,0.0957965301583066
2018,Poland,J01B,Amphenicols,0.001,4.101070219385522e-08
2018,Poland,J01C,"Beta-lactam antibacterials, penicillins",7.073,0.2900385537510255
2018,Poland,J01D,Other beta-lactam antibacterials,3.453,0.1415731680755142
2018,Poland,J01E,Sulfonamides and trimethoprim,0.596,0.0244235545952307
2018,Poland,J01F,"Macrolides, lincosamides and streptogramins",6.103,0.25027638137476
2018,Poland,J01G,Aminoglycoside antibacterials,0.077,0.0031362524395728
2018,Poland,J01M,Quinolone antibacterials,1.66,0.0680429885663392
2018,Poland,J01R,Combinations of antibacterials,0.0,0.0
2018,Poland,J01X,Other antibacterials,3.09,0.1267125300285488
2019,Poland,J01A,Tetracyclines,2.212,0.0935142600482082
2019,Poland,J01B,Amphenicols,0.001,4.2289460020263414e-08
2019,Poland,J01C,"Beta-lactam antibacterials, penicillins",6.69,0.282903293224036
2019,Poland,J01D,Other beta-lactam antibacterials,4.065,0.1718870749623814
2019,Poland,J01E,Sulfonamides and trimethoprim,0.555,0.0234368187432299
2019,Poland,J01F,"Macrolides, lincosamides and streptogramins",4.001,0.1691880770449681
2019,Poland,J01G,Aminoglycoside antibacterials,0.072,0.003013673789424
2019,Poland,J01M,Quinolone antibacterials,1.517,0.0641382249608124
2019,Poland,J01R,Combinations of antibacterials,0.0,0.0
2019,Poland,J01X,Other antibacterials,4.539,0.1919185349374797
2020,Poland,J01A,Tetracyclines,1.805,0.0974798690103116
2020,Poland,J01B,Amphenicols,0.0,0.0
2020,Poland,J01C,"Beta-lactam antibacterials, penicillins",4.651,0.2512643718778386
2020,Poland,J01D,Other beta-lactam antibacterials,2.854,0.1541921773931535
2020,Poland,J01E,Sulfonamides and trimethoprim,0.4750000000000001,0.025628652219373
2020,Poland,J01F,"Macrolides, lincosamides and streptogramins",2.868,0.1549543585539868
2020,Poland,J01G,Aminoglycoside antibacterials,0.06,0.0031920185919035
2020,Poland,J01M,Quinolone antibacterials,1.296,0.0700024979182663
2020,Poland,J01R,Combinations of antibacterials,0.0,0.0
2020,Poland,J01X,Other antibacterials,4.503,0.2432860544351665
2021,Poland,J01A,Tetracyclines,1.782,0.0863613060455546
2021,Poland,J01B,Amphenicols,0.0,0.0
2021,Poland,J01C,"Beta-lactam antibacterials, penicillins",5.567,0.2698564839177973
2021,Poland,J01D,Other beta-lactam antibacterials,2.859,0.1385976015771328
2021,Poland,J01E,Sulfonamides and trimethoprim,0.301,0.0145545915959452
2021,Poland,J01F,"Macrolides, lincosamides and streptogramins",3.827,0.1855053774596342
2021,Poland,J01G,Aminoglycoside antibacterials,0.059,0.0028404098354099
2021,Poland,J01M,Quinolone antibacterials,1.456,0.0705750460372792
2021,Poland,J01R,Combinations of antibacterials,0.0,0.0
2021,Poland,J01X,Other antibacterials,4.78,0.2317091835312466
2022,Poland,J01A,Tetracyclines,1.985,0.0824870203895938
2022,Poland,J01B,Amphenicols,0.0,0.0
2022,Poland,J01C,"Beta-lactam antibacterials, penicillins",7.365,0.3060509791166414
2022,Poland,J01D,Other beta-lactam antibacterials,3.536,0.14691189847245
2022,Poland,J01E,Sulfonamides and trimethoprim,0.588,0.024393942359505
2022,Poland,J01F,"Macrolides, lincosamides and streptogramins",4.743,0.1970797232340688
2022,Poland,J01G,Aminoglycoside antibacterials,0.065,0.0026951363087129
2022,Poland,J01M,Quinolone antibacterials,1.5,0.0623327149430007
2022,Poland,J01R,Combinations of antibacterials,0.0,0.0
2022,Poland,J01X,Other antibacterials,4.285,0.1780485851760272
2023,Poland,J01A,Tetracyclines,1.919,0.0825680455635233
2023,Poland,J01B,Amphenicols,0.0,0.0
2023,Poland,J01C,"Beta-lactam antibacterials, penicillins",7.971,0.3430831567704045
2023,Poland,J01D,Other beta-lactam antibacterials,3.5,0.1506313866228389
2023,Poland,J01E,Sulfonamides and trimethoprim,0.399,0.017148693290844
2023,Poland,J01F,"Macrolides, lincosamides and streptogramins",4.481,0.1928687028674692
2023,Poland,J01G,Aminoglycoside antibacterials,0.064,0.0027483295788153
2023,Poland,J01M,Quinolone antibacterials,1.427,0.0613979272856595
2023,Poland,J01R,Combinations of antibacterials,0.0,0.0
2023,Poland,J01X,Other antibacterials,3.475,0.1495537580204451
2024,Poland,J01A,Tetracyclines,1.906,0.0839567267464735
2024,Poland,J01B,Amphenicols,0.0,0.0
2024,Poland,J01C,"Beta-lactam antibacterials, penicillins",6.892,0.3036834120149537
2024,Poland,J01D,Other beta-lactam antibacterials,3.249,0.1431541790650238
2024,Poland,J01E,Sulfonamides and trimethoprim,0.393,0.0173171977002232
2024,Poland,J01F,"Macrolides, lincosamides and streptogramins",5.303,0.2336413841014817
2024,Poland,J01G,Aminoglycoside antibacterials,0.061,0.0026604591489729
2024,Poland,J01M,Quinolone antibacterials,1.374,0.0605045261999286
2024,Poland,J01R,Combinations of antibacterials,0.0,0.0
2024,Poland,J01X,Other antibacterials,3.52,0.1550821150229422
2009,Portugal,J01A,Tetracyclines,0.734,0.0249499648295811
2009,Portugal,J01B,Amphenicols,0.001,8.161373477542536e-07
2009,Portugal,J01C,"Beta-lactam antibacterials, penicillins",8.618,0.2930469348686691
2009,Portugal,J01D,Other beta-lactam antibacterials,2.344,0.079706727845229
2009,Portugal,J01E,Sulfonamides and trimethoprim,0.021,0.0007101415097146
2009,Portugal,J01F,"Macrolides, lincosamides and streptogramins",3.986,0.1355434786120156
2009,Portugal,J01G,Aminoglycoside antibacterials,0.082,0.0027557897718607
2009,Portugal,J01M,Quinolone antibacterials,3.128,0.106337357513896
2009,Portugal,J01R,Combinations of antibacterials,0.0,0.0
2009,Portugal,J01X,Other antibacterials,10.497,0.3569487889116859
2010,Portugal,J01A,Tetracyclines,0.73,0.0376353686555676
2010,Portugal,J01B,Amphenicols,0.001,2.322441358613745e-06
2010,Portugal,J01C,"Beta-lactam antibacterials, penicillins",8.652000000000001,0.4464809904046013
2010,Portugal,J01D,Other beta-lactam antibacterials,2.202,0.1136073800373882
2010,Portugal,J01E,Sulfonamides and trimethoprim,0.021,0.0010471630036949
2010,Portugal,J01F,"Macrolides, lincosamides and streptogramins",3.549,0.1831344618196318
2010,Portugal,J01G,Aminoglycoside antibacterials,0.077,0.0039479954802194
2010,Portugal,J01M,Quinolone antibacterials,3.062,0.1579843314687398
2010,Portugal,J01R,Combinations of antibacterials,0.0,0.0
2010,Portugal,J01X,Other antibacterials,1.089,0.0561599866887983
2011,Portugal,J01A,Tetracyclines,1.037,0.0523596870112327
2011,Portugal,J01B,Amphenicols,0.0,0.0
2011,Portugal,J01C,"Beta-lactam antibacterials, penicillins",8.824,0.4455640970687754
2011,Portugal,J01D,Other beta-lactam antibacterials,2.044,0.1031886483094045
2011,Portugal,J01E,Sulfonamides and trimethoprim,0.026,0.0013104490714546
2011,Portugal,J01F,"Macrolides, lincosamides and streptogramins",3.544,0.1789339681125069
2011,Portugal,J01G,Aminoglycoside antibacterials,0.071,0.0035434643890135
2011,Portugal,J01M,Quinolone antibacterials,2.78,0.1403490450537946
2011,Portugal,J01R,Combinations of antibacterials,0.0,0.0
2011,Portugal,J01X,Other antibacterials,1.481,0.0747506409838175
2012,Portugal,J01A,Tetracyclines,1.094,0.0561467513721117
2012,Portugal,J01B,Amphenicols,0.001,8.217314271492462e-07
2012,Portugal,J01C,"Beta-lactam antibacterials, penicillins",8.862,0.4550868821773746
2012,Portugal,J01D,Other beta-lactam antibacterials,1.951,0.1001496475645267
2012,Portugal,J01E,Sulfonamides and trimethoprim,0.02,0.0009985577586289
2012,Portugal,J01F,"Macrolides, lincosamides and streptogramins",3.37,0.1730712242904631
2012,Portugal,J01G,Aminoglycoside antibacterials,0.069,0.003493334371454
2012,Portugal,J01M,Quinolone antibacterials,2.559,0.1313911574097423
2012,Portugal,J01R,Combinations of antibacterials,0.0,0.0
2012,Portugal,J01X,Other antibacterials,1.552,0.0796616233242713
2013,Portugal,J01A,Tetracyclines,0.769,0.0449260712070387
2013,Portugal,J01B,Amphenicols,0.001,2.04581646898624e-06
2013,Portugal,J01C,"Beta-lactam antibacterials, penicillins",8.018,0.468618695115128
2013,Portugal,J01D,Other beta-lactam antibacterials,1.834,0.107196165274849
2013,Portugal,J01E,Sulfonamides and trimethoprim,0.016,0.0008951323830301
2013,Portugal,J01F,"Macrolides, lincosamides and streptogramins",2.905,0.1697462439394148
2013,Portugal,J01G,Aminoglycoside antibacterials,0.076,0.0044216523603695
2013,Portugal,J01M,Quinolone antibacterials,2.343,0.1369021802792177
2013,Portugal,J01R,Combinations of antibacterials,0.0,0.0
2013,Portugal,J01X,Other antibacterials,1.152,0.067291813624483
2014,Portugal,J01A,Tetracyclines,0.843,0.0480555916521706
2014,Portugal,J01B,Amphenicols,0.001,9.127151141173412e-07
2014,Portugal,J01C,"Beta-lactam antibacterials, penicillins",8.339,0.4756769978791924
2014,Portugal,J01D,Other beta-lactam antibacterials,1.841,0.10499469655474
2014,Portugal,J01E,Sulfonamides and trimethoprim,0.022,0.0012438025217634
2014,Portugal,J01F,"Macrolides, lincosamides and streptogramins",2.942,0.167791835238493
2014,Portugal,J01G,Aminoglycoside antibacterials,0.07,0.0039652337685881
2014,Portugal,J01M,Quinolone antibacterials,2.266,0.1292249440020755
2014,Portugal,J01R,Combinations of antibacterials,0.0,0.0
2014,Portugal,J01X,Other antibacterials,1.211,0.0690459856678627
2015,Portugal,J01A,Tetracyclines,0.842,0.045990888091429
2015,Portugal,J01B,Amphenicols,0.001,3.824951425849e-06
2015,Portugal,J01C,"Beta-lactam antibacterials, penicillins",8.757,0.4784851946512317
2015,Portugal,J01D,Other beta-lactam antibacterials,1.962,0.1071643744461334
2015,Portugal,J01E,Sulfonamides and trimethoprim,0.016,0.0008210531446401
2015,Portugal,J01F,"Macrolides, lincosamides and streptogramins",3.223,0.1760720218682309
2015,Portugal,J01G,Aminoglycoside antibacterials,0.069,0.0037664296690335
2015,Portugal,J01M,Quinolone antibacterials,2.184,0.1193003442565568
2015,Portugal,J01R,Combinations of antibacterials,0.0,0.0
2015,Portugal,J01X,Other antibacterials,1.252,0.0683958689213189
2016,Portugal,J01A,Tetracyclines,0.8230000000000002,0.0432822557591908
2016,Portugal,J01B,Amphenicols,0.001,1.631983507490541e-06
2016,Portugal,J01C,"Beta-lactam antibacterials, penicillins",9.107,0.4794106328463529
2016,Portugal,J01D,Other beta-lactam antibacterials,1.949,0.1025678997267217
2016,Portugal,J01E,Sulfonamides and trimethoprim,0.489,0.0257102155323767
2016,Portugal,J01F,"Macrolides, lincosamides and streptogramins",3.255,0.1713320512611284
2016,Portugal,J01G,Aminoglycoside antibacterials,0.067,0.0034763354494719
2016,Portugal,J01M,Quinolone antibacterials,2.043,0.1075378159533232
2016,Portugal,J01R,Combinations of antibacterials,0.0,0.0
2016,Portugal,J01X,Other antibacterials,1.267,0.0666811614879267
2017,Portugal,J01A,Tetracyclines,0.843,0.0460410200015113
2017,Portugal,J01B,Amphenicols,0.001,7.103333337522478e-07
2017,Portugal,J01C,"Beta-lactam antibacterials, penicillins",9.136,0.4991911762174717
2017,Portugal,J01D,Other beta-lactam antibacterials,2.037,0.1113003815528182
2017,Portugal,J01E,Sulfonamides and trimethoprim,0.479,0.0261514680923457
2017,Portugal,J01F,"Macrolides, lincosamides and streptogramins",2.598,0.1419468389811481
2017,Portugal,J01G,Aminoglycoside antibacterials,0.062,0.003351024822489
2017,Portugal,J01M,Quinolone antibacterials,1.858,0.1015190369060241
2017,Portugal,J01R,Combinations of antibacterials,0.0,0.0
2017,Portugal,J01X,Other antibacterials,1.291,0.0704983430928579
2018,Portugal,J01A,Tetracyclines,0.872,0.0457173110374151
2018,Portugal,J01B,Amphenicols,0.001,2.04555482055449e-06
2018,Portugal,J01C,"Beta-lactam antibacterials, penicillins",9.713,0.5094167902916079
2018,Portugal,J01D,Other beta-lactam antibacterials,2.014,0.1055894942822022
2018,Portugal,J01E,Sulfonamides and trimethoprim,0.4130000000000001,0.0216327912298358
2018,Portugal,J01F,"Macrolides, lincosamides and streptogramins",2.84,0.1489565677310475
2018,Portugal,J01G,Aminoglycoside antibacterials,0.06,0.0031197333519636
2018,Portugal,J01M,Quinolone antibacterials,1.82,0.0954490496352303
2018,Portugal,J01R,Combinations of antibacterials,0.0,0.0
2018,Portugal,J01X,Other antibacterials,1.337,0.0701162168858767
2019,Portugal,J01A,Tetracyclines,0.878,0.0454810329135733
2019,Portugal,J01B,Amphenicols,0.001,2.072829163587004e-07
2019,Portugal,J01C,"Beta-lactam antibacterials, penicillins",9.567,0.4957618157610363
2019,Portugal,J01D,Other beta-lactam antibacterials,2.04,0.1056640730564493
2019,Portugal,J01E,Sulfonamides and trimethoprim,0.436,0.0225768406839569
2019,Portugal,J01F,"Macrolides, lincosamides and streptogramins",3.285,0.1702183989809557
2019,Portugal,J01G,Aminoglycoside antibacterials,0.058,0.0029697941634001
2019,Portugal,J01M,Quinolone antibacterials,1.638,0.0848510027077885
2019,Portugal,J01R,Combinations of antibacterials,0.0,0.0
2019,Portugal,J01X,Other antibacterials,1.399,0.0724768344499232
2020,Portugal,J01A,Tetracyclines,0.82,0.0552721707172217
2020,Portugal,J01B,Amphenicols,0.001,1.146412137995922e-06
2020,Portugal,J01C,"Beta-lactam antibacterials, penicillins",7.055,0.4757115392383494
2020,Portugal,J01D,Other beta-lactam antibacterials,1.708,0.1151427353919613
2020,Portugal,J01E,Sulfonamides and trimethoprim,0.408,0.0274577845531484
2020,Portugal,J01F,"Macrolides, lincosamides and streptogramins",2.156,0.1453871781085454
2020,Portugal,J01G,Aminoglycoside antibacterials,0.053,0.0035512476234707
2020,Portugal,J01M,Quinolone antibacterials,1.272,0.0857280253192538
2020,Portugal,J01R,Combinations of antibacterials,0.0,0.0
2020,Portugal,J01X,Other antibacterials,1.361,0.091748172635911
2021,Portugal,J01A,Tetracyclines,0.932,0.0632591035348731
2021,Portugal,J01B,Amphenicols,0.001,8.153636249979614e-07
2021,Portugal,J01C,"Beta-lactam antibacterials, penicillins",6.892,0.4682743372452668
2021,Portugal,J01D,Other beta-lactam antibacterials,1.818,0.1235155625737225
2021,Portugal,J01E,Sulfonamides and trimethoprim,0.441,0.0299317268858001
2021,Portugal,J01F,"Macrolides, lincosamides and streptogramins",1.998,0.135701987312942
2021,Portugal,J01G,Aminoglycoside antibacterials,0.052,0.0035124506025537
2021,Portugal,J01M,Quinolone antibacterials,1.217,0.0826466159691683
2021,Portugal,J01R,Combinations of antibacterials,0.0,0.0
2021,Portugal,J01X,Other antibacterials,1.372,0.0931574005120483
2022,Portugal,J01A,Tetracyclines,0.916,0.0513276521282832
2022,Portugal,J01B,Amphenicols,0.001,7.8453686799321e-07
2022,Portugal,J01C,"Beta-lactam antibacterials, penicillins",8.758000000000001,0.4907630030121172
2022,Portugal,J01D,Other beta-lactam antibacterials,2.124,0.1189834778216751
2022,Portugal,J01E,Sulfonamides and trimethoprim,0.42,0.0235348731961466
2022,Portugal,J01F,"Macrolides, lincosamides and streptogramins",2.855,0.1599704296846784
2022,Portugal,J01G,Aminoglycoside antibacterials,0.046,0.0025614568356501
2022,Portugal,J01M,Quinolone antibacterials,1.315,0.0736555713913699
2022,Portugal,J01R,Combinations of antibacterials,0.0,0.0
2022,Portugal,J01X,Other antibacterials,1.414,0.0792027513932113
2023,Portugal,J01A,Tetracyclines,0.937,0.0504067804816379
2023,Portugal,J01B,Amphenicols,0.001,2.851202212102546e-06
2023,Portugal,J01C,"Beta-lactam antibacterials, penicillins",9.334,0.50210219677061
2023,Portugal,J01D,Other beta-lactam antibacterials,1.999,0.107504740796131
2023,Portugal,J01E,Sulfonamides and trimethoprim,0.484,0.0259945181602752
2023,Portugal,J01F,"Macrolides, lincosamides and streptogramins",2.987,0.1606846113085135
2023,Portugal,J01G,Aminoglycoside antibacterials,0.044,0.002356975896582
2023,Portugal,J01M,Quinolone antibacterials,1.324,0.0712171136688247
2023,Portugal,J01R,Combinations of antibacterials,0.0,0.0
2023,Portugal,J01X,Other antibacterials,1.483,0.0797302117152133
2024,Portugal,J01A,Tetracyclines,1.07,0.0550245356564405
2024,Portugal,J01B,Amphenicols,0.001,2.00568153006964e-06
2024,Portugal,J01C,"Beta-lactam antibacterials, penicillins",9.508,0.4889352207036528
2024,Portugal,J01D,Other beta-lactam antibacterials,2.105,0.1082309981474702
2024,Portugal,J01E,Sulfonamides and trimethoprim,0.538,0.0276555712021571
2024,Portugal,J01F,"Macrolides, lincosamides and streptogramins",3.355,0.172519159658524
2024,Portugal,J01G,Aminoglycoside antibacterials,0.044,0.0022333006698667
2024,Portugal,J01M,Quinolone antibacterials,1.334,0.0685702401500208
2024,Portugal,J01R,Combinations of antibacterials,0.0,0.0
2024,Portugal,J01X,Other antibacterials,1.494,0.0768289681303376
2009,Romania,J01A,Tetracyclines,0.142,0.0116644958243939
2009,Romania,J01B,Amphenicols,0.002,0.0001151965372664
2009,Romania,J01C,"Beta-lactam antibacterials, penicillins",4.987,0.4117583376487305
2009,Romania,J01D,Other beta-lactam antibacterials,2.963,0.2446002345715296
2009,Romania,J01E,Sulfonamides and trimethoprim,0.196,0.0161606290606263
2009,Romania,J01F,"Macrolides, lincosamides and streptogramins",1.91,0.1576464199600008
2009,Romania,J01G,Aminoglycoside antibacterials,0.252,0.0207793082906246
2009,Romania,J01M,Quinolone antibacterials,1.586,0.1309241264407102
2009,Romania,J01R,Combinations of antibacterials,0.0,0.0
2009,Romania,J01X,Other antibacterials,0.077,0.0063512516661176
2011,Romania,J01A,Tetracyclines,1.344,0.0507517761890391
2011,Romania,J01B,Amphenicols,0.013,0.0004690551629871
2011,Romania,J01C,"Beta-lactam antibacterials, penicillins",13.22,0.499278797943696
2011,Romania,J01D,Other beta-lactam antibacterials,4.062,0.1533877989759271
2011,Romania,J01E,Sulfonamides and trimethoprim,0.964,0.0363729825132579
2011,Romania,J01F,"Macrolides, lincosamides and streptogramins",2.917,0.1101559375192387
2011,Romania,J01G,Aminoglycoside antibacterials,0.465,0.0175335380673446
2011,Romania,J01M,Quinolone antibacterials,3.388,0.127954992761541
2011,Romania,J01R,Combinations of antibacterials,0.0,0.0
2011,Romania,J01X,Other antibacterials,0.109,0.0040951208669683
2012,Romania,J01A,Tetracyclines,1.333,0.0513518593849123
2012,Romania,J01B,Amphenicols,0.012,0.0004455285540742
2012,Romania,J01C,"Beta-lactam antibacterials, penicillins",12.77,0.4922853436718677
2012,Romania,J01D,Other beta-lactam antibacterials,4.362,0.1681222835364227
2012,Romania,J01E,Sulfonamides and trimethoprim,0.895,0.0344893148706074
2012,Romania,J01F,"Macrolides, lincosamides and streptogramins",2.67,0.102895006533545
2012,Romania,J01G,Aminoglycoside antibacterials,0.418,0.0161123896182479
2012,Romania,J01M,Quinolone antibacterials,3.363,0.1296171206943291
2012,Romania,J01R,Combinations of antibacterials,0.0,0.0
2012,Romania,J01X,Other antibacterials,0.122,0.0046811531359936
2013,Romania,J01A,Tetracyclines,1.19,0.0444329208502693
2013,Romania,J01B,Amphenicols,0.01,0.0003383971222681
2013,Romania,J01C,"Beta-lactam antibacterials, penicillins",13.068,0.4882541039945133
2013,Romania,J01D,Other beta-lactam antibacterials,4.814,0.179848001144206
2013,Romania,J01E,Sulfonamides and trimethoprim,0.937,0.0350051030450435
2013,Romania,J01F,"Macrolides, lincosamides and streptogramins",2.753,0.1028308411931486
2013,Romania,J01G,Aminoglycoside antibacterials,0.387,0.0144422376998231
2013,Romania,J01M,Quinolone antibacterials,3.469,0.1295981021365237
2013,Romania,J01R,Combinations of antibacterials,0.0,0.0
2013,Romania,J01X,Other antibacterials,0.141,0.0052502928142041
2014,Romania,J01A,Tetracyclines,1.133,0.0425440575260017
2014,Romania,J01B,Amphenicols,0.008,0.0002813265510431
2014,Romania,J01C,"Beta-lactam antibacterials, penicillins",12.078,0.453708916237264
2014,Romania,J01D,Other beta-lactam antibacterials,5.328,0.2001454904169035
2014,Romania,J01E,Sulfonamides and trimethoprim,0.881,0.0330646412457255
2014,Romania,J01F,"Macrolides, lincosamides and streptogramins",2.912,0.1093798682284316
2014,Romania,J01G,Aminoglycoside antibacterials,0.401,0.0150546330978114
2014,Romania,J01M,Quinolone antibacterials,3.72,0.1397292142728616
2014,Romania,J01R,Combinations of antibacterials,0.0,0.0
2014,Romania,J01X,Other antibacterials,0.163,0.0060918524239574
2015,Romania,J01A,Tetracyclines,1.104,0.039342109609887
2015,Romania,J01B,Amphenicols,0.01,0.0003297455934168
2015,Romania,J01C,"Beta-lactam antibacterials, penicillins",13.549,0.4828285864234406
2015,Romania,J01D,Other beta-lactam antibacterials,5.273,0.1878766233324247
2015,Romania,J01E,Sulfonamides and trimethoprim,0.89,0.0317040427636522
2015,Romania,J01F,"Macrolides, lincosamides and streptogramins",3.185,0.1134726109632409
2015,Romania,J01G,Aminoglycoside antibacterials,0.364,0.0129555129967267
2015,Romania,J01M,Quinolone antibacterials,3.504,0.1248373767645782
2015,Romania,J01R,Combinations of antibacterials,0.0,0.0
2015,Romania,J01X,Other antibacterials,0.187,0.0066533915526327
2016,Romania,J01A,Tetracyclines,0.933,0.0381636497404091
2016,Romania,J01B,Amphenicols,0.007,0.0002698468002212
2016,Romania,J01C,"Beta-lactam antibacterials, penicillins",11.493,0.4705254909217902
2016,Romania,J01D,Other beta-lactam antibacterials,4.943000000000001,0.2023388769771263
2016,Romania,J01E,Sulfonamides and trimethoprim,0.812,0.0332357828893955
2016,Romania,J01F,"Macrolides, lincosamides and streptogramins",2.815,0.1152427618130135
2016,Romania,J01G,Aminoglycoside antibacterials,0.294,0.0120088581480345
2016,Romania,J01M,Quinolone antibacterials,2.895,0.118493246869904
2016,Romania,J01R,Combinations of antibacterials,0.0,0.0
2016,Romania,J01X,Other antibacterials,0.238,0.0097214858401054
2017,Romania,J01A,Tetracyclines,0.848,0.0345672381085147
2017,Romania,J01B,Amphenicols,0.008,0.0002989689854977
2017,Romania,J01C,"Beta-lactam antibacterials, penicillins",11.225,0.4580503173862259
2017,Romania,J01D,Other beta-lactam antibacterials,4.954,0.2021460063971038
2017,Romania,J01E,Sulfonamides and trimethoprim,0.878,0.0358138400195166
2017,Romania,J01F,"Macrolides, lincosamides and streptogramins",2.892,0.1179801972019996
2017,Romania,J01G,Aminoglycoside antibacterials,0.214,0.0086973203874239
2017,Romania,J01M,Quinolone antibacterials,3.25,0.132589725179514
2017,Romania,J01R,Combinations of antibacterials,0.0,0.0
2017,Romania,J01X,Other antibacterials,0.242,0.0098563863342035
2018,Romania,J01A,Tetracyclines,0.9490000000000002,0.0378216431986664
2018,Romania,J01B,Amphenicols,0.009,0.0003229691307069
2018,Romania,J01C,"Beta-lactam antibacterials, penicillins",11.355,0.4528064298731491
2018,Romania,J01D,Other beta-lactam antibacterials,5.172,0.2062111043319097
2018,Romania,J01E,Sulfonamides and trimethoprim,0.8320000000000001,0.0331398868272141
2018,Romania,J01F,"Macrolides, lincosamides and streptogramins",3.003,0.1197183042425837
2018,Romania,J01G,Aminoglycoside antibacterials,0.196,0.0077934098186763
2018,Romania,J01M,Quinolone antibacterials,3.297,0.1314633105631921
2018,Romania,J01R,Combinations of antibacterials,0.0,0.0
2018,Romania,J01X,Other antibacterials,0.269,0.0107229420139013
2019,Romania,J01A,Tetracyclines,0.913,0.0353991498835639
2019,Romania,J01B,Amphenicols,0.007,0.0002510707377152
2019,Romania,J01C,"Beta-lactam antibacterials, penicillins",11.624,0.451135343117912
2019,Romania,J01D,Other beta-lactam antibacterials,5.39,0.2091605927846485
2019,Romania,J01E,Sulfonamides and trimethoprim,0.855,0.0331500311247763
2019,Romania,J01F,"Macrolides, lincosamides and streptogramins",3.149,0.1221881212608401
2019,Romania,J01G,Aminoglycoside antibacterials,0.187,0.0072196129986566
2019,Romania,J01M,Quinolone antibacterials,3.321,0.1288817626042924
2019,Romania,J01R,Combinations of antibacterials,0.0,0.0
2019,Romania,J01X,Other antibacterials,0.326,0.0126143154875947
2020,Romania,J01A,Tetracyclines,1.054,0.0418626072267018
2020,Romania,J01B,Amphenicols,0.004,0.0001566557959566
2020,Romania,J01C,"Beta-lactam antibacterials, penicillins",10.651,0.4230282034054761
2020,Romania,J01D,Other beta-lactam antibacterials,4.495,0.1785337470306795
2020,Romania,J01E,Sulfonamides and trimethoprim,0.742,0.0294575654044899
2020,Romania,J01F,"Macrolides, lincosamides and streptogramins",4.703,0.1868029805115661
2020,Romania,J01G,Aminoglycoside antibacterials,0.159,0.006311552391811
2020,Romania,J01M,Quinolone antibacterials,3.125,0.1241137716690138
2020,Romania,J01R,Combinations of antibacterials,0.0,0.0
2020,Romania,J01X,Other antibacterials,0.246,0.0097329165643048
2021,Romania,J01A,Tetracyclines,1.053,0.0410003050485139
2021,Romania,J01B,Amphenicols,0.004,0.0001343257827721
2021,Romania,J01C,"Beta-lactam antibacterials, penicillins",10.733,0.4182359310986282
2021,Romania,J01D,Other beta-lactam antibacterials,4.653,0.1813057479276731
2021,Romania,J01E,Sulfonamides and trimethoprim,0.744,0.0289640992035848
2021,Romania,J01F,"Macrolides, lincosamides and streptogramins",4.733000000000001,0.1844167907306403
2021,Romania,J01G,Aminoglycoside antibacterials,0.15,0.0058286166681189
2021,Romania,J01M,Quinolone antibacterials,3.331,0.1298032086365049
2021,Romania,J01R,Combinations of antibacterials,0.0,0.0
2021,Romania,J01X,Other antibacterials,0.265,0.0103109749035636
2022,Romania,J01A,Tetracyclines,1.015,0.036775077566418
2022,Romania,J01B,Amphenicols,0.003,0.0001036309898431
2022,Romania,J01C,"Beta-lactam antibacterials, penicillins",11.783,0.4272182117287001
2022,Romania,J01D,Other beta-lactam antibacterials,5.032,0.182457623065517
2022,Romania,J01E,Sulfonamides and trimethoprim,0.992,0.0359583580369476
2022,Romania,J01F,"Macrolides, lincosamides and streptogramins",4.866,0.1764128687643324
2022,Romania,J01G,Aminoglycoside antibacterials,0.165,0.0059688259272408
2022,Romania,J01M,Quinolone antibacterials,3.476,0.126033268593577
2022,Romania,J01R,Combinations of antibacterials,0.0,0.0
2022,Romania,J01X,Other antibacterials,0.251,0.0090721353274237
2023,Romania,J01A,Tetracyclines,0.928,0.0338998238385007
2023,Romania,J01B,Amphenicols,0.003,9.98754024205807e-05
2023,Romania,J01C,"Beta-lactam antibacterials, penicillins",12.102,0.4422550791465971
2023,Romania,J01D,Other beta-lactam antibacterials,5.02,0.1834454967357773
2023,Romania,J01E,Sulfonamides and trimethoprim,0.945,0.0345214413266727
2023,Romania,J01F,"Macrolides, lincosamides and streptogramins",4.513,0.1648911100476738
2023,Romania,J01G,Aminoglycoside antibacterials,0.16,0.0058193044571728
2023,Romania,J01M,Quinolone antibacterials,3.438,0.1256321467967422
2023,Romania,J01R,Combinations of antibacterials,0.0,0.0
2023,Romania,J01X,Other antibacterials,0.259,0.0094357222484427
2024,Romania,J01A,Tetracyclines,0.81,0.0321524117060795
2024,Romania,J01B,Amphenicols,0.001,1.73267736923462e-05
2024,Romania,J01C,"Beta-lactam antibacterials, penicillins",10.93,0.4343473244778948
2024,Romania,J01D,Other beta-lactam antibacterials,5.558,0.2208703453023321
2024,Romania,J01E,Sulfonamides and trimethoprim,0.712,0.0282802751889065
2024,Romania,J01F,"Macrolides, lincosamides and streptogramins",3.884,0.1543330306844048
2024,Romania,J01G,Aminoglycoside antibacterials,0.13,0.0051469658136794
2024,Romania,J01M,Quinolone antibacterials,2.84,0.1128253931339639
2024,Romania,J01R,Combinations of antibacterials,0.0,0.0
2024,Romania,J01X,Other antibacterials,0.303,0.0120269269190464
2000,Slovakia,J01A,Tetracyclines,2.109,0.0817928083901261
2000,Slovakia,J01B,Amphenicols,0.007,0.0002347294200437
2000,Slovakia,J01C,"Beta-lactam antibacterials, penicillins",13.707,0.5316210626292379
2000,Slovakia,J01D,Other beta-lactam antibacterials,2.771,0.107452007491173
2000,Slovakia,J01E,Sulfonamides and trimethoprim,1.396,0.0541231665448674
2000,Slovakia,J01F,"Macrolides, lincosamides and streptogramins",3.182,0.1234116687826704
2000,Slovakia,J01G,Aminoglycoside antibacterials,0.133,0.0051479512876723
2000,Slovakia,J01M,Quinolone antibacterials,1.723,0.0668153881036864
2000,Slovakia,J01R,Combinations of antibacterials,0.0,0.0
2000,Slovakia,J01X,Other antibacterials,0.759,0.0294012173505223
2001,Slovakia,J01A,Tetracyclines,2.327,0.0859834396302574
2001,Slovakia,J01B,Amphenicols,0.006,0.0002107092164772
2001,Slovakia,J01C,"Beta-lactam antibacterials, penicillins",13.99,0.5169534447926701
2001,Slovakia,J01D,Other beta-lactam antibacterials,3.011,0.111231444230237
2001,Slovakia,J01E,Sulfonamides and trimethoprim,1.261,0.0465640022778176
2001,Slovakia,J01F,"Macrolides, lincosamides and streptogramins",3.526,0.1302745021523603
2001,Slovakia,J01G,Aminoglycoside antibacterials,0.19,0.0070023676147842
2001,Slovakia,J01M,Quinolone antibacterials,1.937,0.0715784234057955
2001,Slovakia,J01R,Combinations of antibacterials,0.0,0.0
2001,Slovakia,J01X,Other antibacterials,0.818,0.0302016666796004
2002,Slovakia,J01A,Tetracyclines,2.404,0.0954750015652128
2002,Slovakia,J01B,Amphenicols,0.005,0.0001980351732714
2002,Slovakia,J01C,"Beta-lactam antibacterials, penicillins",12.469,0.4953271644350599
2002,Slovakia,J01D,Other beta-lactam antibacterials,2.777,0.1102909722657004
2002,Slovakia,J01E,Sulfonamides and trimethoprim,1.089,0.0432456777085411
2002,Slovakia,J01F,"Macrolides, lincosamides and streptogramins",3.584,0.1423457756892736
2002,Slovakia,J01G,Aminoglycoside antibacterials,0.148,0.0058573917929457
2002,Slovakia,J01M,Quinolone antibacterials,1.863,0.0739770817886457
2002,Slovakia,J01R,Combinations of antibacterials,0.0,0.0
2002,Slovakia,J01X,Other antibacterials,0.838,0.0332828995813492
2003,Slovakia,J01A,Tetracyclines,2.526,0.1031018852507468
2003,Slovakia,J01B,Amphenicols,0.003,8.915645259211773e-05
2003,Slovakia,J01C,"Beta-lactam antibacterials, penicillins",12.444,0.5079765224607311
2003,Slovakia,J01D,Other beta-lactam antibacterials,2.487,0.1014978447325682
2003,Slovakia,J01E,Sulfonamides and trimethoprim,0.846,0.0345003629941284
2003,Slovakia,J01F,"Macrolides, lincosamides and streptogramins",3.817,0.1558002885664524
2003,Slovakia,J01G,Aminoglycoside antibacterials,0.075,0.0030567518377496
2003,Slovakia,J01M,Quinolone antibacterials,1.583,0.0645873999398438
2003,Slovakia,J01R,Combinations of antibacterials,0.0,0.0
2003,Slovakia,J01X,Other antibacterials,0.72,0.0293897877651873
2004,Slovakia,J01A,Tetracyclines,2.401,0.1116889921982796
2004,Slovakia,J01B,Amphenicols,0.002,7.524832645767455e-05
2004,Slovakia,J01C,"Beta-lactam antibacterials, penicillins",10.652,0.4956728256747103
2004,Slovakia,J01D,Other beta-lactam antibacterials,2.486,0.1156611451985564
2004,Slovakia,J01E,Sulfonamides and trimethoprim,0.839,0.0390046931315542
2004,Slovakia,J01F,"Macrolides, lincosamides and streptogramins",3.457,0.1608596085877094
2004,Slovakia,J01G,Aminoglycoside antibacterials,0.079,0.0036379796964472
2004,Slovakia,J01M,Quinolone antibacterials,1.546,0.0719297216928779
2004,Slovakia,J01R,Combinations of antibacterials,0.0,0.0
2004,Slovakia,J01X,Other antibacterials,0.032,0.001469785493407
2005,Slovakia,J01A,Tetracyclines,2.332,0.0969576000270857
2005,Slovakia,J01B,Amphenicols,0.002,6.334711164206777e-05
2005,Slovakia,J01C,"Beta-lactam antibacterials, penicillins",10.94,0.455012237264423
2005,Slovakia,J01D,Other beta-lactam antibacterials,3.918,0.1629346358464459
2005,Slovakia,J01E,Sulfonamides and trimethoprim,0.77,0.0320135006296029
2005,Slovakia,J01F,"Macrolides, lincosamides and streptogramins",4.025,0.1673793320710496
2005,Slovakia,J01G,Aminoglycoside antibacterials,0.082,0.0033865540577131
2005,Slovakia,J01M,Quinolone antibacterials,1.938,0.080600028167212
2005,Slovakia,J01R,Combinations of antibacterials,0.0,0.0
2005,Slovakia,J01X,Other antibacterials,0.04,0.0016527648248254
2006,Slovakia,J01A,Tetracyclines,1.952,0.0907123057653639
2006,Slovakia,J01B,Amphenicols,0.002,6.368082020152702e-05
2006,Slovakia,J01C,"Beta-lactam antibacterials, penicillins",8.324,0.3869032816632427
2006,Slovakia,J01D,Other beta-lactam antibacterials,3.396,0.1578251503169492
2006,Slovakia,J01E,Sulfonamides and trimethoprim,0.641,0.029792490701903
2006,Slovakia,J01F,"Macrolides, lincosamides and streptogramins",5.062,0.2352755766577163
2006,Slovakia,J01G,Aminoglycoside antibacterials,0.077,0.0035475794734312
2006,Slovakia,J01M,Quinolone antibacterials,2.005,0.0931624369432053
2006,Slovakia,J01R,Combinations of antibacterials,0.0,0.0
2006,Slovakia,J01X,Other antibacterials,0.059,0.0027174976579867
2007,Slovakia,J01A,Tetracyclines,1.549,0.0650591409302464
2007,Slovakia,J01B,Amphenicols,0.001,8.991623084605711e-06
2007,Slovakia,J01C,"Beta-lactam antibacterials, penicillins",8.549,0.3591753000954204
2007,Slovakia,J01D,Other beta-lactam antibacterials,4.247,0.1784094322966496
2007,Slovakia,J01E,Sulfonamides and trimethoprim,0.561,0.023549439010955
2007,Slovakia,J01F,"Macrolides, lincosamides and streptogramins",6.462,0.2714983195328726
2007,Slovakia,J01G,Aminoglycoside antibacterials,0.076,0.0031660177151781
2007,Slovakia,J01M,Quinolone antibacterials,2.289,0.0961733080727548
2007,Slovakia,J01R,Combinations of antibacterials,0.0,0.0
2007,Slovakia,J01X,Other antibacterials,0.071,0.0029600507228382
2008,Slovakia,J01A,Tetracyclines,1.535,0.0684205650665082
2008,Slovakia,J01B,Amphenicols,0.001,2.591348490923077e-05
2008,Slovakia,J01C,"Beta-lactam antibacterials, penicillins",7.632,0.3403878521686086
2008,Slovakia,J01D,Other beta-lactam antibacterials,4.387,0.1956337874199531
2008,Slovakia,J01E,Sulfonamides and trimethoprim,0.513,0.0228775484362505
2008,Slovakia,J01F,"Macrolides, lincosamides and streptogramins",6.01,0.268045653583806
2008,Slovakia,J01G,Aminoglycoside antibacterials,0.069,0.0030584602421354
2008,Slovakia,J01M,Quinolone antibacterials,2.206,0.098387257987118
2008,Slovakia,J01R,Combinations of antibacterials,0.0,0.0
2008,Slovakia,J01X,Other antibacterials,0.071,0.0031629616107108
2009,Slovakia,J01A,Tetracyclines,1.523,0.0663099453503919
2009,Slovakia,J01B,Amphenicols,0.001,1.76875081712149e-05
2009,Slovakia,J01C,"Beta-lactam antibacterials, penicillins",7.685,0.3347577005246088
2009,Slovakia,J01D,Other beta-lactam antibacterials,4.634,0.2018655267546869
2009,Slovakia,J01E,Sulfonamides and trimethoprim,0.464,0.020201007639043
2009,Slovakia,J01F,"Macrolides, lincosamides and streptogramins",6.196,0.2699190857492574
2009,Slovakia,J01G,Aminoglycoside antibacterials,0.068,0.0029220112021175
2009,Slovakia,J01M,Quinolone antibacterials,2.307,0.1004816447883953
2009,Slovakia,J01R,Combinations of antibacterials,0.0,0.0
2009,Slovakia,J01X,Other antibacterials,0.081,0.0035253904833277
2011,Slovakia,J01A,Tetracyclines,1.452,0.0679256688382735
2011,Slovakia,J01B,Amphenicols,0.001,2.054572631576189e-05
2011,Slovakia,J01C,"Beta-lactam antibacterials, penicillins",6.897,0.322782533455603
2011,Slovakia,J01D,Other beta-lactam antibacterials,3.881,0.1816121459220197
2011,Slovakia,J01E,Sulfonamides and trimethoprim,0.405,0.0189272004543086
2011,Slovakia,J01F,"Macrolides, lincosamides and streptogramins",5.761,0.2696134698343341
2011,Slovakia,J01G,Aminoglycoside antibacterials,0.171,0.0079570462340619
2011,Slovakia,J01M,Quinolone antibacterials,2.413,0.1128959112319789
2011,Slovakia,J01R,Combinations of antibacterials,0.0,0.0
2011,Slovakia,J01X,Other antibacterials,0.391,0.0182654783031046
2012,Slovakia,J01A,Tetracyclines,1.397,0.0708281293876001
2012,Slovakia,J01B,Amphenicols,0.001,2.96680058855238e-05
2012,Slovakia,J01C,"Beta-lactam antibacterials, penicillins",6.469,0.3280358446311382
2012,Slovakia,J01D,Other beta-lactam antibacterials,4.013,0.20350862459074
2012,Slovakia,J01E,Sulfonamides and trimethoprim,0.372,0.0188359887212891
2012,Slovakia,J01F,"Macrolides, lincosamides and streptogramins",5.009,0.25398602337707
2012,Slovakia,J01G,Aminoglycoside antibacterials,0.072,0.0036368410907054
2012,Slovakia,J01M,Quinolone antibacterials,2.198,0.1114404851434037
2012,Slovakia,J01R,Combinations of antibacterials,0.0,0.0
2012,Slovakia,J01X,Other antibacterials,0.192,0.0096983950521677
2013,Slovakia,J01A,Tetracyclines,1.613,0.0696424800772082
2013,Slovakia,J01B,Amphenicols,0.001,1.994978009901482e-05
2013,Slovakia,J01C,"Beta-lactam antibacterials, penicillins",7.133,0.3080069435598266
2013,Slovakia,J01D,Other beta-lactam antibacterials,5.15,0.2223811055719044
2013,Slovakia,J01E,Sulfonamides and trimethoprim,0.42,0.0180985527773159
2013,Slovakia,J01F,"Macrolides, lincosamides and streptogramins",6.037,0.2606820924814806
2013,Slovakia,J01G,Aminoglycoside antibacterials,0.082,0.0035291679171263
2013,Slovakia,J01M,Quinolone antibacterials,2.45,0.1057608660449993
2013,Slovakia,J01R,Combinations of antibacterials,0.0,0.0
2013,Slovakia,J01X,Other antibacterials,0.276,0.0118788417900393
2014,Slovakia,J01A,Tetracyclines,1.706,0.0805456171587402
2014,Slovakia,J01B,Amphenicols,0.001,1.874788053321617e-05
2014,Slovakia,J01C,"Beta-lactam antibacterials, penicillins",6.952,0.328265848912767
2014,Slovakia,J01D,Other beta-lactam antibacterials,5.053,0.2386019615761008
2014,Slovakia,J01E,Sulfonamides and trimethoprim,0.453,0.0213627612407356
2014,Slovakia,J01F,"Macrolides, lincosamides and streptogramins",5.75,0.2715307956132982
2014,Slovakia,J01G,Aminoglycoside antibacterials,0.084,0.0039412106134537
2014,Slovakia,J01M,Quinolone antibacterials,0.922,0.0435122251056598
2014,Slovakia,J01R,Combinations of antibacterials,0.0,0.0
2014,Slovakia,J01X,Other antibacterials,0.259,0.0122208318987112
2015,Slovakia,J01A,Tetracyclines,1.77,0.0731259465031424
2015,Slovakia,J01B,Amphenicols,0.001,9.668524951653244e-06
2015,Slovakia,J01C,"Beta-lactam antibacterials, penicillins",7.105,0.2935414170685991
2015,Slovakia,J01D,Other beta-lactam antibacterials,5.447,0.2250532636560477
2015,Slovakia,J01E,Sulfonamides and trimethoprim,0.487,0.0200964009783555
2015,Slovakia,J01F,"Macrolides, lincosamides and streptogramins",6.357,0.2626491989751033
2015,Slovakia,J01G,Aminoglycoside antibacterials,0.092,0.0037975404264166
2015,Slovakia,J01M,Quinolone antibacterials,2.709,0.1119278856952272
2015,Slovakia,J01R,Combinations of antibacterials,0.0,0.0
2015,Slovakia,J01X,Other antibacterials,0.238,0.0097986781721562
2016,Slovakia,J01A,Tetracyclines,1.711,0.0724176746474405
2016,Slovakia,J01B,Amphenicols,0.001,9.358871165991268e-06
2016,Slovakia,J01C,"Beta-lactam antibacterials, penicillins",6.803,0.2880765567518772
2016,Slovakia,J01D,Other beta-lactam antibacterials,5.372,0.2274574119485852
2016,Slovakia,J01E,Sulfonamides and trimethoprim,1.244,0.0526519081362002
2016,Slovakia,J01F,"Macrolides, lincosamides and streptogramins",5.589,0.2366717923072535
2016,Slovakia,J01G,Aminoglycoside antibacterials,0.079,0.0033191384807604
2016,Slovakia,J01M,Quinolone antibacterials,2.551,0.1080119178660385
2016,Slovakia,J01R,Combinations of antibacterials,0.0,0.0
2016,Slovakia,J01X,Other antibacterials,0.269,0.0113842409906784
2017,Slovakia,J01A,Tetracyclines,1.658,0.0829904527115618
2017,Slovakia,J01B,Amphenicols,0.001,1.952523343543028e-05
2017,Slovakia,J01C,"Beta-lactam antibacterials, penicillins",5.369,0.2687537238750499
2017,Slovakia,J01D,Other beta-lactam antibacterials,5.004,0.2504821606202776
2017,Slovakia,J01E,Sulfonamides and trimethoprim,0.407,0.0203342289407716
2017,Slovakia,J01F,"Macrolides, lincosamides and streptogramins",4.813,0.2409441842164722
2017,Slovakia,J01G,Aminoglycoside antibacterials,0.086,0.0043020597669398
2017,Slovakia,J01M,Quinolone antibacterials,2.4,0.1201077712782114
2017,Slovakia,J01R,Combinations of antibacterials,0.0,0.0
2017,Slovakia,J01X,Other antibacterials,0.242,0.0120658933572802
2018,Slovakia,J01A,Tetracyclines,1.746,0.0793520102350447
2018,Slovakia,J01B,Amphenicols,0.001,1.500233081666961e-05
2018,Slovakia,J01C,"Beta-lactam antibacterials, penicillins",5.344,0.242910330341323
2018,Slovakia,J01D,Other beta-lactam antibacterials,6.702,0.304640375491065
2018,Slovakia,J01E,Sulfonamides and trimethoprim,0.406,0.0184391374987259
2018,Slovakia,J01F,"Macrolides, lincosamides and streptogramins",4.854,0.2206560546543095
2018,Slovakia,J01G,Aminoglycoside antibacterials,0.121,0.0055003545550849
2018,Slovakia,J01M,Quinolone antibacterials,2.344,0.1065350971346367
2018,Slovakia,J01R,Combinations of antibacterials,0.0,0.0
2018,Slovakia,J01X,Other antibacterials,0.483,0.0219516377589936
2019,Slovakia,J01A,Tetracyclines,1.726,0.0891683319187735
2019,Slovakia,J01B,Amphenicols,0.001,1.597194726466188e-05
2019,Slovakia,J01C,"Beta-lactam antibacterials, penicillins",5.143,0.265796927803697
2019,Slovakia,J01D,Other beta-lactam antibacterials,5.264,0.2720851196241992
2019,Slovakia,J01E,Sulfonamides and trimethoprim,0.486,0.0250882592231534
2019,Slovakia,J01F,"Macrolides, lincosamides and streptogramins",4.723,0.2441065065267889
2019,Slovakia,J01G,Aminoglycoside antibacterials,0.082,0.0042377349401077
2019,Slovakia,J01M,Quinolone antibacterials,1.663,0.0859411715449163
2019,Slovakia,J01R,Combinations of antibacterials,0.0,0.0
2019,Slovakia,J01X,Other antibacterials,0.263,0.013559976471099
2020,Slovakia,J01A,Tetracyclines,1.697,0.1176491921503363
2020,Slovakia,J01B,Amphenicols,0.001,1.900006934331877e-05
2020,Slovakia,J01C,"Beta-lactam antibacterials, penicillins",3.554,0.246400735039179
2020,Slovakia,J01D,Other beta-lactam antibacterials,3.69,0.2558305249289231
2020,Slovakia,J01E,Sulfonamides and trimethoprim,0.439,0.0303842313293114
2020,Slovakia,J01F,"Macrolides, lincosamides and streptogramins",3.462,0.2400185146661119
2020,Slovakia,J01G,Aminoglycoside antibacterials,0.072,0.0049640801608765
2020,Slovakia,J01M,Quinolone antibacterials,1.317,0.0913054573191873
2020,Slovakia,J01R,Combinations of antibacterials,0.0,0.0
2020,Slovakia,J01X,Other antibacterials,0.194,0.0134282643367311
2021,Slovakia,J01A,Tetracyclines,1.799,0.1126171251358385
2021,Slovakia,J01B,Amphenicols,0.001,2.029238953346106e-05
2021,Slovakia,J01C,"Beta-lactam antibacterials, penicillins",3.542,0.2218144815886336
2021,Slovakia,J01D,Other beta-lactam antibacterials,3.997,0.2503329298446373
2021,Slovakia,J01E,Sulfonamides and trimethoprim,0.488,0.030524075385726
2021,Slovakia,J01F,"Macrolides, lincosamides and streptogramins",4.463,0.2795210895860772
2021,Slovakia,J01G,Aminoglycoside antibacterials,0.074,0.0046153286330564
2021,Slovakia,J01M,Quinolone antibacterials,1.359,0.0850948202610991
2021,Slovakia,J01R,Combinations of antibacterials,0.0,0.0
2021,Slovakia,J01X,Other antibacterials,0.247,0.0154598571753983
2022,Slovakia,J01A,Tetracyclines,1.794,0.0862456145582358
2022,Slovakia,J01B,Amphenicols,0.001,1.043680430823586e-05
2022,Slovakia,J01C,"Beta-lactam antibacterials, penicillins",4.849,0.2332047169545886
2022,Slovakia,J01D,Other beta-lactam antibacterials,5.385,0.2589532751004542
2022,Slovakia,J01E,Sulfonamides and trimethoprim,0.578,0.0277658914173156
2022,Slovakia,J01F,"Macrolides, lincosamides and streptogramins",6.483,0.3117990958456949
2022,Slovakia,J01G,Aminoglycoside antibacterials,0.065,0.0030888612123863
2022,Slovakia,J01M,Quinolone antibacterials,1.433,0.0688906037739388
2022,Slovakia,J01R,Combinations of antibacterials,0.0,0.0
2022,Slovakia,J01X,Other antibacterials,0.209,0.0100415043330773
2023,Slovakia,J01A,Tetracyclines,1.825,0.0909641739441492
2023,Slovakia,J01B,Amphenicols,0.001,8.673708687910642e-06
2023,Slovakia,J01C,"Beta-lactam antibacterials, penicillins",5.295,0.2639244055381531
2023,Slovakia,J01D,Other beta-lactam antibacterials,4.765,0.2375217359899541
2023,Slovakia,J01E,Sulfonamides and trimethoprim,0.646,0.0321838459353929
2023,Slovakia,J01F,"Macrolides, lincosamides and streptogramins",5.788,0.2884800736248321
2023,Slovakia,J01G,Aminoglycoside antibacterials,0.066,0.0032507963486477
2023,Slovakia,J01M,Quinolone antibacterials,1.448,0.0721425750336866
2023,Slovakia,J01R,Combinations of antibacterials,0.0,0.0
2023,Slovakia,J01X,Other antibacterials,0.232,0.0115237198764963
2024,Slovakia,J01A,Tetracyclines,1.452,0.0712143825454442
2024,Slovakia,J01B,Amphenicols,0.001,1.157531560024412e-05
2024,Slovakia,J01C,"Beta-lactam antibacterials, penicillins",5.167,0.2534002857435323
2024,Slovakia,J01D,Other beta-lactam antibacterials,5.109,0.2505492757016027
2024,Slovakia,J01E,Sulfonamides and trimethoprim,0.67,0.0328191587953294
2024,Slovakia,J01F,"Macrolides, lincosamides and streptogramins",6.331,0.3105030833256451
2024,Slovakia,J01G,Aminoglycoside antibacterials,0.055,0.002684345116465
2024,Slovakia,J01M,Quinolone antibacterials,1.376,0.0674563778591091
2024,Slovakia,J01R,Combinations of antibacterials,0.0,0.0
2024,Slovakia,J01X,Other antibacterials,0.232,0.0113615155972718
2000,Slovenia,J01A,Tetracyclines,0.834,0.0487731379212671
2000,Slovenia,J01B,Amphenicols,0.001,1.715448840456115e-05
2000,Slovenia,J01C,"Beta-lactam antibacterials, penicillins",8.389,0.4911155557954711
2000,Slovenia,J01D,Other beta-lactam antibacterials,0.962,0.0562742746256779
2000,Slovenia,J01E,Sulfonamides and trimethoprim,1.276,0.0746508300489025
2000,Slovenia,J01F,"Macrolides, lincosamides and streptogramins",3.861,0.2260202792984903
2000,Slovenia,J01G,Aminoglycoside antibacterials,0.086,0.0050198833986589
2000,Slovenia,J01M,Quinolone antibacterials,1.585,0.0927475858131326
2000,Slovenia,J01R,Combinations of antibacterials,0.0,0.0
2000,Slovenia,J01X,Other antibacterials,0.092,0.0053812986099946
2001,Slovenia,J01A,Tetracyclines,0.792,0.0478400315035897
2001,Slovenia,J01B,Amphenicols,0.001,1.317888884677287e-05
2001,Slovenia,J01C,"Beta-lactam antibacterials, penicillins",8.445,0.5104757959731482
2001,Slovenia,J01D,Other beta-lactam antibacterials,0.857,0.0517996830658593
2001,Slovenia,J01E,Sulfonamides and trimethoprim,1.267,0.0765566489398521
2001,Slovenia,J01F,"Macrolides, lincosamides and streptogramins",3.461,0.2092030115332809
2001,Slovenia,J01G,Aminoglycoside antibacterials,0.081,0.004870506233161
2001,Slovenia,J01M,Quinolone antibacterials,1.548,0.0935626145633855
2001,Slovenia,J01R,Combinations of antibacterials,0.0,0.0
2001,Slovenia,J01X,Other antibacterials,0.094,0.0056785292988764
2002,Slovenia,J01A,Tetracyclines,0.712,0.0456546055995028
2002,Slovenia,J01B,Amphenicols,0.001,9.820513743808983e-06
2002,Slovenia,J01C,"Beta-lactam antibacterials, penicillins",7.766,0.4984257331350488
2002,Slovenia,J01D,Other beta-lactam antibacterials,1.029,0.0660324283633638
2002,Slovenia,J01E,Sulfonamides and trimethoprim,1.153,0.0739726667502373
2002,Slovenia,J01F,"Macrolides, lincosamides and streptogramins",3.116,0.199946815178509
2002,Slovenia,J01G,Aminoglycoside antibacterials,0.082,0.0052577618484337
2002,Slovenia,J01M,Quinolone antibacterials,1.64,0.1052182037920919
2002,Slovenia,J01R,Combinations of antibacterials,0.0,0.0
2002,Slovenia,J01X,Other antibacterials,0.086,0.0054819648190685
2003,Slovenia,J01A,Tetracyclines,0.727,0.0450088417694147
2003,Slovenia,J01B,Amphenicols,0.001,3.036385754096007e-06
2003,Slovenia,J01C,"Beta-lactam antibacterials, penicillins",8.214,0.508969576468184
2003,Slovenia,J01D,Other beta-lactam antibacterials,1.064,0.0658867203792978
2003,Slovenia,J01E,Sulfonamides and trimethoprim,1.22,0.0755711797914027
2003,Slovenia,J01F,"Macrolides, lincosamides and streptogramins",3.329,0.2062421026859806
2003,Slovenia,J01G,Aminoglycoside antibacterials,0.085,0.0052183697372231
2003,Slovenia,J01M,Quinolone antibacterials,1.424,0.0882058907494773
2003,Slovenia,J01R,Combinations of antibacterials,0.0,0.0
2003,Slovenia,J01X,Other antibacterials,0.079,0.0048942820332655
2004,Slovenia,J01A,Tetracyclines,0.623,0.0392840705063389
2004,Slovenia,J01B,Amphenicols,0.001,1.324211909470064e-06
2004,Slovenia,J01C,"Beta-lactam antibacterials, penicillins",7.965,0.502206231627742
2004,Slovenia,J01D,Other beta-lactam antibacterials,1.073,0.0676505182807769
2004,Slovenia,J01E,Sulfonamides and trimethoprim,1.304,0.082193265701417
2004,Slovenia,J01F,"Macrolides, lincosamides and streptogramins",3.364,0.2120632047605544
2004,Slovenia,J01G,Aminoglycoside antibacterials,0.093,0.0058363694044243
2004,Slovenia,J01M,Quinolone antibacterials,1.354,0.0853416741027471
2004,Slovenia,J01R,Combinations of antibacterials,0.0,0.0
2004,Slovenia,J01X,Other antibacterials,0.087,0.0054233414040896
2005,Slovenia,J01A,Tetracyclines,0.584,0.0379770490301961
2005,Slovenia,J01B,Amphenicols,0.001,1.081247193886707e-05
2005,Slovenia,J01C,"Beta-lactam antibacterials, penicillins",7.448,0.4850939326986152
2005,Slovenia,J01D,Other beta-lactam antibacterials,1.082,0.0704237792051543
2005,Slovenia,J01E,Sulfonamides and trimethoprim,1.271,0.0827421158353146
2005,Slovenia,J01F,"Macrolides, lincosamides and streptogramins",3.395,0.2210934262059538
2005,Slovenia,J01G,Aminoglycoside antibacterials,0.082,0.005296157188851
2005,Slovenia,J01M,Quinolone antibacterials,1.41,0.0917943694508326
2005,Slovenia,J01R,Combinations of antibacterials,0.0,0.0
2005,Slovenia,J01X,Other antibacterials,0.086,0.0055683579131434
2006,Slovenia,J01A,Tetracyclines,0.56,0.0399375934918927
2006,Slovenia,J01B,Amphenicols,0.001,6.42924190665598e-07
2006,Slovenia,J01C,"Beta-lactam antibacterials, penicillins",7.152,0.5108792059743372
2006,Slovenia,J01D,Other beta-lactam antibacterials,0.897,0.0640683957041234
2006,Slovenia,J01E,Sulfonamides and trimethoprim,1.222,0.0872798163237023
2006,Slovenia,J01F,"Macrolides, lincosamides and streptogramins",2.668,0.1905864468723167
2006,Slovenia,J01G,Aminoglycoside antibacterials,0.083,0.0058659688796117
2006,Slovenia,J01M,Quinolone antibacterials,1.332,0.0951355641374028
2006,Slovenia,J01R,Combinations of antibacterials,0.0,0.0
2006,Slovenia,J01X,Other antibacterials,0.088,0.0062463656924222
2007,Slovenia,J01A,Tetracyclines,0.586,0.0426150373240177
2007,Slovenia,J01B,Amphenicols,0.0,0.0
2007,Slovenia,J01C,"Beta-lactam antibacterials, penicillins",7.899,0.5752747090678482
2007,Slovenia,J01D,Other beta-lactam antibacterials,0.919,0.0668822946978737
2007,Slovenia,J01E,Sulfonamides and trimethoprim,0.007,0.0004868745964712
2007,Slovenia,J01F,"Macrolides, lincosamides and streptogramins",2.798,0.2037516655517469
2007,Slovenia,J01G,Aminoglycoside antibacterials,0.073,0.0052733944700222
2007,Slovenia,J01M,Quinolone antibacterials,1.369,0.0996489914558424
2007,Slovenia,J01R,Combinations of antibacterials,0.0,0.0
2007,Slovenia,J01X,Other antibacterials,0.084,0.0060670328361774
2008,Slovenia,J01A,Tetracyclines,0.535,0.0413110479861321
2008,Slovenia,J01B,Amphenicols,0.001,1.035004548999471e-05
2008,Slovenia,J01C,"Beta-lactam antibacterials, penicillins",7.496,0.5789284814173816
2008,Slovenia,J01D,Other beta-lactam antibacterials,0.807,0.0622967693259872
2008,Slovenia,J01E,Sulfonamides and trimethoprim,0.005,0.0003605523309499
2008,Slovenia,J01F,"Macrolides, lincosamides and streptogramins",2.612,0.2017469486482493
2008,Slovenia,J01G,Aminoglycoside antibacterials,0.071,0.0054301436424111
2008,Slovenia,J01M,Quinolone antibacterials,1.338,0.1032695098550584
2008,Slovenia,J01R,Combinations of antibacterials,0.0,0.0
2008,Slovenia,J01X,Other antibacterials,0.087,0.0066461967483401
2009,Slovenia,J01A,Tetracyclines,0.061,0.0048731329628044
2009,Slovenia,J01B,Amphenicols,0.001,8.057428840615759e-07
2009,Slovenia,J01C,"Beta-lactam antibacterials, penicillins",7.6,0.612335101697241
2009,Slovenia,J01D,Other beta-lactam antibacterials,0.808,0.0650412576615069
2009,Slovenia,J01E,Sulfonamides and trimethoprim,0.006,0.0004447700720019
2009,Slovenia,J01F,"Macrolides, lincosamides and streptogramins",2.465,0.1985997477863624
2009,Slovenia,J01G,Aminoglycoside antibacterials,0.07,0.0055851679494496
2009,Slovenia,J01M,Quinolone antibacterials,1.312,0.1057026694342323
2009,Slovenia,J01R,Combinations of antibacterials,0.0,0.0
2009,Slovenia,J01X,Other antibacterials,0.093,0.0074173466935172
2010,Slovenia,J01A,Tetracyclines,0.107,0.0087023081046455
2010,Slovenia,J01B,Amphenicols,0.0,0.0
2010,Slovenia,J01C,"Beta-lactam antibacterials, penicillins",7.632,0.6232237779301437
2010,Slovenia,J01D,Other beta-lactam antibacterials,0.747,0.060921464860357
2010,Slovenia,J01E,Sulfonamides and trimethoprim,0.007,0.0005049254526526
2010,Slovenia,J01F,"Macrolides, lincosamides and streptogramins",2.234,0.1824313708068648
2010,Slovenia,J01G,Aminoglycoside antibacterials,0.073,0.0059084362647374
2010,Slovenia,J01M,Quinolone antibacterials,1.343,0.1096367672619501
2010,Slovenia,J01R,Combinations of antibacterials,0.0,0.0
2010,Slovenia,J01X,Other antibacterials,0.107,0.0086709493186487
2011,Slovenia,J01A,Tetracyclines,0.338,0.0273838140781825
2011,Slovenia,J01B,Amphenicols,0.0,0.0
2011,Slovenia,J01C,"Beta-lactam antibacterials, penicillins",7.673,0.6225576624022596
2011,Slovenia,J01D,Other beta-lactam antibacterials,0.677,0.0549171724843305
2011,Slovenia,J01E,Sulfonamides and trimethoprim,0.005,0.0003389292772172
2011,Slovenia,J01F,"Macrolides, lincosamides and streptogramins",2.088,0.1694175763676145
2011,Slovenia,J01G,Aminoglycoside antibacterials,0.065,0.0052732429657163
2011,Slovenia,J01M,Quinolone antibacterials,1.314,0.106541124081627
2011,Slovenia,J01R,Combinations of antibacterials,0.0,0.0
2011,Slovenia,J01X,Other antibacterials,0.168,0.013570478343052
2012,Slovenia,J01A,Tetracyclines,0.439,0.0360264955667684
2012,Slovenia,J01B,Amphenicols,0.0,0.0
2012,Slovenia,J01C,"Beta-lactam antibacterials, penicillins",7.66,0.6286778800165165
2012,Slovenia,J01D,Other beta-lactam antibacterials,0.613,0.0502625238351189
2012,Slovenia,J01E,Sulfonamides and trimethoprim,0.007,0.0004939172587641
2012,Slovenia,J01F,"Macrolides, lincosamides and streptogramins",1.911,0.1567914813143255
2012,Slovenia,J01G,Aminoglycoside antibacterials,0.056,0.0045803480187951
2012,Slovenia,J01M,Quinolone antibacterials,1.289,0.1057822543851161
2012,Slovenia,J01R,Combinations of antibacterials,0.0,0.0
2012,Slovenia,J01X,Other antibacterials,0.212,0.0173850996045953
2013,Slovenia,J01A,Tetracyclines,0.473,0.0382497586559005
2013,Slovenia,J01B,Amphenicols,0.0,0.0
2013,Slovenia,J01C,"Beta-lactam antibacterials, penicillins",7.738,0.626826688849692
2013,Slovenia,J01D,Other beta-lactam antibacterials,0.595,0.0481796222296468
2013,Slovenia,J01E,Sulfonamides and trimethoprim,0.006,0.0004373197210616
2013,Slovenia,J01F,"Macrolides, lincosamides and streptogramins",1.895,0.1534646286282225
2013,Slovenia,J01G,Aminoglycoside antibacterials,0.053,0.0042314207171265
2013,Slovenia,J01M,Quinolone antibacterials,1.307,0.1058807917317893
2013,Slovenia,J01R,Combinations of antibacterials,0.0,0.0
2013,Slovenia,J01X,Other antibacterials,0.281,0.0227297694665606
2014,Slovenia,J01A,Tetracyclines,0.465,0.0380989040977837
2014,Slovenia,J01B,Amphenicols,0.0,0.0
2014,Slovenia,J01C,"Beta-lactam antibacterials, penicillins",7.496,0.6152140199974967
2014,Slovenia,J01D,Other beta-lactam antibacterials,0.584,0.0478506897351244
2014,Slovenia,J01E,Sulfonamides and trimethoprim,0.011,0.0008771321463966
2014,Slovenia,J01F,"Macrolides, lincosamides and streptogramins",1.889,0.1550080535783536
2014,Slovenia,J01G,Aminoglycoside antibacterials,0.062,0.0050886303992317
2014,Slovenia,J01M,Quinolone antibacterials,1.322,0.1084457722304411
2014,Slovenia,J01R,Combinations of antibacterials,0.0,0.0
2014,Slovenia,J01X,Other antibacterials,0.359,0.0294167978151719
2015,Slovenia,J01A,Tetracyclines,0.429,0.0342853498387322
2015,Slovenia,J01B,Amphenicols,0.0,0.0
2015,Slovenia,J01C,"Beta-lactam antibacterials, penicillins",7.567,0.6047650004299835
2015,Slovenia,J01D,Other beta-lactam antibacterials,0.614,0.0490348229091372
2015,Slovenia,J01E,Sulfonamides and trimethoprim,0.01,0.0007731710755693
2015,Slovenia,J01F,"Macrolides, lincosamides and streptogramins",1.984,0.1585285229315476
2015,Slovenia,J01G,Aminoglycoside antibacterials,0.062,0.0049072466446101
2015,Slovenia,J01M,Quinolone antibacterials,1.377,0.1100158342623002
2015,Slovenia,J01R,Combinations of antibacterials,0.0,0.0
2015,Slovenia,J01X,Other antibacterials,0.472,0.0376900519081197
2016,Slovenia,J01A,Tetracyclines,0.502,0.038655990123277
2016,Slovenia,J01B,Amphenicols,0.0,0.0
2016,Slovenia,J01C,"Beta-lactam antibacterials, penicillins",7.43,0.5729653089977329
2016,Slovenia,J01D,Other beta-lactam antibacterials,0.632,0.048710405264624
2016,Slovenia,J01E,Sulfonamides and trimethoprim,0.798,0.0615085602276187
2016,Slovenia,J01F,"Macrolides, lincosamides and streptogramins",1.718,0.1324742924782227
2016,Slovenia,J01G,Aminoglycoside antibacterials,0.064,0.0049118310591718
2016,Slovenia,J01M,Quinolone antibacterials,1.35,0.1040635206309553
2016,Slovenia,J01R,Combinations of antibacterials,0.0,0.0
2016,Slovenia,J01X,Other antibacterials,0.4760000000000001,0.0367100912183975
2017,Slovenia,J01A,Tetracyclines,0.492,0.0375362074959008
2017,Slovenia,J01B,Amphenicols,0.0,0.0
2017,Slovenia,J01C,"Beta-lactam antibacterials, penicillins",7.505,0.5726960279838009
2017,Slovenia,J01D,Other beta-lactam antibacterials,0.683,0.0521183412263861
2017,Slovenia,J01E,Sulfonamides and trimethoprim,0.734,0.0560108736008767
2017,Slovenia,J01F,"Macrolides, lincosamides and streptogramins",1.812,0.1382388170303729
2017,Slovenia,J01G,Aminoglycoside antibacterials,0.063,0.0047652136351963
2017,Slovenia,J01M,Quinolone antibacterials,1.31,0.0999239504262095
2017,Slovenia,J01R,Combinations of antibacterials,0.0,0.0
2017,Slovenia,J01X,Other antibacterials,0.508,0.0387105686012564
2018,Slovenia,J01A,Tetracyclines,0.533,0.0404742234405384
2018,Slovenia,J01B,Amphenicols,0.0,0.0
2018,Slovenia,J01C,"Beta-lactam antibacterials, penicillins",7.511,0.5706721898668707
2018,Slovenia,J01D,Other beta-lactam antibacterials,0.627,0.0475667103235331
2018,Slovenia,J01E,Sulfonamides and trimethoprim,0.749,0.0568983180493776
2018,Slovenia,J01F,"Macrolides, lincosamides and streptogramins",1.912,0.1452514628672099
2018,Slovenia,J01G,Aminoglycoside antibacterials,0.06,0.004538799536721
2018,Slovenia,J01M,Quinolone antibacterials,1.302,0.098881472937137
2018,Slovenia,J01R,Combinations of antibacterials,0.0,0.0
2018,Slovenia,J01X,Other antibacterials,0.471,0.0357168229786119
2019,Slovenia,J01A,Tetracyclines,0.562,0.0432352387475678
2019,Slovenia,J01B,Amphenicols,0.0,0.0
2019,Slovenia,J01C,"Beta-lactam antibacterials, penicillins",7.354,0.5657404877835616
2019,Slovenia,J01D,Other beta-lactam antibacterials,0.709,0.054543198271809
2019,Slovenia,J01E,Sulfonamides and trimethoprim,0.679,0.0521629274922544
2019,Slovenia,J01F,"Macrolides, lincosamides and streptogramins",1.863,0.1433085494565706
2019,Slovenia,J01G,Aminoglycoside antibacterials,0.062,0.0047281522123885
2019,Slovenia,J01M,Quinolone antibacterials,1.167,0.0897790377225103
2019,Slovenia,J01R,Combinations of antibacterials,0.0,0.0
2019,Slovenia,J01X,Other antibacterials,0.605,0.0465024083133374
2020,Slovenia,J01A,Tetracyclines,0.544,0.0535008271878417
2020,Slovenia,J01B,Amphenicols,0.0,0.0
2020,Slovenia,J01C,"Beta-lactam antibacterials, penicillins",5.294,0.5208524634357393
2020,Slovenia,J01D,Other beta-lactam antibacterials,0.6980000000000002,0.0686330272025013
2020,Slovenia,J01E,Sulfonamides and trimethoprim,0.581,0.0571587536544583
2020,Slovenia,J01F,"Macrolides, lincosamides and streptogramins",1.439,0.1415199103105041
2020,Slovenia,J01G,Aminoglycoside antibacterials,0.055,0.0053232230957338
2020,Slovenia,J01M,Quinolone antibacterials,0.972,0.0955508952961716
2020,Slovenia,J01R,Combinations of antibacterials,0.0,0.0
2020,Slovenia,J01X,Other antibacterials,0.585,0.0574608998170495
2021,Slovenia,J01A,Tetracyclines,0.562,0.0552415163935917
2021,Slovenia,J01B,Amphenicols,0.0,0.0
2021,Slovenia,J01C,"Beta-lactam antibacterials, penicillins",5.165,0.5079957285297096
2021,Slovenia,J01D,Other beta-lactam antibacterials,0.787,0.0774037274155155
2021,Slovenia,J01E,Sulfonamides and trimethoprim,0.588,0.0577427480756105
2021,Slovenia,J01F,"Macrolides, lincosamides and streptogramins",1.364,0.134134474988716
2021,Slovenia,J01G,Aminoglycoside antibacterials,0.055,0.0053355019198895
2021,Slovenia,J01M,Quinolone antibacterials,0.978,0.0961514572010539
2021,Slovenia,J01R,Combinations of antibacterials,0.0,0.0
2021,Slovenia,J01X,Other antibacterials,0.671,0.0659948454759132
2022,Slovenia,J01A,Tetracyclines,0.611,0.0491236168482052
2022,Slovenia,J01B,Amphenicols,0.0,0.0
2022,Slovenia,J01C,"Beta-lactam antibacterials, penicillins",6.911,0.5557511249574283
2022,Slovenia,J01D,Other beta-lactam antibacterials,0.85,0.0682960036317095
2022,Slovenia,J01E,Sulfonamides and trimethoprim,0.591,0.0475170115758732
2022,Slovenia,J01F,"Macrolides, lincosamides and streptogramins",1.675,0.1346593844831267
2022,Slovenia,J01G,Aminoglycoside antibacterials,0.051,0.0040388695861612
2022,Slovenia,J01M,Quinolone antibacterials,1.013,0.0814373881928424
2022,Slovenia,J01R,Combinations of antibacterials,0.0,0.0
2022,Slovenia,J01X,Other antibacterials,0.736,0.0591766007246531
2023,Slovenia,J01A,Tetracyclines,0.629,0.0469436553208876
2023,Slovenia,J01B,Amphenicols,0.0,0.0
2023,Slovenia,J01C,"Beta-lactam antibacterials, penicillins",7.66,0.5720261588640085
2023,Slovenia,J01D,Other beta-lactam antibacterials,0.706,0.0526813567496594
2023,Slovenia,J01E,Sulfonamides and trimethoprim,0.581,0.0433625583092376
2023,Slovenia,J01F,"Macrolides, lincosamides and streptogramins",1.844,0.1376557679366089
2023,Slovenia,J01G,Aminoglycoside antibacterials,0.048,0.0035690731410554
2023,Slovenia,J01M,Quinolone antibacterials,1.101,0.082154552144054
2023,Slovenia,J01R,Combinations of antibacterials,0.0,0.0
2023,Slovenia,J01X,Other antibacterials,0.8250000000000002,0.0616068775344881
2024,Slovenia,J01A,Tetracyclines,0.6990000000000002,0.0485564953174246
2024,Slovenia,J01B,Amphenicols,0.0,0.0
2024,Slovenia,J01C,"Beta-lactam antibacterials, penicillins",7.92,0.5506173735598968
2024,Slovenia,J01D,Other beta-lactam antibacterials,0.979,0.0680309864871601
2024,Slovenia,J01E,Sulfonamides and trimethoprim,0.535,0.0371601184724284
2024,Slovenia,J01F,"Macrolides, lincosamides and streptogramins",2.299,0.1597971999865679
2024,Slovenia,J01G,Aminoglycoside antibacterials,0.052,0.0036028955817287
2024,Slovenia,J01M,Quinolone antibacterials,1.057,0.0734390841795674
2024,Slovenia,J01R,Combinations of antibacterials,0.0,0.0
2024,Slovenia,J01X,Other antibacterials,0.846,0.0587958464152259
2016,Spain,J01A,Tetracyclines,1.494,0.0549192448390595
2016,Spain,J01B,Amphenicols,0.0,0.0
2016,Spain,J01C,"Beta-lactam antibacterials, penicillins",15.427,0.567164874354308
2016,Spain,J01D,Other beta-lactam antibacterials,2.67,0.0981511792496185
2016,Spain,J01E,Sulfonamides and trimethoprim,0.292,0.0107196088163385
2016,Spain,J01F,"Macrolides, lincosamides and streptogramins",3.315,0.1218496663541609
2016,Spain,J01G,Aminoglycoside antibacterials,0.087,0.0031886615562786
2016,Spain,J01M,Quinolone antibacterials,3.241,0.1191557565396423
2016,Spain,J01R,Combinations of antibacterials,0.0,0.0
2016,Spain,J01X,Other antibacterials,0.676,0.0248510082905935
2017,Spain,J01A,Tetracyclines,1.486,0.0560014285695975
2017,Spain,J01B,Amphenicols,0.0,0.0
2017,Spain,J01C,"Beta-lactam antibacterials, penicillins",14.844,0.5595561527447604
2017,Spain,J01D,Other beta-lactam antibacterials,2.676,0.1008514871923699
2017,Spain,J01E,Sulfonamides and trimethoprim,0.463,0.0174528938825661
2017,Spain,J01F,"Macrolides, lincosamides and streptogramins",3.211,0.121021852485638
2017,Spain,J01G,Aminoglycoside antibacterials,0.081,0.0030458132197273
2017,Spain,J01M,Quinolone antibacterials,3.119,0.1175714739048934
2017,Spain,J01R,Combinations of antibacterials,0.0,0.0
2017,Spain,J01X,Other antibacterials,0.65,0.0244988980004473
2018,Spain,J01A,Tetracyclines,1.49,0.0573201522323972
2018,Spain,J01B,Amphenicols,0.0,0.0
2018,Spain,J01C,"Beta-lactam antibacterials, penicillins",14.392,0.553694808263044
2018,Spain,J01D,Other beta-lactam antibacterials,2.751,0.1058328884045512
2018,Spain,J01E,Sulfonamides and trimethoprim,0.471,0.0181161585193303
2018,Spain,J01F,"Macrolides, lincosamides and streptogramins",3.178,0.1222543867117955
2018,Spain,J01G,Aminoglycoside antibacterials,0.082,0.0031308083693883
2018,Spain,J01M,Quinolone antibacterials,2.966,0.1140956169875547
2018,Spain,J01R,Combinations of antibacterials,0.0,0.0
2018,Spain,J01X,Other antibacterials,0.665,0.0255551805119385
2019,Spain,J01A,Tetracyclines,1.515,0.0608464727543733
2019,Spain,J01B,Amphenicols,0.0,0.0
2019,Spain,J01C,"Beta-lactam antibacterials, penicillins",13.737,0.5517418490227071
2019,Spain,J01D,Other beta-lactam antibacterials,2.76,0.11084912983365
2019,Spain,J01E,Sulfonamides and trimethoprim,0.459,0.0184237016773581
2019,Spain,J01F,"Macrolides, lincosamides and streptogramins",2.95,0.1184649657369326
2019,Spain,J01G,Aminoglycoside antibacterials,0.077,0.0030823726308061
2019,Spain,J01M,Quinolone antibacterials,2.527,0.1014791395979645
2019,Spain,J01R,Combinations of antibacterials,0.184,0.0073589246553137
2019,Spain,J01X,Other antibacterials,0.691,0.0277534440908946
2020,Spain,J01A,Tetracyclines,1.483,0.0750583192992457
2020,Spain,J01B,Amphenicols,0.0,0.0
2020,Spain,J01C,"Beta-lactam antibacterials, penicillins",10.379,0.5255563532272612
2020,Spain,J01D,Other beta-lactam antibacterials,2.329,0.117911756128584
2020,Spain,J01E,Sulfonamides and trimethoprim,0.45,0.0227702384944999
2020,Spain,J01F,"Macrolides, lincosamides and streptogramins",2.222,0.1124781247241775
2020,Spain,J01G,Aminoglycoside antibacterials,0.078,0.0039052041926192
2020,Spain,J01M,Quinolone antibacterials,1.974,0.0999172513366205
2020,Spain,J01R,Combinations of antibacterials,0.163,0.0082256961818082
2020,Spain,J01X,Other antibacterials,0.675,0.0341770564151836
2021,Spain,J01A,Tetracyclines,1.683,0.0842866150051441
2021,Spain,J01B,Amphenicols,0.0,0.0
2021,Spain,J01C,"Beta-lactam antibacterials, penicillins",10.382,0.5200140937866968
2021,Spain,J01D,Other beta-lactam antibacterials,2.384,0.1193963535382513
2021,Spain,J01E,Sulfonamides and trimethoprim,0.483,0.0241940666740902
2021,Spain,J01F,"Macrolides, lincosamides and streptogramins",2.187,0.109511668023399
2021,Spain,J01G,Aminoglycoside antibacterials,0.078,0.0038777449159855
2021,Spain,J01M,Quinolone antibacterials,1.894,0.0948548511784586
2021,Spain,J01R,Combinations of antibacterials,0.151,0.0075592307465353
2021,Spain,J01X,Other antibacterials,0.725,0.0363053761314388
2022,Spain,J01A,Tetracyclines,1.533,0.0660087172760315
2022,Spain,J01B,Amphenicols,0.0,0.0
2022,Spain,J01C,"Beta-lactam antibacterials, penicillins",12.255,0.5277582438869187
2022,Spain,J01D,Other beta-lactam antibacterials,2.77,0.1192850557186383
2022,Spain,J01E,Sulfonamides and trimethoprim,0.512,0.0220313004205324
2022,Spain,J01F,"Macrolides, lincosamides and streptogramins",3.004,0.1293436995956173
2022,Spain,J01G,Aminoglycoside antibacterials,0.072,0.0030623169088015
2022,Spain,J01M,Quinolone antibacterials,2.163,0.093122073603873
2022,Spain,J01R,Combinations of antibacterials,0.133,0.0057234766762759
2022,Spain,J01X,Other antibacterials,0.782,0.0336651159133116
2023,Spain,J01A,Tetracyclines,1.491,0.0618489270021609
2023,Spain,J01B,Amphenicols,0.0,0.0
2023,Spain,J01C,"Beta-lactam antibacterials, penicillins",12.967,0.5379487584993994
2023,Spain,J01D,Other beta-lactam antibacterials,2.904,0.1204534622720757
2023,Spain,J01E,Sulfonamides and trimethoprim,0.544,0.0225502712074681
2023,Spain,J01F,"Macrolides, lincosamides and streptogramins",2.987,0.1238834244328008
2023,Spain,J01G,Aminoglycoside antibacterials,0.064,0.0026490147550271
2023,Spain,J01M,Quinolone antibacterials,2.223,0.0921940689152066
2023,Spain,J01R,Combinations of antibacterials,0.118,0.0048689730890104
2023,Spain,J01X,Other antibacterials,0.81,0.0336030998268507
2024,Spain,J01A,Tetracyclines,1.597,0.0659943721278251
2024,Spain,J01B,Amphenicols,0.0,0.0
2024,Spain,J01C,"Beta-lactam antibacterials, penicillins",12.686,0.5243827130001384
2024,Spain,J01D,Other beta-lactam antibacterials,2.858,0.1181135132384546
2024,Spain,J01E,Sulfonamides and trimethoprim,0.58,0.023974530432967
2024,Spain,J01F,"Macrolides, lincosamides and streptogramins",3.323,0.1373305641376985
2024,Spain,J01G,Aminoglycoside antibacterials,0.056,0.0023068959973802
2024,Spain,J01M,Quinolone antibacterials,2.153,0.0889735480582939
2024,Spain,J01R,Combinations of antibacterials,0.124,0.0051247177662159
2024,Spain,J01X,Other antibacterials,0.818,0.0337991452410261
2000,Sweden,J01A,Tetracyclines,3.432,0.2087425260496832
2000,Sweden,J01B,Amphenicols,0.001,1.32598542766345e-05
2000,Sweden,J01C,"Beta-lactam antibacterials, penicillins",7.345,0.4467497937879772
2000,Sweden,J01D,Other beta-lactam antibacterials,0.808,0.0491360931226184
2000,Sweden,J01E,Sulfonamides and trimethoprim,0.8230000000000002,0.0500278487352319
2000,Sweden,J01F,"Macrolides, lincosamides and streptogramins",0.978,0.0594347421441902
2000,Sweden,J01G,Aminoglycoside antibacterials,0.017,0.0010039169487883
2000,Sweden,J01M,Quinolone antibacterials,1.221,0.0742140662358917
2000,Sweden,J01R,Combinations of antibacterials,0.0,0.0
2000,Sweden,J01X,Other antibacterials,1.82,0.1106777531213423
2001,Sweden,J01A,Tetracyclines,3.423,0.2046003787419116
2001,Sweden,J01B,Amphenicols,0.001,1.649926883131495e-05
2001,Sweden,J01C,"Beta-lactam antibacterials, penicillins",7.535,0.4503904049817271
2001,Sweden,J01D,Other beta-lactam antibacterials,0.781,0.0466475578033351
2001,Sweden,J01E,Sulfonamides and trimethoprim,0.819,0.0489064033542774
2001,Sweden,J01F,"Macrolides, lincosamides and streptogramins",1.035,0.0618709429583213
2001,Sweden,J01G,Aminoglycoside antibacterials,0.017,0.0009702287432327
2001,Sweden,J01M,Quinolone antibacterials,1.272,0.0759904911605167
2001,Sweden,J01R,Combinations of antibacterials,0.0,0.0
2001,Sweden,J01X,Other antibacterials,1.851,0.1106070929878466
2002,Sweden,J01A,Tetracyclines,3.253,0.201918993517137
2002,Sweden,J01B,Amphenicols,0.001,5.898253024375804e-06
2002,Sweden,J01C,"Beta-lactam antibacterials, penicillins",7.268,0.4512295187820244
2002,Sweden,J01D,Other beta-lactam antibacterials,0.742,0.0460073669801143
2002,Sweden,J01E,Sulfonamides and trimethoprim,0.803,0.0498443978765295
2002,Sweden,J01F,"Macrolides, lincosamides and streptogramins",0.9510000000000002,0.0589975552672517
2002,Sweden,J01G,Aminoglycoside antibacterials,0.016,0.0009467006538492
2002,Sweden,J01M,Quinolone antibacterials,1.17,0.0726394073832717
2002,Sweden,J01R,Combinations of antibacterials,0.0,0.0
2002,Sweden,J01X,Other antibacterials,1.908,0.1184101612867976
2003,Sweden,J01A,Tetracyclines,3.194,0.2040247784430969
2003,Sweden,J01B,Amphenicols,0.001,7.794213346018735e-06
2003,Sweden,J01C,"Beta-lactam antibacterials, penicillins",6.885,0.4398049708937242
2003,Sweden,J01D,Other beta-lactam antibacterials,0.713,0.0455476578452782
2003,Sweden,J01E,Sulfonamides and trimethoprim,0.805,0.0514052647227898
2003,Sweden,J01F,"Macrolides, lincosamides and streptogramins",0.897,0.0572934734707338
2003,Sweden,J01G,Aminoglycoside antibacterials,0.015,0.0009345389575865
2003,Sweden,J01M,Quinolone antibacterials,1.167,0.0745425148144357
2003,Sweden,J01R,Combinations of antibacterials,0.0,0.0
2003,Sweden,J01X,Other antibacterials,1.98,0.1264390066390087
2004,Sweden,J01A,Tetracyclines,3.229,0.2073072737512016
2004,Sweden,J01B,Amphenicols,0.001,5.264985770733884e-06
2004,Sweden,J01C,"Beta-lactam antibacterials, penicillins",6.68,0.4288724500052682
2004,Sweden,J01D,Other beta-lactam antibacterials,0.673,0.0431931727773782
2004,Sweden,J01E,Sulfonamides and trimethoprim,0.793,0.0508689441668163
2004,Sweden,J01F,"Macrolides, lincosamides and streptogramins",0.887,0.0568961971457228
2004,Sweden,J01G,Aminoglycoside antibacterials,0.02,0.0012708519921967
2004,Sweden,J01M,Quinolone antibacterials,1.151,0.0738416822631169
2004,Sweden,J01R,Combinations of antibacterials,0.0,0.0
2004,Sweden,J01X,Other antibacterials,2.146,0.1377441629125285
2005,Sweden,J01A,Tetracyclines,3.434,0.2155107481918981
2005,Sweden,J01B,Amphenicols,0.001,2.196678684591146e-06
2005,Sweden,J01C,"Beta-lactam antibacterials, penicillins",6.765,0.4245670267859861
2005,Sweden,J01D,Other beta-lactam antibacterials,0.665,0.0416982962246311
2005,Sweden,J01E,Sulfonamides and trimethoprim,0.762,0.0477932009028977
2005,Sweden,J01F,"Macrolides, lincosamides and streptogramins",0.926,0.0580830087217558
2005,Sweden,J01G,Aminoglycoside antibacterials,0.021,0.001273194965589
2005,Sweden,J01M,Quinolone antibacterials,1.165,0.0730991276361321
2005,Sweden,J01R,Combinations of antibacterials,0.0,0.0
2005,Sweden,J01X,Other antibacterials,2.199,0.1379731998924255
2006,Sweden,J01A,Tetracyclines,3.514,0.213653288033974
2006,Sweden,J01B,Amphenicols,0.001,2.675925205701107e-06
2006,Sweden,J01C,"Beta-lactam antibacterials, penicillins",7.152,0.4349553433695529
2006,Sweden,J01D,Other beta-lactam antibacterials,0.663,0.0402659237163054
2006,Sweden,J01E,Sulfonamides and trimethoprim,0.77,0.0468024183795679
2006,Sweden,J01F,"Macrolides, lincosamides and streptogramins",0.946,0.057472791770265
2006,Sweden,J01G,Aminoglycoside antibacterials,0.023,0.0013386315841519
2006,Sweden,J01M,Quinolone antibacterials,1.158,0.0703683186024664
2006,Sweden,J01R,Combinations of antibacterials,0.0,0.0
2006,Sweden,J01X,Other antibacterials,2.223,0.1351406086185104
2007,Sweden,J01A,Tetracyclines,3.549,0.2166629147370484
2007,Sweden,J01B,Amphenicols,0.001,3.663397511783776e-07
2007,Sweden,J01C,"Beta-lactam antibacterials, penicillins",7.2,0.4395645954366644
2007,Sweden,J01D,Other beta-lactam antibacterials,0.578,0.0352646581845581
2007,Sweden,J01E,Sulfonamides and trimethoprim,0.846,0.0516157445254034
2007,Sweden,J01F,"Macrolides, lincosamides and streptogramins",0.942,0.0574747993358748
2007,Sweden,J01G,Aminoglycoside antibacterials,0.02,0.001202815516369
2007,Sweden,J01M,Quinolone antibacterials,1.067,0.0651281862476179
2007,Sweden,J01R,Combinations of antibacterials,0.0,0.0
2007,Sweden,J01X,Other antibacterials,2.18,0.1330859196767125
2008,Sweden,J01A,Tetracyclines,3.416,0.2173326674725211
2008,Sweden,J01B,Amphenicols,0.001,1.909004622081991e-06
2008,Sweden,J01C,"Beta-lactam antibacterials, penicillins",7.596,0.4833288535358202
2008,Sweden,J01D,Other beta-lactam antibacterials,0.543,0.034493104548038
2008,Sweden,J01E,Sulfonamides and trimethoprim,0.66,0.0419790752730703
2008,Sweden,J01F,"Macrolides, lincosamides and streptogramins",0.509,0.0323538739685329
2008,Sweden,J01G,Aminoglycoside antibacterials,0.025,0.0015455937755249
2008,Sweden,J01M,Quinolone antibacterials,0.987,0.0627709991144764
2008,Sweden,J01R,Combinations of antibacterials,0.0,0.0
2008,Sweden,J01X,Other antibacterials,1.984,0.1261939233073938
2009,Sweden,J01A,Tetracyclines,3.198,0.2156540719271147
2009,Sweden,J01B,Amphenicols,0.001,1.079150204286506e-06
2009,Sweden,J01C,"Beta-lactam antibacterials, penicillins",7.255,0.4892625566376809
2009,Sweden,J01D,Other beta-lactam antibacterials,0.438,0.029485958266159
2009,Sweden,J01E,Sulfonamides and trimethoprim,0.324,0.0217979573170464
2009,Sweden,J01F,"Macrolides, lincosamides and streptogramins",0.816,0.0549925501540116
2009,Sweden,J01G,Aminoglycoside antibacterials,0.021,0.0014078188883795
2009,Sweden,J01M,Quinolone antibacterials,0.937,0.0631744646622485
2009,Sweden,J01R,Combinations of antibacterials,0.0,0.0
2009,Sweden,J01X,Other antibacterials,1.842,0.1242235429971549
2010,Sweden,J01A,Tetracyclines,3.504,0.2323567091056637
2010,Sweden,J01B,Amphenicols,0.001,1.127550128723113e-06
2010,Sweden,J01C,"Beta-lactam antibacterials, penicillins",7.394,0.4903602754803945
2010,Sweden,J01D,Other beta-lactam antibacterials,0.389,0.0257964234773181
2010,Sweden,J01E,Sulfonamides and trimethoprim,0.283,0.0187487708874515
2010,Sweden,J01F,"Macrolides, lincosamides and streptogramins",0.812,0.0537974727622026
2010,Sweden,J01G,Aminoglycoside antibacterials,0.022,0.0014126876583337
2010,Sweden,J01M,Quinolone antibacterials,0.934,0.0619172928715286
2010,Sweden,J01R,Combinations of antibacterials,0.0,0.0
2010,Sweden,J01X,Other antibacterials,1.744,0.1156092402069784
2011,Sweden,J01A,Tetracyclines,3.744,0.247534012981277
2011,Sweden,J01B,Amphenicols,0.0,0.0
2011,Sweden,J01C,"Beta-lactam antibacterials, penicillins",7.44,0.4919754287740818
2011,Sweden,J01D,Other beta-lactam antibacterials,0.355,0.0234567085658798
2011,Sweden,J01E,Sulfonamides and trimethoprim,0.248,0.0163442045395255
2011,Sweden,J01F,"Macrolides, lincosamides and streptogramins",0.67,0.0443020978173803
2011,Sweden,J01G,Aminoglycoside antibacterials,0.023,0.001483047386958
2011,Sweden,J01M,Quinolone antibacterials,0.935,0.0617727888346707
2011,Sweden,J01R,Combinations of antibacterials,0.0,0.0
2011,Sweden,J01X,Other antibacterials,1.711,0.1131317111002265
2012,Sweden,J01A,Tetracyclines,3.648,0.2433609597335503
2012,Sweden,J01B,Amphenicols,0.001,6.672452572707547e-08
2012,Sweden,J01C,"Beta-lactam antibacterials, penicillins",7.429,0.4956537312054527
2012,Sweden,J01D,Other beta-lactam antibacterials,0.353,0.0235246656884406
2012,Sweden,J01E,Sulfonamides and trimethoprim,0.222,0.0147475881252496
2012,Sweden,J01F,"Macrolides, lincosamides and streptogramins",0.694,0.0462984135643487
2012,Sweden,J01G,Aminoglycoside antibacterials,0.025,0.0016370862387137
2012,Sweden,J01M,Quinolone antibacterials,0.909,0.0605980132238668
2012,Sweden,J01R,Combinations of antibacterials,0.0,0.0
2012,Sweden,J01X,Other antibacterials,1.712,0.1141794754958517
2013,Sweden,J01A,Tetracyclines,3.04,0.2179104584599107
2013,Sweden,J01B,Amphenicols,0.001,2.867256078941294e-07
2013,Sweden,J01C,"Beta-lactam antibacterials, penicillins",7.086,0.5079113329730148
2013,Sweden,J01D,Other beta-lactam antibacterials,0.355,0.02539263487931
2013,Sweden,J01E,Sulfonamides and trimethoprim,0.191,0.0136669194630776
2013,Sweden,J01F,"Macrolides, lincosamides and streptogramins",0.685,0.0490401143461724
2013,Sweden,J01G,Aminoglycoside antibacterials,0.028,0.0019386235163741
2013,Sweden,J01M,Quinolone antibacterials,0.87,0.0623135745938173
2013,Sweden,J01R,Combinations of antibacterials,0.0,0.0
2013,Sweden,J01X,Other antibacterials,1.7,0.121826055042715
2014,Sweden,J01A,Tetracyclines,2.836,0.2073211887068853
2014,Sweden,J01B,Amphenicols,0.0,0.0
2014,Sweden,J01C,"Beta-lactam antibacterials, penicillins",7.135,0.5216937990127918
2014,Sweden,J01D,Other beta-lactam antibacterials,0.31,0.0226385433000303
2014,Sweden,J01E,Sulfonamides and trimethoprim,0.166,0.0121105987373135
2014,Sweden,J01F,"Macrolides, lincosamides and streptogramins",0.67,0.048984985808909
2014,Sweden,J01G,Aminoglycoside antibacterials,0.027,0.0019497439475708
2014,Sweden,J01M,Quinolone antibacterials,0.849,0.0620364166217371
2014,Sweden,J01R,Combinations of antibacterials,0.0,0.0
2014,Sweden,J01X,Other antibacterials,1.686,0.1232647238647621
2015,Sweden,J01A,Tetracyclines,2.745,0.2077994208769169
2015,Sweden,J01B,Amphenicols,0.0,0.0
2015,Sweden,J01C,"Beta-lactam antibacterials, penicillins",6.804,0.5151318829738556
2015,Sweden,J01D,Other beta-lactam antibacterials,0.305,0.0230870829777324
2015,Sweden,J01E,Sulfonamides and trimethoprim,0.154,0.011597757137971
2015,Sweden,J01F,"Macrolides, lincosamides and streptogramins",0.666,0.0504084384386226
2015,Sweden,J01G,Aminoglycoside antibacterials,0.016,0.001150113818789
2015,Sweden,J01M,Quinolone antibacterials,0.844,0.0638415013070439
2015,Sweden,J01R,Combinations of antibacterials,0.0,0.0
2015,Sweden,J01X,Other antibacterials,1.678,0.1269838024690685
2016,Sweden,J01A,Tetracyclines,2.585,0.1953654707093317
2016,Sweden,J01B,Amphenicols,0.0,0.0
2016,Sweden,J01C,"Beta-lactam antibacterials, penicillins",6.815,0.515028409636285
2016,Sweden,J01D,Other beta-lactam antibacterials,0.303,0.0228772811640234
2016,Sweden,J01E,Sulfonamides and trimethoprim,0.438,0.0330499247453381
2016,Sweden,J01F,"Macrolides, lincosamides and streptogramins",0.609,0.046009190183654
2016,Sweden,J01G,Aminoglycoside antibacterials,0.028,0.0020819171595593
2016,Sweden,J01M,Quinolone antibacterials,0.82,0.0619437242963042
2016,Sweden,J01R,Combinations of antibacterials,0.0,0.0
2016,Sweden,J01X,Other antibacterials,1.636,0.1236440821055041
2017,Sweden,J01A,Tetracyclines,2.526,0.1976928838669809
2017,Sweden,J01B,Amphenicols,0.0,0.0
2017,Sweden,J01C,"Beta-lactam antibacterials, penicillins",6.689,0.52367483784977
2017,Sweden,J01D,Other beta-lactam antibacterials,0.244,0.0190355597217756
2017,Sweden,J01E,Sulfonamides and trimethoprim,0.312,0.0243726222970492
2017,Sweden,J01F,"Macrolides, lincosamides and streptogramins",0.604,0.047212428447245
2017,Sweden,J01G,Aminoglycoside antibacterials,0.027,0.002102787622443
2017,Sweden,J01M,Quinolone antibacterials,0.776,0.0607414217139872
2017,Sweden,J01R,Combinations of antibacterials,0.0,0.0
2017,Sweden,J01X,Other antibacterials,1.599,0.1251674584807489
2018,Sweden,J01A,Tetracyclines,2.32,0.1865783359221891
2018,Sweden,J01B,Amphenicols,0.0,0.0
2018,Sweden,J01C,"Beta-lactam antibacterials, penicillins",6.649,0.5347377041282524
2018,Sweden,J01D,Other beta-lactam antibacterials,0.237,0.0190065147798019
2018,Sweden,J01E,Sulfonamides and trimethoprim,0.316,0.0253581858122555
2018,Sweden,J01F,"Macrolides, lincosamides and streptogramins",0.56,0.0449613183692565
2018,Sweden,J01G,Aminoglycoside antibacterials,0.025,0.0019964738586427
2018,Sweden,J01M,Quinolone antibacterials,0.749,0.0601633291432824
2018,Sweden,J01R,Combinations of antibacterials,0.0,0.0
2018,Sweden,J01X,Other antibacterials,1.582,0.1271981379863193
2019,Sweden,J01A,Tetracyclines,2.289,0.1939616046647084
2019,Sweden,J01B,Amphenicols,0.0,0.0
2019,Sweden,J01C,"Beta-lactam antibacterials, penicillins",6.312,0.5348916259877289
2019,Sweden,J01D,Other beta-lactam antibacterials,0.224,0.0189213946565583
2019,Sweden,J01E,Sulfonamides and trimethoprim,0.328,0.0277526387248459
2019,Sweden,J01F,"Macrolides, lincosamides and streptogramins",0.579,0.0490010824646906
2019,Sweden,J01G,Aminoglycoside antibacterials,0.024,0.0019993350804068
2019,Sweden,J01M,Quinolone antibacterials,0.694,0.058786570047957
2019,Sweden,J01R,Combinations of antibacterials,0.0,0.0
2019,Sweden,J01X,Other antibacterials,1.354,0.1146857483731038
2020,Sweden,J01A,Tetracyclines,2.052,0.1984944322031512
2020,Sweden,J01B,Amphenicols,0.0,0.0
2020,Sweden,J01C,"Beta-lactam antibacterials, penicillins",5.277,0.5105157240225842
2020,Sweden,J01D,Other beta-lactam antibacterials,0.21,0.0202551717004651
2020,Sweden,J01E,Sulfonamides and trimethoprim,0.312,0.0301620562740844
2020,Sweden,J01F,"Macrolides, lincosamides and streptogramins",0.561,0.0542009825222198
2020,Sweden,J01G,Aminoglycoside antibacterials,0.023,0.0021649237458221
2020,Sweden,J01M,Quinolone antibacterials,0.624,0.0603728777579072
2020,Sweden,J01R,Combinations of antibacterials,0.0,0.0
2020,Sweden,J01X,Other antibacterials,1.28,0.1238338317737658
2021,Sweden,J01A,Tetracyclines,1.956,0.1943181401424982
2021,Sweden,J01B,Amphenicols,0.0,0.0
2021,Sweden,J01C,"Beta-lactam antibacterials, penicillins",5.173,0.5140647097006508
2021,Sweden,J01D,Other beta-lactam antibacterials,0.219,0.0216675335058265
2021,Sweden,J01E,Sulfonamides and trimethoprim,0.314,0.0311146723352945
2021,Sweden,J01F,"Macrolides, lincosamides and streptogramins",0.517,0.0513295338181072
2021,Sweden,J01G,Aminoglycoside antibacterials,0.02,0.0019129432421282
2021,Sweden,J01M,Quinolone antibacterials,0.62,0.0615351113590981
2021,Sweden,J01R,Combinations of antibacterials,0.0,0.0
2021,Sweden,J01X,Other antibacterials,1.249,0.1240573558963963
2013,United Kingdom,J01A,Tetracyclines,5.109,0.2449742356848677
2013,United Kingdom,J01B,Amphenicols,0.002,8.507616786822767e-05
2013,United Kingdom,J01C,"Beta-lactam antibacterials, penicillins",7.949,0.3811885179016995
2013,United Kingdom,J01D,Other beta-lactam antibacterials,0.484,0.0231870443671256
2013,United Kingdom,J01E,Sulfonamides and trimethoprim,1.983,0.0950923280239698
2013,United Kingdom,J01F,"Macrolides, lincosamides and streptogramins",3.494,0.1675275872902344
2013,United Kingdom,J01G,Aminoglycoside antibacterials,0.126,0.0060309123824333
2013,United Kingdom,J01M,Quinolone antibacterials,0.582,0.0278849848860317
2013,United Kingdom,J01X,Other antibacterials,1.127,0.0540293132957697
2014,United Kingdom,J01A,Tetracyclines,5.257,0.2520780793309405
2014,United Kingdom,J01B,Amphenicols,0.003,0.0001037253364599
2014,United Kingdom,J01C,"Beta-lactam antibacterials, penicillins",8.06,0.386505827656733
2014,United Kingdom,J01D,Other beta-lactam antibacterials,0.4750000000000001,0.0227746407617074
2014,United Kingdom,J01E,Sulfonamides and trimethoprim,1.657,0.0794369675564603
2014,United Kingdom,J01F,"Macrolides, lincosamides and streptogramins",3.545,0.1699908646895074
2014,United Kingdom,J01G,Aminoglycoside antibacterials,0.129,0.0061405111457981
2014,United Kingdom,J01M,Quinolone antibacterials,0.587,0.0281232811349844
2014,United Kingdom,J01R,Combinations of antibacterials,0.0,0.0
2014,United Kingdom,J01X,Other antibacterials,1.144,0.0548461023874091
2015,United Kingdom,J01A,Tetracyclines,5.192,0.2574435593992484
2015,United Kingdom,J01B,Amphenicols,0.002,8.371378969449525e-05
2015,United Kingdom,J01C,"Beta-lactam antibacterials, penicillins",7.789,0.3862796768608043
2015,United Kingdom,J01D,Other beta-lactam antibacterials,0.433,0.021444814709346
2015,United Kingdom,J01E,Sulfonamides and trimethoprim,1.454,0.0720780192682561
2015,United Kingdom,J01F,"Macrolides, lincosamides and streptogramins",3.406,0.1688815113632047
2015,United Kingdom,J01G,Aminoglycoside antibacterials,0.123,0.0060900790133199
2015,United Kingdom,J01M,Quinolone antibacterials,0.5690000000000001,0.0281880894122786
2015,United Kingdom,J01R,Combinations of antibacterials,0.0,0.0
2015,United Kingdom,J01X,Other antibacterials,1.2,0.0595105361838473
2016,United Kingdom,J01A,Tetracyclines,5.09,0.2578662013448991
2016,United Kingdom,J01B,Amphenicols,0.003,0.0001062063795679
2016,United Kingdom,J01C,"Beta-lactam antibacterials, penicillins",7.665,0.3883524943120555
2016,United Kingdom,J01D,Other beta-lactam antibacterials,0.396,0.020037789405417
2016,United Kingdom,J01E,Sulfonamides and trimethoprim,1.35,0.0683842406960855
2016,United Kingdom,J01F,"Macrolides, lincosamides and streptogramins",3.313,0.1678286283045778
2016,United Kingdom,J01G,Aminoglycoside antibacterials,0.12,0.0060800618753502
2016,United Kingdom,J01M,Quinolone antibacterials,0.554,0.028023434924093
2016,United Kingdom,J01R,Combinations of antibacterials,0.0,0.0
2016,United Kingdom,J01X,Other antibacterials,1.25,0.0633209427579536
2017,United Kingdom,J01A,Tetracyclines,5.053,0.2601963159109241
2017,United Kingdom,J01B,Amphenicols,0.002,9.727685068950954e-05
2017,United Kingdom,J01C,"Beta-lactam antibacterials, penicillins",7.456,0.3839273718364618
2017,United Kingdom,J01D,Other beta-lactam antibacterials,0.398,0.0204933331884565
2017,United Kingdom,J01E,Sulfonamides and trimethoprim,1.162,0.059810277698373
2017,United Kingdom,J01F,"Macrolides, lincosamides and streptogramins",3.209,0.1652351589333287
2017,United Kingdom,J01G,Aminoglycoside antibacterials,0.13,0.0066845520807847
2017,United Kingdom,J01M,Quinolone antibacterials,0.5700000000000001,0.0293444451751222
2017,United Kingdom,J01R,Combinations of antibacterials,0.0,0.0
2017,United Kingdom,J01X,Other antibacterials,1.442,0.0742112683258592
2018,United Kingdom,J01A,Tetracyclines,4.896,0.2606799840848716
2018,United Kingdom,J01B,Amphenicols,0.002,6.565629456960141e-05
2018,United Kingdom,J01C,"Beta-lactam antibacterials, penicillins",7.344,0.3910324364459848
2018,United Kingdom,J01D,Other beta-lactam antibacterials,0.383,0.0203552085410053
2018,United Kingdom,J01E,Sulfonamides and trimethoprim,0.986,0.0524941511051131
2018,United Kingdom,J01F,"Macrolides, lincosamides and streptogramins",2.953,0.1572154617006013
2018,United Kingdom,J01G,Aminoglycoside antibacterials,0.132,0.0069844878617326
2018,United Kingdom,J01M,Quinolone antibacterials,0.5710000000000001,0.0303584482238614
2018,United Kingdom,J01R,Combinations of antibacterials,0.0,0.0
2018,United Kingdom,J01X,Other antibacterials,1.518,0.0808141657422601
2019,United Kingdom,J01A,Tetracyclines,5.015,0.2745685952130881
2019,United Kingdom,J01B,Amphenicols,0.002,6.274520797161989e-05
2019,United Kingdom,J01C,"Beta-lactam antibacterials, penicillins",7.039,0.3853586740021253
2019,United Kingdom,J01D,Other beta-lactam antibacterials,0.373,0.0204108080975045
2019,United Kingdom,J01E,Sulfonamides and trimethoprim,0.915,0.0500862253846196
2019,United Kingdom,J01F,"Macrolides, lincosamides and streptogramins",2.804,0.1534896711039647
2019,United Kingdom,J01G,Aminoglycoside antibacterials,0.133,0.007228894025917
2019,United Kingdom,J01M,Quinolone antibacterials,0.515,0.0281777450193527
2019,United Kingdom,J01X,Other antibacterials,1.473,0.0806166419454562
