country,country_code,year,pathogen_drug,resistance_pct
Austria,AT,2001,E.coli-3rd_gen_cephalosporins,0.0
Austria,AT,2002,E.coli-3rd_gen_cephalosporins,1.25786163
Austria,AT,2003,E.coli-3rd_gen_cephalosporins,1.84237461
Austria,AT,2004,E.coli-3rd_gen_cephalosporins,2.53232758
Austria,AT,2005,E.coli-3rd_gen_cephalosporins,4.20332355
Austria,AT,2006,E.coli-3rd_gen_cephalosporins,6.59651962
Austria,AT,2007,E.coli-3rd_gen_cephalosporins,8.87128712
Austria,AT,2008,E.coli-3rd_gen_cephalosporins,7.41239892
Austria,AT,2009,E.coli-3rd_gen_cephalosporins,7.54716981
Austria,AT,2010,E.coli-3rd_gen_cephalosporins,7.25530458
Austria,AT,2011,E.coli-3rd_gen_cephalosporins,9.14556962
Austria,AT,2012,E.coli-3rd_gen_cephalosporins,8.6522911
Austria,AT,2013,E.coli-3rd_gen_cephalosporins,9.84917733
Austria,AT,2014,E.coli-3rd_gen_cephalosporins,9.3690652
Austria,AT,2015,E.coli-3rd_gen_cephalosporins,9.67346938
Austria,AT,2016,E.coli-3rd_gen_cephalosporins,10.00569584
Austria,AT,2017,E.coli-3rd_gen_cephalosporins,9.63150711
Austria,AT,2018,E.coli-3rd_gen_cephalosporins,10.20803949
Austria,AT,2019,E.coli-3rd_gen_cephalosporins,9.31870291
Austria,AT,2020,E.coli-3rd_gen_cephalosporins,9.46800595
Austria,AT,2021,E.coli-3rd_gen_cephalosporins,8.28968755
Austria,AT,2022,E.coli-3rd_gen_cephalosporins,8.32025117
Austria,AT,2023,E.coli-3rd_gen_cephalosporins,9.85248588
Austria,AT,2024,E.coli-3rd_gen_cephalosporins,10.55105348
Belgium,BE,2001,E.coli-3rd_gen_cephalosporins,1.8018018
Belgium,BE,2002,E.coli-3rd_gen_cephalosporins,2.79424216
Belgium,BE,2003,E.coli-3rd_gen_cephalosporins,3.49544072
Belgium,BE,2004,E.coli-3rd_gen_cephalosporins,2.64650283
Belgium,BE,2005,E.coli-3rd_gen_cephalosporins,3.61445783
Belgium,BE,2006,E.coli-3rd_gen_cephalosporins,2.91021671
Belgium,BE,2007,E.coli-3rd_gen_cephalosporins,3.92832529
Belgium,BE,2008,E.coli-3rd_gen_cephalosporins,4.18736692
Belgium,BE,2009,E.coli-3rd_gen_cephalosporins,6.45363408
Belgium,BE,2010,E.coli-3rd_gen_cephalosporins,5.17418032
Belgium,BE,2011,E.coli-3rd_gen_cephalosporins,6.04767879
Belgium,BE,2012,E.coli-3rd_gen_cephalosporins,6.88308518
Belgium,BE,2013,E.coli-3rd_gen_cephalosporins,7.99802517
Belgium,BE,2014,E.coli-3rd_gen_cephalosporins,9.74304068
Belgium,BE,2015,E.coli-3rd_gen_cephalosporins,9.67990744
Belgium,BE,2016,E.coli-3rd_gen_cephalosporins,10.48969761
Belgium,BE,2017,E.coli-3rd_gen_cephalosporins,9.73886986
Belgium,BE,2018,E.coli-3rd_gen_cephalosporins,9.02239448
Belgium,BE,2019,E.coli-3rd_gen_cephalosporins,9.98221996
Belgium,BE,2020,E.coli-3rd_gen_cephalosporins,9.88425925
Belgium,BE,2021,E.coli-3rd_gen_cephalosporins,8.26096166
Belgium,BE,2022,E.coli-3rd_gen_cephalosporins,8.75555555
Belgium,BE,2023,E.coli-3rd_gen_cephalosporins,10.08878127
Belgium,BE,2024,E.coli-3rd_gen_cephalosporins,11.91865938
Bulgaria,BG,2001,E.coli-3rd_gen_cephalosporins,6.66666666
Bulgaria,BG,2002,E.coli-3rd_gen_cephalosporins,13.33333333
Bulgaria,BG,2003,E.coli-3rd_gen_cephalosporins,18.35443037
Bulgaria,BG,2004,E.coli-3rd_gen_cephalosporins,21.55688622
Bulgaria,BG,2005,E.coli-3rd_gen_cephalosporins,28.07881773
Bulgaria,BG,2006,E.coli-3rd_gen_cephalosporins,28.57142857
Bulgaria,BG,2007,E.coli-3rd_gen_cephalosporins,22.83464566
Bulgaria,BG,2008,E.coli-3rd_gen_cephalosporins,29.25170068
Bulgaria,BG,2009,E.coli-3rd_gen_cephalosporins,19.17098445
Bulgaria,BG,2010,E.coli-3rd_gen_cephalosporins,24.8366013
Bulgaria,BG,2011,E.coli-3rd_gen_cephalosporins,22.90502793
Bulgaria,BG,2012,E.coli-3rd_gen_cephalosporins,38.11659192
Bulgaria,BG,2013,E.coli-3rd_gen_cephalosporins,39.57219251
Bulgaria,BG,2014,E.coli-3rd_gen_cephalosporins,40.36697247
Bulgaria,BG,2015,E.coli-3rd_gen_cephalosporins,38.53658536
Bulgaria,BG,2016,E.coli-3rd_gen_cephalosporins,41.59663865
Bulgaria,BG,2017,E.coli-3rd_gen_cephalosporins,41.29554655
Bulgaria,BG,2018,E.coli-3rd_gen_cephalosporins,38.69863013
Bulgaria,BG,2019,E.coli-3rd_gen_cephalosporins,38.63636363
Bulgaria,BG,2020,E.coli-3rd_gen_cephalosporins,41.37931034
Bulgaria,BG,2021,E.coli-3rd_gen_cephalosporins,37.26235741
Bulgaria,BG,2022,E.coli-3rd_gen_cephalosporins,40.16736401
Bulgaria,BG,2023,E.coli-3rd_gen_cephalosporins,37.25490196
Bulgaria,BG,2024,E.coli-3rd_gen_cephalosporins,34.52380952
Croatia,HR,2001,E.coli-3rd_gen_cephalosporins,1.64835164
Croatia,HR,2002,E.coli-3rd_gen_cephalosporins,2.85714285
Croatia,HR,2003,E.coli-3rd_gen_cephalosporins,4.38596491
Croatia,HR,2004,E.coli-3rd_gen_cephalosporins,2.61682242
Croatia,HR,2005,E.coli-3rd_gen_cephalosporins,0.78492935
Croatia,HR,2006,E.coli-3rd_gen_cephalosporins,1.41570141
Croatia,HR,2007,E.coli-3rd_gen_cephalosporins,2.6744186
Croatia,HR,2008,E.coli-3rd_gen_cephalosporins,3.82932166
Croatia,HR,2010,E.coli-3rd_gen_cephalosporins,8.73015873
Croatia,HR,2011,E.coli-3rd_gen_cephalosporins,9.56256358
Croatia,HR,2012,E.coli-3rd_gen_cephalosporins,7.61589403
Croatia,HR,2013,E.coli-3rd_gen_cephalosporins,8.75
Croatia,HR,2014,E.coli-3rd_gen_cephalosporins,10.84337349
Croatia,HR,2015,E.coli-3rd_gen_cephalosporins,12.52390057
Croatia,HR,2016,E.coli-3rd_gen_cephalosporins,14.7368421
Croatia,HR,2017,E.coli-3rd_gen_cephalosporins,16.46341463
Croatia,HR,2018,E.coli-3rd_gen_cephalosporins,14.81164383
Croatia,HR,2019,E.coli-3rd_gen_cephalosporins,15.94470046
Croatia,HR,2020,E.coli-3rd_gen_cephalosporins,16.56590084
Croatia,HR,2021,E.coli-3rd_gen_cephalosporins,18.59504132
Croatia,HR,2022,E.coli-3rd_gen_cephalosporins,17.42654508
Croatia,HR,2023,E.coli-3rd_gen_cephalosporins,20.01527883
Croatia,HR,2024,E.coli-3rd_gen_cephalosporins,19.39451277
Cyprus,CY,2003,E.coli-3rd_gen_cephalosporins,
Cyprus,CY,2004,E.coli-3rd_gen_cephalosporins,8.69565217
Cyprus,CY,2005,E.coli-3rd_gen_cephalosporins,16.0
Cyprus,CY,2006,E.coli-3rd_gen_cephalosporins,15.55555555
Cyprus,CY,2007,E.coli-3rd_gen_cephalosporins,18.34862385
Cyprus,CY,2008,E.coli-3rd_gen_cephalosporins,19.32773109
Cyprus,CY,2009,E.coli-3rd_gen_cephalosporins,13.97058823
Cyprus,CY,2010,E.coli-3rd_gen_cephalosporins,20.14388489
Cyprus,CY,2011,E.coli-3rd_gen_cephalosporins,36.23188405
Cyprus,CY,2012,E.coli-3rd_gen_cephalosporins,31.81818181
Cyprus,CY,2013,E.coli-3rd_gen_cephalosporins,38.88888888
Cyprus,CY,2014,E.coli-3rd_gen_cephalosporins,28.75816993
Cyprus,CY,2015,E.coli-3rd_gen_cephalosporins,28.45528455
Cyprus,CY,2016,E.coli-3rd_gen_cephalosporins,30.20134228
Cyprus,CY,2017,E.coli-3rd_gen_cephalosporins,30.76923076
Cyprus,CY,2018,E.coli-3rd_gen_cephalosporins,37.08609271
Cyprus,CY,2019,E.coli-3rd_gen_cephalosporins,20.65217391
Cyprus,CY,2020,E.coli-3rd_gen_cephalosporins,29.8245614
Cyprus,CY,2021,E.coli-3rd_gen_cephalosporins,32.8125
Cyprus,CY,2022,E.coli-3rd_gen_cephalosporins,32.44444444
Cyprus,CY,2023,E.coli-3rd_gen_cephalosporins,34.74320241
Cyprus,CY,2024,E.coli-3rd_gen_cephalosporins,38.75
Czechia,CZ,2001,E.coli-3rd_gen_cephalosporins,2.31362467
Czechia,CZ,2002,E.coli-3rd_gen_cephalosporins,1.19873817
Czechia,CZ,2003,E.coli-3rd_gen_cephalosporins,1.13700966
Czechia,CZ,2004,E.coli-3rd_gen_cephalosporins,1.67938931
Czechia,CZ,2005,E.coli-3rd_gen_cephalosporins,2.23914017
Czechia,CZ,2006,E.coli-3rd_gen_cephalosporins,5.13888888
Czechia,CZ,2007,E.coli-3rd_gen_cephalosporins,7.39509763
Czechia,CZ,2008,E.coli-3rd_gen_cephalosporins,9.86121256
Czechia,CZ,2009,E.coli-3rd_gen_cephalosporins,9.7861544
Czechia,CZ,2010,E.coli-3rd_gen_cephalosporins,10.35455278
Czechia,CZ,2011,E.coli-3rd_gen_cephalosporins,11.36363636
Czechia,CZ,2012,E.coli-3rd_gen_cephalosporins,11.4509246
Czechia,CZ,2013,E.coli-3rd_gen_cephalosporins,13.10088016
Czechia,CZ,2014,E.coli-3rd_gen_cephalosporins,13.96910678
Czechia,CZ,2015,E.coli-3rd_gen_cephalosporins,14.50189155
Czechia,CZ,2016,E.coli-3rd_gen_cephalosporins,15.06043776
Czechia,CZ,2017,E.coli-3rd_gen_cephalosporins,14.22319474
Czechia,CZ,2018,E.coli-3rd_gen_cephalosporins,15.2156001
Czechia,CZ,2019,E.coli-3rd_gen_cephalosporins,15.91228563
Czechia,CZ,2020,E.coli-3rd_gen_cephalosporins,13.27994661
Czechia,CZ,2021,E.coli-3rd_gen_cephalosporins,14.41717791
Czechia,CZ,2022,E.coli-3rd_gen_cephalosporins,14.75042063
Czechia,CZ,2023,E.coli-3rd_gen_cephalosporins,15.87872559
Czechia,CZ,2024,E.coli-3rd_gen_cephalosporins,15.7882408
Denmark,DK,2005,E.coli-3rd_gen_cephalosporins,1.14942528
Denmark,DK,2006,E.coli-3rd_gen_cephalosporins,2.44698205
Denmark,DK,2007,E.coli-3rd_gen_cephalosporins,3.24601366
Denmark,DK,2008,E.coli-3rd_gen_cephalosporins,4.05785456
Denmark,DK,2009,E.coli-3rd_gen_cephalosporins,6.17375231
Denmark,DK,2010,E.coli-3rd_gen_cephalosporins,7.59966777
Denmark,DK,2011,E.coli-3rd_gen_cephalosporins,8.49131121
Denmark,DK,2012,E.coli-3rd_gen_cephalosporins,7.860262
Denmark,DK,2013,E.coli-3rd_gen_cephalosporins,8.07833537
Denmark,DK,2014,E.coli-3rd_gen_cephalosporins,7.00680272
Denmark,DK,2015,E.coli-3rd_gen_cephalosporins,7.4764306
Denmark,DK,2016,E.coli-3rd_gen_cephalosporins,6.56793303
Denmark,DK,2017,E.coli-3rd_gen_cephalosporins,6.90149498
Denmark,DK,2018,E.coli-3rd_gen_cephalosporins,7.65570039
Denmark,DK,2019,E.coli-3rd_gen_cephalosporins,7.54272245
Denmark,DK,2020,E.coli-3rd_gen_cephalosporins,6.6969353
Denmark,DK,2021,E.coli-3rd_gen_cephalosporins,6.16691285
Denmark,DK,2022,E.coli-3rd_gen_cephalosporins,6.62786331
Denmark,DK,2023,E.coli-3rd_gen_cephalosporins,6.31638846
Denmark,DK,2024,E.coli-3rd_gen_cephalosporins,6.76103557
Estonia,EE,2000,E.coli-3rd_gen_cephalosporins,
Estonia,EE,2001,E.coli-3rd_gen_cephalosporins,5.88235294
Estonia,EE,2002,E.coli-3rd_gen_cephalosporins,1.53846153
Estonia,EE,2003,E.coli-3rd_gen_cephalosporins,1.03092783
Estonia,EE,2004,E.coli-3rd_gen_cephalosporins,3.61445783
Estonia,EE,2005,E.coli-3rd_gen_cephalosporins,1.29032258
Estonia,EE,2006,E.coli-3rd_gen_cephalosporins,0.46948356
Estonia,EE,2007,E.coli-3rd_gen_cephalosporins,1.38248847
Estonia,EE,2008,E.coli-3rd_gen_cephalosporins,4.58015267
Estonia,EE,2009,E.coli-3rd_gen_cephalosporins,2.19435736
Estonia,EE,2010,E.coli-3rd_gen_cephalosporins,5.50161812
Estonia,EE,2011,E.coli-3rd_gen_cephalosporins,12.22222222
Estonia,EE,2012,E.coli-3rd_gen_cephalosporins,7.86885245
Estonia,EE,2013,E.coli-3rd_gen_cephalosporins,7.35294117
Estonia,EE,2014,E.coli-3rd_gen_cephalosporins,9.26829268
Estonia,EE,2015,E.coli-3rd_gen_cephalosporins,11.38211382
Estonia,EE,2016,E.coli-3rd_gen_cephalosporins,8.98716119
Estonia,EE,2017,E.coli-3rd_gen_cephalosporins,8.75634517
Estonia,EE,2018,E.coli-3rd_gen_cephalosporins,9.76470588
Estonia,EE,2019,E.coli-3rd_gen_cephalosporins,11.53846153
Estonia,EE,2020,E.coli-3rd_gen_cephalosporins,8.27374872
Estonia,EE,2021,E.coli-3rd_gen_cephalosporins,8.07319698
Estonia,EE,2022,E.coli-3rd_gen_cephalosporins,11.76470588
Estonia,EE,2023,E.coli-3rd_gen_cephalosporins,11.43911439
Estonia,EE,2024,E.coli-3rd_gen_cephalosporins,9.94623655
Finland,FI,2001,E.coli-3rd_gen_cephalosporins,0.16570008
Finland,FI,2002,E.coli-3rd_gen_cephalosporins,0.62992125
Finland,FI,2003,E.coli-3rd_gen_cephalosporins,1.03016924
Finland,FI,2004,E.coli-3rd_gen_cephalosporins,1.52314001
Finland,FI,2005,E.coli-3rd_gen_cephalosporins,1.77267987
Finland,FI,2006,E.coli-3rd_gen_cephalosporins,1.81526962
Finland,FI,2007,E.coli-3rd_gen_cephalosporins,1.54004106
Finland,FI,2008,E.coli-3rd_gen_cephalosporins,2.10828941
Finland,FI,2009,E.coli-3rd_gen_cephalosporins,2.80330882
Finland,FI,2010,E.coli-3rd_gen_cephalosporins,3.74651255
Finland,FI,2011,E.coli-3rd_gen_cephalosporins,5.0
Finland,FI,2012,E.coli-3rd_gen_cephalosporins,6.19860847
Finland,FI,2013,E.coli-3rd_gen_cephalosporins,7.06989247
Finland,FI,2014,E.coli-3rd_gen_cephalosporins,5.4627089
Finland,FI,2015,E.coli-3rd_gen_cephalosporins,6.05711653
Finland,FI,2016,E.coli-3rd_gen_cephalosporins,6.89582454
Finland,FI,2017,E.coli-3rd_gen_cephalosporins,6.85429829
Finland,FI,2018,E.coli-3rd_gen_cephalosporins,7.60956175
Finland,FI,2019,E.coli-3rd_gen_cephalosporins,7.85146868
Finland,FI,2020,E.coli-3rd_gen_cephalosporins,7.17346748
Finland,FI,2021,E.coli-3rd_gen_cephalosporins,6.60458699
Finland,FI,2022,E.coli-3rd_gen_cephalosporins,6.10770577
Finland,FI,2023,E.coli-3rd_gen_cephalosporins,7.08587517
Finland,FI,2024,E.coli-3rd_gen_cephalosporins,7.45401742
France,FR,2002,E.coli-3rd_gen_cephalosporins,0.76152304
France,FR,2003,E.coli-3rd_gen_cephalosporins,0.97087378
France,FR,2004,E.coli-3rd_gen_cephalosporins,0.95120662
France,FR,2005,E.coli-3rd_gen_cephalosporins,1.3881748
France,FR,2006,E.coli-3rd_gen_cephalosporins,1.96516301
France,FR,2007,E.coli-3rd_gen_cephalosporins,2.48724489
France,FR,2008,E.coli-3rd_gen_cephalosporins,3.81727158
France,FR,2009,E.coli-3rd_gen_cephalosporins,6.72268907
France,FR,2010,E.coli-3rd_gen_cephalosporins,7.24894701
France,FR,2011,E.coli-3rd_gen_cephalosporins,8.17313362
France,FR,2012,E.coli-3rd_gen_cephalosporins,9.95503503
France,FR,2013,E.coli-3rd_gen_cephalosporins,9.52334055
France,FR,2014,E.coli-3rd_gen_cephalosporins,9.94298966
France,FR,2015,E.coli-3rd_gen_cephalosporins,10.97638222
France,FR,2016,E.coli-3rd_gen_cephalosporins,11.22602315
France,FR,2017,E.coli-3rd_gen_cephalosporins,10.22318753
France,FR,2018,E.coli-3rd_gen_cephalosporins,9.59251625
France,FR,2019,E.coli-3rd_gen_cephalosporins,8.84860588
France,FR,2020,E.coli-3rd_gen_cephalosporins,9.4659808
France,FR,2021,E.coli-3rd_gen_cephalosporins,8.34267413
France,FR,2022,E.coli-3rd_gen_cephalosporins,8.44148515
France,FR,2024,E.coli-3rd_gen_cephalosporins,10.46973591
Germany,DE,2000,E.coli-3rd_gen_cephalosporins,0.0
Germany,DE,2001,E.coli-3rd_gen_cephalosporins,0.7154213
Germany,DE,2002,E.coli-3rd_gen_cephalosporins,0.93984962
Germany,DE,2003,E.coli-3rd_gen_cephalosporins,0.6060606
Germany,DE,2004,E.coli-3rd_gen_cephalosporins,1.8961253
Germany,DE,2005,E.coli-3rd_gen_cephalosporins,1.67189132
Germany,DE,2006,E.coli-3rd_gen_cephalosporins,4.24528301
Germany,DE,2007,E.coli-3rd_gen_cephalosporins,7.70020533
Germany,DE,2008,E.coli-3rd_gen_cephalosporins,4.83570985
Germany,DE,2009,E.coli-3rd_gen_cephalosporins,8.15512866
Germany,DE,2010,E.coli-3rd_gen_cephalosporins,8.35820895
Germany,DE,2011,E.coli-3rd_gen_cephalosporins,7.96265788
Germany,DE,2012,E.coli-3rd_gen_cephalosporins,8.83898709
Germany,DE,2013,E.coli-3rd_gen_cephalosporins,10.74039362
Germany,DE,2014,E.coli-3rd_gen_cephalosporins,10.53474223
Germany,DE,2015,E.coli-3rd_gen_cephalosporins,10.29786291
Germany,DE,2016,E.coli-3rd_gen_cephalosporins,11.09947643
Germany,DE,2017,E.coli-3rd_gen_cephalosporins,12.28139037
Germany,DE,2018,E.coli-3rd_gen_cephalosporins,12.19700759
Germany,DE,2019,E.coli-3rd_gen_cephalosporins,11.50642805
Germany,DE,2020,E.coli-3rd_gen_cephalosporins,10.3580338
Germany,DE,2021,E.coli-3rd_gen_cephalosporins,9.09686089
Germany,DE,2022,E.coli-3rd_gen_cephalosporins,9.41785861
Germany,DE,2023,E.coli-3rd_gen_cephalosporins,9.73319749
Germany,DE,2024,E.coli-3rd_gen_cephalosporins,10.60872886
Greece,EL,2000,E.coli-3rd_gen_cephalosporins,3.60110803
Greece,EL,2001,E.coli-3rd_gen_cephalosporins,5.44815465
Greece,EL,2002,E.coli-3rd_gen_cephalosporins,6.36833046
Greece,EL,2003,E.coli-3rd_gen_cephalosporins,5.60224089
Greece,EL,2004,E.coli-3rd_gen_cephalosporins,6.03907637
Greece,EL,2005,E.coli-3rd_gen_cephalosporins,7.023705
Greece,EL,2006,E.coli-3rd_gen_cephalosporins,6.07513988
Greece,EL,2007,E.coli-3rd_gen_cephalosporins,7.62987012
Greece,EL,2008,E.coli-3rd_gen_cephalosporins,9.93150684
Greece,EL,2009,E.coli-3rd_gen_cephalosporins,10.13774104
Greece,EL,2010,E.coli-3rd_gen_cephalosporins,14.20039814
Greece,EL,2011,E.coli-3rd_gen_cephalosporins,14.91289198
Greece,EL,2012,E.coli-3rd_gen_cephalosporins,16.22397702
Greece,EL,2013,E.coli-3rd_gen_cephalosporins,17.21115537
Greece,EL,2014,E.coli-3rd_gen_cephalosporins,21.03386809
Greece,EL,2015,E.coli-3rd_gen_cephalosporins,19.83539094
Greece,EL,2016,E.coli-3rd_gen_cephalosporins,17.6380368
Greece,EL,2017,E.coli-3rd_gen_cephalosporins,18.29931972
Greece,EL,2018,E.coli-3rd_gen_cephalosporins,19.32926829
Greece,EL,2019,E.coli-3rd_gen_cephalosporins,18.94736842
Greece,EL,2020,E.coli-3rd_gen_cephalosporins,21.86948853
Greece,EL,2021,E.coli-3rd_gen_cephalosporins,21.73314993
Greece,EL,2022,E.coli-3rd_gen_cephalosporins,23.31983805
Greece,EL,2023,E.coli-3rd_gen_cephalosporins,22.82921219
Greece,EL,2024,E.coli-3rd_gen_cephalosporins,25.50066755
Hungary,HU,2001,E.coli-3rd_gen_cephalosporins,0.38167938
Hungary,HU,2002,E.coli-3rd_gen_cephalosporins,2.0
Hungary,HU,2003,E.coli-3rd_gen_cephalosporins,0.95124851
Hungary,HU,2004,E.coli-3rd_gen_cephalosporins,3.22580645
Hungary,HU,2005,E.coli-3rd_gen_cephalosporins,3.74639769
Hungary,HU,2006,E.coli-3rd_gen_cephalosporins,4.964539
Hungary,HU,2007,E.coli-3rd_gen_cephalosporins,5.41012216
Hungary,HU,2008,E.coli-3rd_gen_cephalosporins,9.17691579
Hungary,HU,2009,E.coli-3rd_gen_cephalosporins,12.92775665
Hungary,HU,2010,E.coli-3rd_gen_cephalosporins,19.45046999
Hungary,HU,2011,E.coli-3rd_gen_cephalosporins,15.11437908
Hungary,HU,2012,E.coli-3rd_gen_cephalosporins,17.43444365
Hungary,HU,2013,E.coli-3rd_gen_cephalosporins,18.85873347
Hungary,HU,2014,E.coli-3rd_gen_cephalosporins,16.42989499
Hungary,HU,2015,E.coli-3rd_gen_cephalosporins,16.73247778
Hungary,HU,2016,E.coli-3rd_gen_cephalosporins,16.70847967
Hungary,HU,2017,E.coli-3rd_gen_cephalosporins,20.11661807
Hungary,HU,2018,E.coli-3rd_gen_cephalosporins,22.61603375
Hungary,HU,2019,E.coli-3rd_gen_cephalosporins,20.5967675
Hungary,HU,2020,E.coli-3rd_gen_cephalosporins,20.13251783
Hungary,HU,2021,E.coli-3rd_gen_cephalosporins,20.40485829
Hungary,HU,2022,E.coli-3rd_gen_cephalosporins,22.57309941
Hungary,HU,2023,E.coli-3rd_gen_cephalosporins,21.3352685
Hungary,HU,2024,E.coli-3rd_gen_cephalosporins,20.73687642
Iceland,IS,2001,E.coli-3rd_gen_cephalosporins,0.0
Iceland,IS,2002,E.coli-3rd_gen_cephalosporins,0.0
Iceland,IS,2003,E.coli-3rd_gen_cephalosporins,1.01010101
Iceland,IS,2004,E.coli-3rd_gen_cephalosporins,0.0
Iceland,IS,2005,E.coli-3rd_gen_cephalosporins,0.0
Iceland,IS,2006,E.coli-3rd_gen_cephalosporins,0.0
Iceland,IS,2007,E.coli-3rd_gen_cephalosporins,1.9047619
Iceland,IS,2008,E.coli-3rd_gen_cephalosporins,0.81300813
Iceland,IS,2009,E.coli-3rd_gen_cephalosporins,1.81818181
Iceland,IS,2010,E.coli-3rd_gen_cephalosporins,3.84615384
Iceland,IS,2011,E.coli-3rd_gen_cephalosporins,6.15384615
Iceland,IS,2012,E.coli-3rd_gen_cephalosporins,5.07246376
Iceland,IS,2013,E.coli-3rd_gen_cephalosporins,4.95867768
Iceland,IS,2014,E.coli-3rd_gen_cephalosporins,3.28947368
Iceland,IS,2015,E.coli-3rd_gen_cephalosporins,1.73410404
Iceland,IS,2016,E.coli-3rd_gen_cephalosporins,4.16666666
Iceland,IS,2017,E.coli-3rd_gen_cephalosporins,6.10328638
Iceland,IS,2018,E.coli-3rd_gen_cephalosporins,8.08080808
Iceland,IS,2019,E.coli-3rd_gen_cephalosporins,7.00389105
Iceland,IS,2020,E.coli-3rd_gen_cephalosporins,11.02040816
Iceland,IS,2021,E.coli-3rd_gen_cephalosporins,10.43165467
Iceland,IS,2022,E.coli-3rd_gen_cephalosporins,9.78723404
Iceland,IS,2023,E.coli-3rd_gen_cephalosporins,12.01550387
Iceland,IS,2024,E.coli-3rd_gen_cephalosporins,14.13793103
Ireland,IE,2002,E.coli-3rd_gen_cephalosporins,2.18579234
Ireland,IE,2003,E.coli-3rd_gen_cephalosporins,2.18068535
Ireland,IE,2004,E.coli-3rd_gen_cephalosporins,1.92629815
Ireland,IE,2005,E.coli-3rd_gen_cephalosporins,3.56125356
Ireland,IE,2006,E.coli-3rd_gen_cephalosporins,3.50338045
Ireland,IE,2007,E.coli-3rd_gen_cephalosporins,5.40229885
Ireland,IE,2008,E.coli-3rd_gen_cephalosporins,5.91715976
Ireland,IE,2009,E.coli-3rd_gen_cephalosporins,6.49546827
Ireland,IE,2010,E.coli-3rd_gen_cephalosporins,7.69230769
Ireland,IE,2011,E.coli-3rd_gen_cephalosporins,8.95660203
Ireland,IE,2012,E.coli-3rd_gen_cephalosporins,9.17832167
Ireland,IE,2013,E.coli-3rd_gen_cephalosporins,10.64516129
Ireland,IE,2014,E.coli-3rd_gen_cephalosporins,10.73950204
Ireland,IE,2015,E.coli-3rd_gen_cephalosporins,11.3722517
Ireland,IE,2016,E.coli-3rd_gen_cephalosporins,11.39028475
Ireland,IE,2017,E.coli-3rd_gen_cephalosporins,11.98333867
Ireland,IE,2018,E.coli-3rd_gen_cephalosporins,12.88229842
Ireland,IE,2019,E.coli-3rd_gen_cephalosporins,12.07056638
Ireland,IE,2020,E.coli-3rd_gen_cephalosporins,11.8245614
Ireland,IE,2021,E.coli-3rd_gen_cephalosporins,9.95521873
Ireland,IE,2022,E.coli-3rd_gen_cephalosporins,9.67741935
Ireland,IE,2023,E.coli-3rd_gen_cephalosporins,10.4233483
Ireland,IE,2024,E.coli-3rd_gen_cephalosporins,11.91385897
Italy,IT,2002,E.coli-3rd_gen_cephalosporins,2.93159609
Italy,IT,2003,E.coli-3rd_gen_cephalosporins,6.17551462
Italy,IT,2004,E.coli-3rd_gen_cephalosporins,5.3291536
Italy,IT,2005,E.coli-3rd_gen_cephalosporins,8.48026868
Italy,IT,2006,E.coli-3rd_gen_cephalosporins,7.36263736
Italy,IT,2007,E.coli-3rd_gen_cephalosporins,11.45281018
Italy,IT,2008,E.coli-3rd_gen_cephalosporins,15.90612777
Italy,IT,2009,E.coli-3rd_gen_cephalosporins,17.03056768
Italy,IT,2010,E.coli-3rd_gen_cephalosporins,21.04175279
Italy,IT,2011,E.coli-3rd_gen_cephalosporins,19.83957219
Italy,IT,2012,E.coli-3rd_gen_cephalosporins,26.29295962
Italy,IT,2013,E.coli-3rd_gen_cephalosporins,26.19047619
Italy,IT,2014,E.coli-3rd_gen_cephalosporins,28.66811044
Italy,IT,2015,E.coli-3rd_gen_cephalosporins,30.07868383
Italy,IT,2016,E.coli-3rd_gen_cephalosporins,29.77433479
Italy,IT,2017,E.coli-3rd_gen_cephalosporins,29.48989684
Italy,IT,2018,E.coli-3rd_gen_cephalosporins,28.69624069
Italy,IT,2019,E.coli-3rd_gen_cephalosporins,30.8653376
Italy,IT,2020,E.coli-3rd_gen_cephalosporins,26.41066666
Italy,IT,2021,E.coli-3rd_gen_cephalosporins,24.37776864
Italy,IT,2022,E.coli-3rd_gen_cephalosporins,24.24384159
Italy,IT,2023,E.coli-3rd_gen_cephalosporins,26.67647161
Italy,IT,2024,E.coli-3rd_gen_cephalosporins,27.73332489
Latvia,LV,2006,E.coli-3rd_gen_cephalosporins,6.4516129
Latvia,LV,2007,E.coli-3rd_gen_cephalosporins,14.47368421
Latvia,LV,2008,E.coli-3rd_gen_cephalosporins,11.11111111
Latvia,LV,2009,E.coli-3rd_gen_cephalosporins,11.62790697
Latvia,LV,2010,E.coli-3rd_gen_cephalosporins,12.24489795
Latvia,LV,2011,E.coli-3rd_gen_cephalosporins,15.9090909
Latvia,LV,2012,E.coli-3rd_gen_cephalosporins,12.98701298
Latvia,LV,2013,E.coli-3rd_gen_cephalosporins,13.97058823
Latvia,LV,2014,E.coli-3rd_gen_cephalosporins,10.9090909
Latvia,LV,2015,E.coli-3rd_gen_cephalosporins,17.91044776
Latvia,LV,2016,E.coli-3rd_gen_cephalosporins,24.11067193
Latvia,LV,2017,E.coli-3rd_gen_cephalosporins,21.95121951
Latvia,LV,2018,E.coli-3rd_gen_cephalosporins,20.40229885
Latvia,LV,2019,E.coli-3rd_gen_cephalosporins,19.68325791
Latvia,LV,2020,E.coli-3rd_gen_cephalosporins,24.07407407
Latvia,LV,2021,E.coli-3rd_gen_cephalosporins,18.32061068
Latvia,LV,2022,E.coli-3rd_gen_cephalosporins,20.04132231
Latvia,LV,2023,E.coli-3rd_gen_cephalosporins,25.54112554
Latvia,LV,2024,E.coli-3rd_gen_cephalosporins,28.86115444
Liechtenstein,LI,2022,E.coli-3rd_gen_cephalosporins,
Liechtenstein,LI,2023,E.coli-3rd_gen_cephalosporins,
Liechtenstein,LI,2024,E.coli-3rd_gen_cephalosporins,
Lithuania,LT,2006,E.coli-3rd_gen_cephalosporins,4.67836257
Lithuania,LT,2007,E.coli-3rd_gen_cephalosporins,6.80851063
Lithuania,LT,2008,E.coli-3rd_gen_cephalosporins,5.59210526
Lithuania,LT,2009,E.coli-3rd_gen_cephalosporins,7.84982935
Lithuania,LT,2010,E.coli-3rd_gen_cephalosporins,8.7087087
Lithuania,LT,2011,E.coli-3rd_gen_cephalosporins,7.01298701
Lithuania,LT,2012,E.coli-3rd_gen_cephalosporins,4.76190476
Lithuania,LT,2013,E.coli-3rd_gen_cephalosporins,7.60368663
Lithuania,LT,2014,E.coli-3rd_gen_cephalosporins,8.08080808
Lithuania,LT,2015,E.coli-3rd_gen_cephalosporins,16.00688468
Lithuania,LT,2016,E.coli-3rd_gen_cephalosporins,14.71698113
Lithuania,LT,2017,E.coli-3rd_gen_cephalosporins,16.78403755
Lithuania,LT,2018,E.coli-3rd_gen_cephalosporins,15.32912533
Lithuania,LT,2019,E.coli-3rd_gen_cephalosporins,13.86925795
Lithuania,LT,2020,E.coli-3rd_gen_cephalosporins,15.93695271
Lithuania,LT,2021,E.coli-3rd_gen_cephalosporins,13.61665221
Lithuania,LT,2022,E.coli-3rd_gen_cephalosporins,15.43162719
Lithuania,LT,2023,E.coli-3rd_gen_cephalosporins,16.95945945
Lithuania,LT,2024,E.coli-3rd_gen_cephalosporins,15.82278481
Luxembourg,LU,2001,E.coli-3rd_gen_cephalosporins,0.53475935
Luxembourg,LU,2002,E.coli-3rd_gen_cephalosporins,0.52083333
Luxembourg,LU,2003,E.coli-3rd_gen_cephalosporins,0.88105726
Luxembourg,LU,2004,E.coli-3rd_gen_cephalosporins,0.46296296
Luxembourg,LU,2005,E.coli-3rd_gen_cephalosporins,3.19148936
Luxembourg,LU,2006,E.coli-3rd_gen_cephalosporins,1.79640718
Luxembourg,LU,2007,E.coli-3rd_gen_cephalosporins,4.04411764
Luxembourg,LU,2008,E.coli-3rd_gen_cephalosporins,6.29139072
Luxembourg,LU,2009,E.coli-3rd_gen_cephalosporins,8.30564784
Luxembourg,LU,2010,E.coli-3rd_gen_cephalosporins,9.32203389
Luxembourg,LU,2011,E.coli-3rd_gen_cephalosporins,8.21529745
Luxembourg,LU,2012,E.coli-3rd_gen_cephalosporins,11.3772455
Luxembourg,LU,2013,E.coli-3rd_gen_cephalosporins,10.63122923
Luxembourg,LU,2014,E.coli-3rd_gen_cephalosporins,11.95652173
Luxembourg,LU,2015,E.coli-3rd_gen_cephalosporins,12.68011527
Luxembourg,LU,2016,E.coli-3rd_gen_cephalosporins,13.63636363
Luxembourg,LU,2017,E.coli-3rd_gen_cephalosporins,9.69976905
Luxembourg,LU,2018,E.coli-3rd_gen_cephalosporins,12.5
Luxembourg,LU,2019,E.coli-3rd_gen_cephalosporins,12.60162601
Luxembourg,LU,2020,E.coli-3rd_gen_cephalosporins,11.44859813
Luxembourg,LU,2021,E.coli-3rd_gen_cephalosporins,11.29943502
Luxembourg,LU,2022,E.coli-3rd_gen_cephalosporins,10.44776119
Luxembourg,LU,2023,E.coli-3rd_gen_cephalosporins,11.71366594
Luxembourg,LU,2024,E.coli-3rd_gen_cephalosporins,12.97709923
Malta,MT,2001,E.coli-3rd_gen_cephalosporins,0.0
Malta,MT,2002,E.coli-3rd_gen_cephalosporins,2.7027027
Malta,MT,2003,E.coli-3rd_gen_cephalosporins,2.19780219
Malta,MT,2004,E.coli-3rd_gen_cephalosporins,4.39560439
Malta,MT,2005,E.coli-3rd_gen_cephalosporins,1.17647058
Malta,MT,2006,E.coli-3rd_gen_cephalosporins,4.25531914
Malta,MT,2007,E.coli-3rd_gen_cephalosporins,12.82051282
Malta,MT,2008,E.coli-3rd_gen_cephalosporins,20.96774193
Malta,MT,2009,E.coli-3rd_gen_cephalosporins,14.55696202
Malta,MT,2010,E.coli-3rd_gen_cephalosporins,15.625
Malta,MT,2011,E.coli-3rd_gen_cephalosporins,12.78538812
Malta,MT,2012,E.coli-3rd_gen_cephalosporins,12.91866028
Malta,MT,2013,E.coli-3rd_gen_cephalosporins,8.67768595
Malta,MT,2014,E.coli-3rd_gen_cephalosporins,10.82089552
Malta,MT,2015,E.coli-3rd_gen_cephalosporins,11.76470588
Malta,MT,2016,E.coli-3rd_gen_cephalosporins,14.63414634
Malta,MT,2017,E.coli-3rd_gen_cephalosporins,15.60509554
Malta,MT,2018,E.coli-3rd_gen_cephalosporins,15.36144578
Malta,MT,2019,E.coli-3rd_gen_cephalosporins,17.46987951
Malta,MT,2020,E.coli-3rd_gen_cephalosporins,12.27436823
Malta,MT,2021,E.coli-3rd_gen_cephalosporins,13.71237458
Malta,MT,2022,E.coli-3rd_gen_cephalosporins,11.34969325
Malta,MT,2023,E.coli-3rd_gen_cephalosporins,11.29807692
Malta,MT,2024,E.coli-3rd_gen_cephalosporins,24.7464503
Netherlands,NL,2000,E.coli-3rd_gen_cephalosporins,0.10235414
Netherlands,NL,2001,E.coli-3rd_gen_cephalosporins,0.55325034
Netherlands,NL,2002,E.coli-3rd_gen_cephalosporins,1.00300902
Netherlands,NL,2003,E.coli-3rd_gen_cephalosporins,1.45945945
Netherlands,NL,2004,E.coli-3rd_gen_cephalosporins,1.42857142
Netherlands,NL,2005,E.coli-3rd_gen_cephalosporins,2.48021108
Netherlands,NL,2006,E.coli-3rd_gen_cephalosporins,3.28425821
Netherlands,NL,2007,E.coli-3rd_gen_cephalosporins,4.28122545
Netherlands,NL,2008,E.coli-3rd_gen_cephalosporins,4.62147887
Netherlands,NL,2009,E.coli-3rd_gen_cephalosporins,4.2652027
Netherlands,NL,2010,E.coli-3rd_gen_cephalosporins,4.92711968
Netherlands,NL,2011,E.coli-3rd_gen_cephalosporins,5.83793738
Netherlands,NL,2012,E.coli-3rd_gen_cephalosporins,6.07753512
Netherlands,NL,2013,E.coli-3rd_gen_cephalosporins,6.07651912
Netherlands,NL,2014,E.coli-3rd_gen_cephalosporins,6.12015721
Netherlands,NL,2015,E.coli-3rd_gen_cephalosporins,6.07859768
Netherlands,NL,2016,E.coli-3rd_gen_cephalosporins,6.59310344
Netherlands,NL,2017,E.coli-3rd_gen_cephalosporins,6.36569449
Netherlands,NL,2018,E.coli-3rd_gen_cephalosporins,7.31559854
Netherlands,NL,2019,E.coli-3rd_gen_cephalosporins,7.52054794
Netherlands,NL,2020,E.coli-3rd_gen_cephalosporins,6.64531625
Netherlands,NL,2021,E.coli-3rd_gen_cephalosporins,6.64638783
Netherlands,NL,2022,E.coli-3rd_gen_cephalosporins,7.74774774
Netherlands,NL,2023,E.coli-3rd_gen_cephalosporins,7.97193877
Netherlands,NL,2024,E.coli-3rd_gen_cephalosporins,9.09698251
Norway,NO,2000,E.coli-3rd_gen_cephalosporins,0.32679738
Norway,NO,2001,E.coli-3rd_gen_cephalosporins,0.31120331
Norway,NO,2002,E.coli-3rd_gen_cephalosporins,0.17889087
Norway,NO,2003,E.coli-3rd_gen_cephalosporins,0.2548853
Norway,NO,2004,E.coli-3rd_gen_cephalosporins,0.66061106
Norway,NO,2005,E.coli-3rd_gen_cephalosporins,0.82831325
Norway,NO,2006,E.coli-3rd_gen_cephalosporins,1.39860139
Norway,NO,2007,E.coli-3rd_gen_cephalosporins,2.15995329
Norway,NO,2008,E.coli-3rd_gen_cephalosporins,2.55697609
Norway,NO,2009,E.coli-3rd_gen_cephalosporins,2.27518959
Norway,NO,2010,E.coli-3rd_gen_cephalosporins,3.69230769
Norway,NO,2011,E.coli-3rd_gen_cephalosporins,3.64645263
Norway,NO,2012,E.coli-3rd_gen_cephalosporins,4.90228552
Norway,NO,2013,E.coli-3rd_gen_cephalosporins,5.52486187
Norway,NO,2014,E.coli-3rd_gen_cephalosporins,5.78778135
Norway,NO,2015,E.coli-3rd_gen_cephalosporins,6.02847621
Norway,NO,2016,E.coli-3rd_gen_cephalosporins,5.55709151
Norway,NO,2017,E.coli-3rd_gen_cephalosporins,5.8650241
Norway,NO,2018,E.coli-3rd_gen_cephalosporins,6.75431812
Norway,NO,2019,E.coli-3rd_gen_cephalosporins,6.18404907
Norway,NO,2020,E.coli-3rd_gen_cephalosporins,5.79479
Norway,NO,2021,E.coli-3rd_gen_cephalosporins,5.49622297
Norway,NO,2022,E.coli-3rd_gen_cephalosporins,5.83043594
Norway,NO,2023,E.coli-3rd_gen_cephalosporins,5.62248995
Norway,NO,2024,E.coli-3rd_gen_cephalosporins,6.79074446
Poland,PL,2001,E.coli-3rd_gen_cephalosporins,7.07070707
Poland,PL,2002,E.coli-3rd_gen_cephalosporins,6.15384615
Poland,PL,2003,E.coli-3rd_gen_cephalosporins,4.06504065
Poland,PL,2004,E.coli-3rd_gen_cephalosporins,5.23560209
Poland,PL,2005,E.coli-3rd_gen_cephalosporins,4.54545454
Poland,PL,2006,E.coli-3rd_gen_cephalosporins,4.36893203
Poland,PL,2007,E.coli-3rd_gen_cephalosporins,2.34375
Poland,PL,2008,E.coli-3rd_gen_cephalosporins,2.38095238
Poland,PL,2009,E.coli-3rd_gen_cephalosporins,9.07534246
Poland,PL,2010,E.coli-3rd_gen_cephalosporins,7.52688172
Poland,PL,2011,E.coli-3rd_gen_cephalosporins,11.72707889
Poland,PL,2012,E.coli-3rd_gen_cephalosporins,12.92189006
Poland,PL,2013,E.coli-3rd_gen_cephalosporins,10.9073359
Poland,PL,2014,E.coli-3rd_gen_cephalosporins,10.50691244
Poland,PL,2015,E.coli-3rd_gen_cephalosporins,11.92546583
Poland,PL,2016,E.coli-3rd_gen_cephalosporins,13.71827877
Poland,PL,2017,E.coli-3rd_gen_cephalosporins,16.67829727
Poland,PL,2018,E.coli-3rd_gen_cephalosporins,17.59541984
Poland,PL,2019,E.coli-3rd_gen_cephalosporins,17.12450945
Poland,PL,2020,E.coli-3rd_gen_cephalosporins,17.44935543
Poland,PL,2021,E.coli-3rd_gen_cephalosporins,18.72627583
Poland,PL,2022,E.coli-3rd_gen_cephalosporins,18.6882655
Poland,PL,2023,E.coli-3rd_gen_cephalosporins,19.56309096
Poland,PL,2024,E.coli-3rd_gen_cephalosporins,18.81295943
Portugal,PT,2001,E.coli-3rd_gen_cephalosporins,2.87081339
Portugal,PT,2002,E.coli-3rd_gen_cephalosporins,5.65610859
Portugal,PT,2003,E.coli-3rd_gen_cephalosporins,7.12468193
Portugal,PT,2004,E.coli-3rd_gen_cephalosporins,8.07799442
Portugal,PT,2005,E.coli-3rd_gen_cephalosporins,11.71003717
Portugal,PT,2006,E.coli-3rd_gen_cephalosporins,9.84908657
Portugal,PT,2007,E.coli-3rd_gen_cephalosporins,9.7037037
Portugal,PT,2008,E.coli-3rd_gen_cephalosporins,10.1010101
Portugal,PT,2009,E.coli-3rd_gen_cephalosporins,9.20502092
Portugal,PT,2010,E.coli-3rd_gen_cephalosporins,10.4253112
Portugal,PT,2011,E.coli-3rd_gen_cephalosporins,11.25723303
Portugal,PT,2012,E.coli-3rd_gen_cephalosporins,13.5097493
Portugal,PT,2013,E.coli-3rd_gen_cephalosporins,14.93651979
Portugal,PT,2014,E.coli-3rd_gen_cephalosporins,16.42117834
Portugal,PT,2015,E.coli-3rd_gen_cephalosporins,16.09002976
Portugal,PT,2016,E.coli-3rd_gen_cephalosporins,16.0615491
Portugal,PT,2017,E.coli-3rd_gen_cephalosporins,15.58764167
Portugal,PT,2018,E.coli-3rd_gen_cephalosporins,14.70838292
Portugal,PT,2019,E.coli-3rd_gen_cephalosporins,16.10328638
Portugal,PT,2020,E.coli-3rd_gen_cephalosporins,14.44847229
Portugal,PT,2021,E.coli-3rd_gen_cephalosporins,13.08993766
Portugal,PT,2022,E.coli-3rd_gen_cephalosporins,14.09699601
Portugal,PT,2023,E.coli-3rd_gen_cephalosporins,17.19506481
Portugal,PT,2024,E.coli-3rd_gen_cephalosporins,18.71056241
Romania,RO,2002,E.coli-3rd_gen_cephalosporins,17.85714285
Romania,RO,2003,E.coli-3rd_gen_cephalosporins,18.75
Romania,RO,2004,E.coli-3rd_gen_cephalosporins,22.91666666
Romania,RO,2005,E.coli-3rd_gen_cephalosporins,16.66666666
Romania,RO,2006,E.coli-3rd_gen_cephalosporins,41.02564102
Romania,RO,2007,E.coli-3rd_gen_cephalosporins,27.41935483
Romania,RO,2008,E.coli-3rd_gen_cephalosporins,23.63636363
Romania,RO,2009,E.coli-3rd_gen_cephalosporins,13.55932203
Romania,RO,2010,E.coli-3rd_gen_cephalosporins,20.58823529
Romania,RO,2011,E.coli-3rd_gen_cephalosporins,21.05263157
Romania,RO,2012,E.coli-3rd_gen_cephalosporins,25.13089005
Romania,RO,2013,E.coli-3rd_gen_cephalosporins,22.81879194
Romania,RO,2014,E.coli-3rd_gen_cephalosporins,29.4117647
Romania,RO,2015,E.coli-3rd_gen_cephalosporins,26.82926829
Romania,RO,2016,E.coli-3rd_gen_cephalosporins,23.44497607
Romania,RO,2017,E.coli-3rd_gen_cephalosporins,18.72586872
Romania,RO,2018,E.coli-3rd_gen_cephalosporins,20.18348623
Romania,RO,2019,E.coli-3rd_gen_cephalosporins,20.3313253
Romania,RO,2020,E.coli-3rd_gen_cephalosporins,19.69026548
Romania,RO,2021,E.coli-3rd_gen_cephalosporins,18.78787878
Romania,RO,2022,E.coli-3rd_gen_cephalosporins,17.82608695
Romania,RO,2023,E.coli-3rd_gen_cephalosporins,19.09090909
Romania,RO,2024,E.coli-3rd_gen_cephalosporins,20.67164179
Slovakia,SK,2001,E.coli-3rd_gen_cephalosporins,6.66666666
Slovakia,SK,2002,E.coli-3rd_gen_cephalosporins,1.86915887
Slovakia,SK,2003,E.coli-3rd_gen_cephalosporins,0.41841004
Slovakia,SK,2004,E.coli-3rd_gen_cephalosporins,7.14285714
Slovakia,SK,2005,E.coli-3rd_gen_cephalosporins,8.24742268
Slovakia,SK,2011,E.coli-3rd_gen_cephalosporins,30.94594594
Slovakia,SK,2012,E.coli-3rd_gen_cephalosporins,30.73593073
Slovakia,SK,2013,E.coli-3rd_gen_cephalosporins,29.73977695
Slovakia,SK,2014,E.coli-3rd_gen_cephalosporins,31.8335208
Slovakia,SK,2015,E.coli-3rd_gen_cephalosporins,30.0111982
Slovakia,SK,2016,E.coli-3rd_gen_cephalosporins,29.7330097
Slovakia,SK,2017,E.coli-3rd_gen_cephalosporins,30.91954022
Slovakia,SK,2018,E.coli-3rd_gen_cephalosporins,30.11305241
Slovakia,SK,2019,E.coli-3rd_gen_cephalosporins,23.04964539
Slovakia,SK,2020,E.coli-3rd_gen_cephalosporins,27.09766162
Slovakia,SK,2021,E.coli-3rd_gen_cephalosporins,23.11248073
Slovakia,SK,2022,E.coli-3rd_gen_cephalosporins,23.69791666
Slovakia,SK,2023,E.coli-3rd_gen_cephalosporins,21.55172413
Slovakia,SK,2024,E.coli-3rd_gen_cephalosporins,24.58172458
Slovenia,SI,2001,E.coli-3rd_gen_cephalosporins,0.25125628
Slovenia,SI,2002,E.coli-3rd_gen_cephalosporins,1.22249388
Slovenia,SI,2003,E.coli-3rd_gen_cephalosporins,0.74812967
Slovenia,SI,2004,E.coli-3rd_gen_cephalosporins,1.39616055
Slovenia,SI,2005,E.coli-3rd_gen_cephalosporins,1.67427701
Slovenia,SI,2006,E.coli-3rd_gen_cephalosporins,1.67364016
Slovenia,SI,2007,E.coli-3rd_gen_cephalosporins,4.23031727
Slovenia,SI,2008,E.coli-3rd_gen_cephalosporins,4.23340961
Slovenia,SI,2009,E.coli-3rd_gen_cephalosporins,4.59126539
Slovenia,SI,2010,E.coli-3rd_gen_cephalosporins,6.61764705
Slovenia,SI,2011,E.coli-3rd_gen_cephalosporins,8.78243512
Slovenia,SI,2012,E.coli-3rd_gen_cephalosporins,9.50342465
Slovenia,SI,2013,E.coli-3rd_gen_cephalosporins,8.74183006
Slovenia,SI,2014,E.coli-3rd_gen_cephalosporins,12.74671052
Slovenia,SI,2015,E.coli-3rd_gen_cephalosporins,13.65007541
Slovenia,SI,2016,E.coli-3rd_gen_cephalosporins,12.53521126
Slovenia,SI,2017,E.coli-3rd_gen_cephalosporins,12.47386759
Slovenia,SI,2018,E.coli-3rd_gen_cephalosporins,11.33093525
Slovenia,SI,2019,E.coli-3rd_gen_cephalosporins,9.81366459
Slovenia,SI,2020,E.coli-3rd_gen_cephalosporins,10.57513914
Slovenia,SI,2021,E.coli-3rd_gen_cephalosporins,9.28019036
Slovenia,SI,2022,E.coli-3rd_gen_cephalosporins,9.33734939
Slovenia,SI,2023,E.coli-3rd_gen_cephalosporins,8.6638194
Slovenia,SI,2024,E.coli-3rd_gen_cephalosporins,9.06963136
Spain,ES,2001,E.coli-3rd_gen_cephalosporins,0.61898211
Spain,ES,2002,E.coli-3rd_gen_cephalosporins,1.57575757
Spain,ES,2003,E.coli-3rd_gen_cephalosporins,4.22641509
Spain,ES,2004,E.coli-3rd_gen_cephalosporins,6.5317919
Spain,ES,2005,E.coli-3rd_gen_cephalosporins,7.7410744
Spain,ES,2006,E.coli-3rd_gen_cephalosporins,7.13860797
Spain,ES,2007,E.coli-3rd_gen_cephalosporins,7.44884038
Spain,ES,2008,E.coli-3rd_gen_cephalosporins,9.01820187
Spain,ES,2009,E.coli-3rd_gen_cephalosporins,11.30594085
Spain,ES,2010,E.coli-3rd_gen_cephalosporins,12.11376404
Spain,ES,2011,E.coli-3rd_gen_cephalosporins,11.98214285
Spain,ES,2012,E.coli-3rd_gen_cephalosporins,13.50493653
Spain,ES,2013,E.coli-3rd_gen_cephalosporins,13.30074173
Spain,ES,2014,E.coli-3rd_gen_cephalosporins,12.3346504
Spain,ES,2015,E.coli-3rd_gen_cephalosporins,11.62103298
Spain,ES,2016,E.coli-3rd_gen_cephalosporins,14.97058823
Spain,ES,2017,E.coli-3rd_gen_cephalosporins,12.80902604
Spain,ES,2018,E.coli-3rd_gen_cephalosporins,13.75741512
Spain,ES,2019,E.coli-3rd_gen_cephalosporins,14.11623726
Spain,ES,2020,E.coli-3rd_gen_cephalosporins,14.07541322
Spain,ES,2021,E.coli-3rd_gen_cephalosporins,13.15824915
Spain,ES,2022,E.coli-3rd_gen_cephalosporins,14.87741262
Spain,ES,2023,E.coli-3rd_gen_cephalosporins,16.21534146
Spain,ES,2024,E.coli-3rd_gen_cephalosporins,16.83130334
Sweden,SE,2000,E.coli-3rd_gen_cephalosporins,
Sweden,SE,2001,E.coli-3rd_gen_cephalosporins,0.34259611
Sweden,SE,2002,E.coli-3rd_gen_cephalosporins,0.32658393
Sweden,SE,2003,E.coli-3rd_gen_cephalosporins,0.4241139
Sweden,SE,2004,E.coli-3rd_gen_cephalosporins,0.72926162
Sweden,SE,2005,E.coli-3rd_gen_cephalosporins,1.28125
Sweden,SE,2006,E.coli-3rd_gen_cephalosporins,1.52585476
Sweden,SE,2007,E.coli-3rd_gen_cephalosporins,2.26848145
Sweden,SE,2008,E.coli-3rd_gen_cephalosporins,2.25806451
Sweden,SE,2009,E.coli-3rd_gen_cephalosporins,
Sweden,SE,2010,E.coli-3rd_gen_cephalosporins,2.9082774
Sweden,SE,2011,E.coli-3rd_gen_cephalosporins,3.64562916
Sweden,SE,2012,E.coli-3rd_gen_cephalosporins,4.4608994
Sweden,SE,2013,E.coli-3rd_gen_cephalosporins,5.20446096
Sweden,SE,2014,E.coli-3rd_gen_cephalosporins,5.56064772
Sweden,SE,2015,E.coli-3rd_gen_cephalosporins,6.23853211
Sweden,SE,2016,E.coli-3rd_gen_cephalosporins,8.26386892
Sweden,SE,2017,E.coli-3rd_gen_cephalosporins,7.35751295
Sweden,SE,2018,E.coli-3rd_gen_cephalosporins,8.33024118
Sweden,SE,2019,E.coli-3rd_gen_cephalosporins,7.82460983
Sweden,SE,2020,E.coli-3rd_gen_cephalosporins,7.86642306
Sweden,SE,2021,E.coli-3rd_gen_cephalosporins,7.11934543
Sweden,SE,2022,E.coli-3rd_gen_cephalosporins,7.50733693
Sweden,SE,2023,E.coli-3rd_gen_cephalosporins,7.92540792
Sweden,SE,2024,E.coli-3rd_gen_cephalosporins,9.4353994
United Kingdom,UK,2001,E.coli-3rd_gen_cephalosporins,1.21317157
United Kingdom,UK,2002,E.coli-3rd_gen_cephalosporins,2.05519671
United Kingdom,UK,2003,E.coli-3rd_gen_cephalosporins,3.27056491
United Kingdom,UK,2004,E.coli-3rd_gen_cephalosporins,3.20378151
United Kingdom,UK,2005,E.coli-3rd_gen_cephalosporins,6.28964059
United Kingdom,UK,2006,E.coli-3rd_gen_cephalosporins,7.67494356
United Kingdom,UK,2007,E.coli-3rd_gen_cephalosporins,9.40919037
United Kingdom,UK,2008,E.coli-3rd_gen_cephalosporins,6.93114455
United Kingdom,UK,2009,E.coli-3rd_gen_cephalosporins,9.35835658
United Kingdom,UK,2010,E.coli-3rd_gen_cephalosporins,8.97294919
United Kingdom,UK,2011,E.coli-3rd_gen_cephalosporins,9.62948668
United Kingdom,UK,2012,E.coli-3rd_gen_cephalosporins,13.13791276
United Kingdom,UK,2013,E.coli-3rd_gen_cephalosporins,14.71302763
United Kingdom,UK,2014,E.coli-3rd_gen_cephalosporins,10.31988426
United Kingdom,UK,2015,E.coli-3rd_gen_cephalosporins,11.25943122
United Kingdom,UK,2016,E.coli-3rd_gen_cephalosporins,9.23738899
United Kingdom,UK,2017,E.coli-3rd_gen_cephalosporins,10.25604297
United Kingdom,UK,2018,E.coli-3rd_gen_cephalosporins,10.96697701
United Kingdom,UK,2019,E.coli-3rd_gen_cephalosporins,11.51430827
Austria,AT,2001,E.coli-fluoroquinolones,7.03517587
Austria,AT,2002,E.coli-fluoroquinolones,10.16949152
Austria,AT,2003,E.coli-fluoroquinolones,14.12487205
Austria,AT,2004,E.coli-fluoroquinolones,16.72060409
Austria,AT,2005,E.coli-fluoroquinolones,19.37530502
Austria,AT,2006,E.coli-fluoroquinolones,22.08688591
Austria,AT,2007,E.coli-fluoroquinolones,25.68154879
Austria,AT,2008,E.coli-fluoroquinolones,22.92436974
Austria,AT,2009,E.coli-fluoroquinolones,20.48929663
Austria,AT,2010,E.coli-fluoroquinolones,20.88888888
Austria,AT,2011,E.coli-fluoroquinolones,22.26438962
Austria,AT,2012,E.coli-fluoroquinolones,20.55401662
Austria,AT,2013,E.coli-fluoroquinolones,21.96774947
Austria,AT,2014,E.coli-fluoroquinolones,19.81904351
Austria,AT,2015,E.coli-fluoroquinolones,20.02911813
Austria,AT,2016,E.coli-fluoroquinolones,19.83705949
Austria,AT,2017,E.coli-fluoroquinolones,20.45835662
Austria,AT,2018,E.coli-fluoroquinolones,21.8524388
Austria,AT,2019,E.coli-fluoroquinolones,18.21305841
Austria,AT,2020,E.coli-fluoroquinolones,17.3459892
Austria,AT,2021,E.coli-fluoroquinolones,15.07492327
Austria,AT,2022,E.coli-fluoroquinolones,13.93065998
Austria,AT,2023,E.coli-fluoroquinolones,15.03050471
Austria,AT,2024,E.coli-fluoroquinolones,15.50452564
Belgium,BE,2001,E.coli-fluoroquinolones,8.90052356
Belgium,BE,2002,E.coli-fluoroquinolones,13.23529411
Belgium,BE,2003,E.coli-fluoroquinolones,11.56685808
Belgium,BE,2004,E.coli-fluoroquinolones,15.37884471
Belgium,BE,2005,E.coli-fluoroquinolones,16.83778234
Belgium,BE,2006,E.coli-fluoroquinolones,19.36936936
Belgium,BE,2007,E.coli-fluoroquinolones,19.16726489
Belgium,BE,2008,E.coli-fluoroquinolones,16.8429003
Belgium,BE,2009,E.coli-fluoroquinolones,19.94680851
Belgium,BE,2010,E.coli-fluoroquinolones,21.54882154
Belgium,BE,2011,E.coli-fluoroquinolones,21.52719075
Belgium,BE,2012,E.coli-fluoroquinolones,22.16216216
Belgium,BE,2013,E.coli-fluoroquinolones,22.95161682
Belgium,BE,2014,E.coli-fluoroquinolones,26.70257791
Belgium,BE,2015,E.coli-fluoroquinolones,26.58869395
Belgium,BE,2016,E.coli-fluoroquinolones,24.54592631
Belgium,BE,2017,E.coli-fluoroquinolones,23.80191693
Belgium,BE,2018,E.coli-fluoroquinolones,21.80004749
Belgium,BE,2019,E.coli-fluoroquinolones,19.05732484
Belgium,BE,2020,E.coli-fluoroquinolones,18.0787037
Belgium,BE,2021,E.coli-fluoroquinolones,18.53420885
Belgium,BE,2022,E.coli-fluoroquinolones,17.54850088
Belgium,BE,2023,E.coli-fluoroquinolones,18.23683679
Belgium,BE,2024,E.coli-fluoroquinolones,20.38396386
Bulgaria,BG,2001,E.coli-fluoroquinolones,7.86516853
Bulgaria,BG,2002,E.coli-fluoroquinolones,14.07407407
Bulgaria,BG,2003,E.coli-fluoroquinolones,19.3548387
Bulgaria,BG,2004,E.coli-fluoroquinolones,23.92638036
Bulgaria,BG,2005,E.coli-fluoroquinolones,28.57142857
Bulgaria,BG,2006,E.coli-fluoroquinolones,26.17801047
Bulgaria,BG,2007,E.coli-fluoroquinolones,34.64566929
Bulgaria,BG,2008,E.coli-fluoroquinolones,31.50684931
Bulgaria,BG,2009,E.coli-fluoroquinolones,27.97927461
Bulgaria,BG,2010,E.coli-fluoroquinolones,33.11258278
Bulgaria,BG,2011,E.coli-fluoroquinolones,30.16759776
Bulgaria,BG,2012,E.coli-fluoroquinolones,34.08071748
Bulgaria,BG,2013,E.coli-fluoroquinolones,37.43315508
Bulgaria,BG,2014,E.coli-fluoroquinolones,38.60465116
Bulgaria,BG,2015,E.coli-fluoroquinolones,35.29411764
Bulgaria,BG,2016,E.coli-fluoroquinolones,42.19409282
Bulgaria,BG,2017,E.coli-fluoroquinolones,42.10526315
Bulgaria,BG,2018,E.coli-fluoroquinolones,41.78082191
Bulgaria,BG,2019,E.coli-fluoroquinolones,38.63636363
Bulgaria,BG,2020,E.coli-fluoroquinolones,42.91187739
Bulgaria,BG,2021,E.coli-fluoroquinolones,33.46007604
Bulgaria,BG,2022,E.coli-fluoroquinolones,40.58577405
Bulgaria,BG,2023,E.coli-fluoroquinolones,39.86928104
Bulgaria,BG,2024,E.coli-fluoroquinolones,28.27380952
Croatia,HR,2001,E.coli-fluoroquinolones,4.51977401
Croatia,HR,2002,E.coli-fluoroquinolones,5.30612244
Croatia,HR,2003,E.coli-fluoroquinolones,7.1297989
Croatia,HR,2004,E.coli-fluoroquinolones,8.23970037
Croatia,HR,2005,E.coli-fluoroquinolones,8.79120879
Croatia,HR,2006,E.coli-fluoroquinolones,15.46391752
Croatia,HR,2007,E.coli-fluoroquinolones,13.13953488
Croatia,HR,2008,E.coli-fluoroquinolones,14.98905908
Croatia,HR,2010,E.coli-fluoroquinolones,17.00913242
Croatia,HR,2011,E.coli-fluoroquinolones,20.27310924
Croatia,HR,2012,E.coli-fluoroquinolones,17.04035874
Croatia,HR,2013,E.coli-fluoroquinolones,20.17543859
Croatia,HR,2014,E.coli-fluoroquinolones,20.05597014
Croatia,HR,2015,E.coli-fluoroquinolones,23.9884393
Croatia,HR,2016,E.coli-fluoroquinolones,27.85782901
Croatia,HR,2017,E.coli-fluoroquinolones,28.17391304
Croatia,HR,2018,E.coli-fluoroquinolones,30.02502085
Croatia,HR,2019,E.coli-fluoroquinolones,27.25631768
Croatia,HR,2020,E.coli-fluoroquinolones,29.66101694
Croatia,HR,2021,E.coli-fluoroquinolones,28.98751733
Croatia,HR,2022,E.coli-fluoroquinolones,30.25641025
Croatia,HR,2023,E.coli-fluoroquinolones,29.66101694
Croatia,HR,2024,E.coli-fluoroquinolones,29.13085004
Cyprus,CY,2003,E.coli-fluoroquinolones,
Cyprus,CY,2004,E.coli-fluoroquinolones,21.73913043
Cyprus,CY,2005,E.coli-fluoroquinolones,28.76712328
Cyprus,CY,2006,E.coli-fluoroquinolones,34.83146067
Cyprus,CY,2007,E.coli-fluoroquinolones,39.44954128
Cyprus,CY,2008,E.coli-fluoroquinolones,45.37815126
Cyprus,CY,2009,E.coli-fluoroquinolones,43.38235294
Cyprus,CY,2010,E.coli-fluoroquinolones,42.75362318
Cyprus,CY,2011,E.coli-fluoroquinolones,47.44525547
Cyprus,CY,2012,E.coli-fluoroquinolones,42.04545454
Cyprus,CY,2013,E.coli-fluoroquinolones,51.85185185
Cyprus,CY,2014,E.coli-fluoroquinolones,46.40522875
Cyprus,CY,2015,E.coli-fluoroquinolones,45.52845528
Cyprus,CY,2016,E.coli-fluoroquinolones,46.97986577
Cyprus,CY,2017,E.coli-fluoroquinolones,42.94871794
Cyprus,CY,2018,E.coli-fluoroquinolones,42.38410596
Cyprus,CY,2019,E.coli-fluoroquinolones,43.47826086
Cyprus,CY,2020,E.coli-fluoroquinolones,48.24561403
Cyprus,CY,2021,E.coli-fluoroquinolones,51.5625
Cyprus,CY,2022,E.coli-fluoroquinolones,46.36363636
Cyprus,CY,2023,E.coli-fluoroquinolones,42.90030211
Cyprus,CY,2024,E.coli-fluoroquinolones,49.25
Czechia,CZ,2001,E.coli-fluoroquinolones,8.09199318
Czechia,CZ,2002,E.coli-fluoroquinolones,10.40353089
Czechia,CZ,2003,E.coli-fluoroquinolones,13.20861678
Czechia,CZ,2004,E.coli-fluoroquinolones,15.92875318
Czechia,CZ,2005,E.coli-fluoroquinolones,20.24182713
Czechia,CZ,2006,E.coli-fluoroquinolones,23.22761194
Czechia,CZ,2007,E.coli-fluoroquinolones,24.14796342
Czechia,CZ,2008,E.coli-fluoroquinolones,26.02339181
Czechia,CZ,2009,E.coli-fluoroquinolones,23.16896301
Czechia,CZ,2010,E.coli-fluoroquinolones,22.73276904
Czechia,CZ,2011,E.coli-fluoroquinolones,23.48993288
Czechia,CZ,2012,E.coli-fluoroquinolones,20.96831612
Czechia,CZ,2013,E.coli-fluoroquinolones,20.75855062
Czechia,CZ,2014,E.coli-fluoroquinolones,21.60618279
Czechia,CZ,2015,E.coli-fluoroquinolones,22.59083728
Czechia,CZ,2016,E.coli-fluoroquinolones,27.63802678
Czechia,CZ,2017,E.coli-fluoroquinolones,24.47639887
Czechia,CZ,2018,E.coli-fluoroquinolones,24.27157778
Czechia,CZ,2019,E.coli-fluoroquinolones,23.04445694
Czechia,CZ,2020,E.coli-fluoroquinolones,20.18685352
Czechia,CZ,2021,E.coli-fluoroquinolones,19.70006816
Czechia,CZ,2022,E.coli-fluoroquinolones,18.2379349
Czechia,CZ,2023,E.coli-fluoroquinolones,17.17665209
Czechia,CZ,2024,E.coli-fluoroquinolones,19.18931583
Denmark,DK,2005,E.coli-fluoroquinolones,4.74934036
Denmark,DK,2006,E.coli-fluoroquinolones,6.62447257
Denmark,DK,2007,E.coli-fluoroquinolones,9.29737402
Denmark,DK,2008,E.coli-fluoroquinolones,10.17229953
Denmark,DK,2009,E.coli-fluoroquinolones,13.1826189
Denmark,DK,2010,E.coli-fluoroquinolones,13.73973468
Denmark,DK,2011,E.coli-fluoroquinolones,14.06642478
Denmark,DK,2012,E.coli-fluoroquinolones,14.12184552
Denmark,DK,2013,E.coli-fluoroquinolones,12.44007065
Denmark,DK,2014,E.coli-fluoroquinolones,12.25217197
Denmark,DK,2015,E.coli-fluoroquinolones,11.90371991
Denmark,DK,2016,E.coli-fluoroquinolones,11.0420551
Denmark,DK,2017,E.coli-fluoroquinolones,12.78547725
Denmark,DK,2018,E.coli-fluoroquinolones,13.25659116
Denmark,DK,2019,E.coli-fluoroquinolones,11.47190008
Denmark,DK,2020,E.coli-fluoroquinolones,11.2265758
Denmark,DK,2021,E.coli-fluoroquinolones,10.47207446
Denmark,DK,2022,E.coli-fluoroquinolones,10.70943652
Denmark,DK,2023,E.coli-fluoroquinolones,10.46671242
Denmark,DK,2024,E.coli-fluoroquinolones,10.71668909
Estonia,EE,2000,E.coli-fluoroquinolones,
Estonia,EE,2001,E.coli-fluoroquinolones,0.0
Estonia,EE,2002,E.coli-fluoroquinolones,4.91803278
Estonia,EE,2003,E.coli-fluoroquinolones,4.59770114
Estonia,EE,2004,E.coli-fluoroquinolones,6.41025641
Estonia,EE,2005,E.coli-fluoroquinolones,5.29801324
Estonia,EE,2006,E.coli-fluoroquinolones,6.56565656
Estonia,EE,2007,E.coli-fluoroquinolones,6.73076923
Estonia,EE,2008,E.coli-fluoroquinolones,6.74603174
Estonia,EE,2009,E.coli-fluoroquinolones,8.27814569
Estonia,EE,2010,E.coli-fluoroquinolones,8.36501901
Estonia,EE,2011,E.coli-fluoroquinolones,9.93589743
Estonia,EE,2012,E.coli-fluoroquinolones,14.14473684
Estonia,EE,2013,E.coli-fluoroquinolones,11.83431952
Estonia,EE,2014,E.coli-fluoroquinolones,12.28501228
Estonia,EE,2015,E.coli-fluoroquinolones,15.234375
Estonia,EE,2016,E.coli-fluoroquinolones,13.87696709
Estonia,EE,2017,E.coli-fluoroquinolones,17.41357234
Estonia,EE,2018,E.coli-fluoroquinolones,17.61158021
Estonia,EE,2019,E.coli-fluoroquinolones,17.05685618
Estonia,EE,2020,E.coli-fluoroquinolones,14.07716371
Estonia,EE,2021,E.coli-fluoroquinolones,13.44902386
Estonia,EE,2022,E.coli-fluoroquinolones,16.31205673
Estonia,EE,2023,E.coli-fluoroquinolones,13.28273244
Estonia,EE,2024,E.coli-fluoroquinolones,14.61397058
Finland,FI,2001,E.coli-fluoroquinolones,5.40315876
Finland,FI,2002,E.coli-fluoroquinolones,6.34184068
Finland,FI,2003,E.coli-fluoroquinolones,5.10204081
Finland,FI,2004,E.coli-fluoroquinolones,7.25952813
Finland,FI,2005,E.coli-fluoroquinolones,7.4010327
Finland,FI,2006,E.coli-fluoroquinolones,8.21333333
Finland,FI,2007,E.coli-fluoroquinolones,7.69625448
Finland,FI,2008,E.coli-fluoroquinolones,8.72451398
Finland,FI,2009,E.coli-fluoroquinolones,9.17678812
Finland,FI,2010,E.coli-fluoroquinolones,9.21568627
Finland,FI,2011,E.coli-fluoroquinolones,10.9602649
Finland,FI,2012,E.coli-fluoroquinolones,11.73308032
Finland,FI,2013,E.coli-fluoroquinolones,13.23935876
Finland,FI,2014,E.coli-fluoroquinolones,11.03586656
Finland,FI,2015,E.coli-fluoroquinolones,11.17166212
Finland,FI,2016,E.coli-fluoroquinolones,11.46006655
Finland,FI,2017,E.coli-fluoroquinolones,12.00754005
Finland,FI,2018,E.coli-fluoroquinolones,11.48126115
Finland,FI,2019,E.coli-fluoroquinolones,11.44177449
Finland,FI,2020,E.coli-fluoroquinolones,10.53418005
Finland,FI,2021,E.coli-fluoroquinolones,9.56566701
Finland,FI,2022,E.coli-fluoroquinolones,9.90813648
Finland,FI,2023,E.coli-fluoroquinolones,10.30274583
Finland,FI,2024,E.coli-fluoroquinolones,9.85233599
France,FR,2002,E.coli-fluoroquinolones,8.18948213
France,FR,2003,E.coli-fluoroquinolones,9.32390631
France,FR,2004,E.coli-fluoroquinolones,8.22695035
France,FR,2005,E.coli-fluoroquinolones,11.01526211
France,FR,2006,E.coli-fluoroquinolones,13.82224234
France,FR,2007,E.coli-fluoroquinolones,14.79208416
France,FR,2008,E.coli-fluoroquinolones,15.69806279
France,FR,2009,E.coli-fluoroquinolones,18.55620735
France,FR,2010,E.coli-fluoroquinolones,17.54191184
France,FR,2011,E.coli-fluoroquinolones,17.92040487
France,FR,2012,E.coli-fluoroquinolones,17.84582893
France,FR,2013,E.coli-fluoroquinolones,16.73453173
France,FR,2014,E.coli-fluoroquinolones,17.64820025
France,FR,2015,E.coli-fluoroquinolones,17.74868157
France,FR,2016,E.coli-fluoroquinolones,16.65629721
France,FR,2017,E.coli-fluoroquinolones,15.0210084
France,FR,2018,E.coli-fluoroquinolones,16.32243028
France,FR,2019,E.coli-fluoroquinolones,15.97051597
France,FR,2020,E.coli-fluoroquinolones,15.92439011
France,FR,2021,E.coli-fluoroquinolones,14.75658679
France,FR,2022,E.coli-fluoroquinolones,14.70571444
France,FR,2024,E.coli-fluoroquinolones,13.80411306
Germany,DE,2000,E.coli-fluoroquinolones,7.77777777
Germany,DE,2001,E.coli-fluoroquinolones,11.24694376
Germany,DE,2002,E.coli-fluoroquinolones,14.51310861
Germany,DE,2003,E.coli-fluoroquinolones,13.9607032
Germany,DE,2004,E.coli-fluoroquinolones,24.34928631
Germany,DE,2005,E.coli-fluoroquinolones,23.40647857
Germany,DE,2006,E.coli-fluoroquinolones,29.27981109
Germany,DE,2007,E.coli-fluoroquinolones,29.73251028
Germany,DE,2008,E.coli-fluoroquinolones,23.41614906
Germany,DE,2009,E.coli-fluoroquinolones,23.40272792
Germany,DE,2010,E.coli-fluoroquinolones,24.75969506
Germany,DE,2011,E.coli-fluoroquinolones,23.73487348
Germany,DE,2012,E.coli-fluoroquinolones,21.10792741
Germany,DE,2013,E.coli-fluoroquinolones,22.07326283
Germany,DE,2014,E.coli-fluoroquinolones,20.59062145
Germany,DE,2015,E.coli-fluoroquinolones,19.38130613
Germany,DE,2016,E.coli-fluoroquinolones,19.44638287
Germany,DE,2017,E.coli-fluoroquinolones,20.74978204
Germany,DE,2018,E.coli-fluoroquinolones,19.828764
Germany,DE,2019,E.coli-fluoroquinolones,17.53230084
Germany,DE,2020,E.coli-fluoroquinolones,16.53659565
Germany,DE,2021,E.coli-fluoroquinolones,14.66013725
Germany,DE,2022,E.coli-fluoroquinolones,15.18159592
Germany,DE,2023,E.coli-fluoroquinolones,16.67172623
Germany,DE,2024,E.coli-fluoroquinolones,16.95305504
Greece,EL,2000,E.coli-fluoroquinolones,4.28571428
Greece,EL,2001,E.coli-fluoroquinolones,9.4619666
Greece,EL,2002,E.coli-fluoroquinolones,13.13993174
Greece,EL,2003,E.coli-fluoroquinolones,12.2659176
Greece,EL,2004,E.coli-fluoroquinolones,11.61751563
Greece,EL,2005,E.coli-fluoroquinolones,12.32394366
Greece,EL,2006,E.coli-fluoroquinolones,14.48
Greece,EL,2007,E.coli-fluoroquinolones,19.15240423
Greece,EL,2008,E.coli-fluoroquinolones,22.406639
Greece,EL,2009,E.coli-fluoroquinolones,23.42192691
Greece,EL,2010,E.coli-fluoroquinolones,24.40633245
Greece,EL,2011,E.coli-fluoroquinolones,26.5875785
Greece,EL,2012,E.coli-fluoroquinolones,29.08163265
Greece,EL,2013,E.coli-fluoroquinolones,30.88709677
Greece,EL,2014,E.coli-fluoroquinolones,32.76018099
Greece,EL,2015,E.coli-fluoroquinolones,30.56255247
Greece,EL,2016,E.coli-fluoroquinolones,32.13190184
Greece,EL,2017,E.coli-fluoroquinolones,32.92349726
Greece,EL,2018,E.coli-fluoroquinolones,30.77866339
Greece,EL,2019,E.coli-fluoroquinolones,29.55665024
Greece,EL,2020,E.coli-fluoroquinolones,32.74336283
Greece,EL,2021,E.coli-fluoroquinolones,33.92857142
Greece,EL,2022,E.coli-fluoroquinolones,37.77239709
Greece,EL,2023,E.coli-fluoroquinolones,37.77538957
Greece,EL,2024,E.coli-fluoroquinolones,36.34085213
Hungary,HU,2001,E.coli-fluoroquinolones,5.05836575
Hungary,HU,2002,E.coli-fluoroquinolones,10.36585365
Hungary,HU,2003,E.coli-fluoroquinolones,14.90147783
Hungary,HU,2004,E.coli-fluoroquinolones,19.42286348
Hungary,HU,2005,E.coli-fluoroquinolones,21.92347466
Hungary,HU,2006,E.coli-fluoroquinolones,26.61064425
Hungary,HU,2007,E.coli-fluoroquinolones,26.30676949
Hungary,HU,2008,E.coli-fluoroquinolones,26.12440191
Hungary,HU,2009,E.coli-fluoroquinolones,30.49713193
Hungary,HU,2010,E.coli-fluoroquinolones,36.57644476
Hungary,HU,2011,E.coli-fluoroquinolones,31.16240725
Hungary,HU,2012,E.coli-fluoroquinolones,28.93036611
Hungary,HU,2013,E.coli-fluoroquinolones,30.30726256
Hungary,HU,2014,E.coli-fluoroquinolones,28.43866171
Hungary,HU,2015,E.coli-fluoroquinolones,28.99554675
Hungary,HU,2016,E.coli-fluoroquinolones,26.78751258
Hungary,HU,2017,E.coli-fluoroquinolones,30.61921014
Hungary,HU,2018,E.coli-fluoroquinolones,33.24873096
Hungary,HU,2019,E.coli-fluoroquinolones,30.31693077
Hungary,HU,2020,E.coli-fluoroquinolones,30.33707865
Hungary,HU,2021,E.coli-fluoroquinolones,28.04878048
Hungary,HU,2022,E.coli-fluoroquinolones,29.27696562
Hungary,HU,2023,E.coli-fluoroquinolones,25.98828696
Hungary,HU,2024,E.coli-fluoroquinolones,25.10652245
Iceland,IS,2001,E.coli-fluoroquinolones,3.7037037
Iceland,IS,2002,E.coli-fluoroquinolones,2.7027027
Iceland,IS,2003,E.coli-fluoroquinolones,5.55555555
Iceland,IS,2004,E.coli-fluoroquinolones,1.7699115
Iceland,IS,2005,E.coli-fluoroquinolones,3.41880341
Iceland,IS,2006,E.coli-fluoroquinolones,11.57024793
Iceland,IS,2007,E.coli-fluoroquinolones,16.66666666
Iceland,IS,2008,E.coli-fluoroquinolones,6.08695652
Iceland,IS,2009,E.coli-fluoroquinolones,7.07070707
Iceland,IS,2010,E.coli-fluoroquinolones,10.52631578
Iceland,IS,2011,E.coli-fluoroquinolones,14.04958677
Iceland,IS,2012,E.coli-fluoroquinolones,9.70149253
Iceland,IS,2013,E.coli-fluoroquinolones,14.65517241
Iceland,IS,2014,E.coli-fluoroquinolones,7.80141843
Iceland,IS,2015,E.coli-fluoroquinolones,6.79012345
Iceland,IS,2016,E.coli-fluoroquinolones,9.55056179
Iceland,IS,2017,E.coli-fluoroquinolones,11.55778894
Iceland,IS,2018,E.coli-fluoroquinolones,17.1875
Iceland,IS,2019,E.coli-fluoroquinolones,13.09523809
Iceland,IS,2020,E.coli-fluoroquinolones,11.83673469
Iceland,IS,2021,E.coli-fluoroquinolones,14.44043321
Iceland,IS,2022,E.coli-fluoroquinolones,10.21276595
Iceland,IS,2023,E.coli-fluoroquinolones,12.79069767
Iceland,IS,2024,E.coli-fluoroquinolones,13.79310344
Ireland,IE,2002,E.coli-fluoroquinolones,5.13176144
Ireland,IE,2003,E.coli-fluoroquinolones,9.55882352
Ireland,IE,2004,E.coli-fluoroquinolones,12.11871393
Ireland,IE,2005,E.coli-fluoroquinolones,16.86746987
Ireland,IE,2006,E.coli-fluoroquinolones,20.97470697
Ireland,IE,2007,E.coli-fluoroquinolones,21.30959218
Ireland,IE,2008,E.coli-fluoroquinolones,22.62931034
Ireland,IE,2009,E.coli-fluoroquinolones,21.69576059
Ireland,IE,2010,E.coli-fluoroquinolones,22.86254133
Ireland,IE,2011,E.coli-fluoroquinolones,22.94472828
Ireland,IE,2012,E.coli-fluoroquinolones,24.28571428
Ireland,IE,2013,E.coli-fluoroquinolones,24.17271993
Ireland,IE,2014,E.coli-fluoroquinolones,24.52830188
Ireland,IE,2015,E.coli-fluoroquinolones,23.07107563
Ireland,IE,2016,E.coli-fluoroquinolones,22.90969899
Ireland,IE,2017,E.coli-fluoroquinolones,23.59730682
Ireland,IE,2018,E.coli-fluoroquinolones,23.90364422
Ireland,IE,2019,E.coli-fluoroquinolones,20.35370772
Ireland,IE,2020,E.coli-fluoroquinolones,18.88185654
Ireland,IE,2021,E.coli-fluoroquinolones,15.97653554
Ireland,IE,2022,E.coli-fluoroquinolones,15.6
Ireland,IE,2023,E.coli-fluoroquinolones,15.96995427
Ireland,IE,2024,E.coli-fluoroquinolones,15.04178272
Italy,IT,2002,E.coli-fluoroquinolones,21.06969205
Italy,IT,2003,E.coli-fluoroquinolones,24.81040086
Italy,IT,2004,E.coli-fluoroquinolones,27.83825816
Italy,IT,2005,E.coli-fluoroquinolones,28.24497257
Italy,IT,2006,E.coli-fluoroquinolones,26.87793427
Italy,IT,2007,E.coli-fluoroquinolones,31.52507676
Italy,IT,2008,E.coli-fluoroquinolones,37.59647188
Italy,IT,2009,E.coli-fluoroquinolones,36.1529548
Italy,IT,2010,E.coli-fluoroquinolones,39.20361247
Italy,IT,2011,E.coli-fluoroquinolones,40.54765666
Italy,IT,2012,E.coli-fluoroquinolones,42.05479452
Italy,IT,2013,E.coli-fluoroquinolones,42.20977596
Italy,IT,2014,E.coli-fluoroquinolones,43.92651494
Italy,IT,2015,E.coli-fluoroquinolones,44.38282647
Italy,IT,2016,E.coli-fluoroquinolones,43.2605042
Italy,IT,2017,E.coli-fluoroquinolones,44.93880489
Italy,IT,2018,E.coli-fluoroquinolones,41.6630306
Italy,IT,2019,E.coli-fluoroquinolones,40.6309388
Italy,IT,2020,E.coli-fluoroquinolones,37.59023354
Italy,IT,2021,E.coli-fluoroquinolones,33.3610572
Italy,IT,2022,E.coli-fluoroquinolones,31.62717219
Italy,IT,2023,E.coli-fluoroquinolones,34.14425034
Italy,IT,2024,E.coli-fluoroquinolones,34.49146583
Latvia,LV,2006,E.coli-fluoroquinolones,10.0
Latvia,LV,2007,E.coli-fluoroquinolones,17.10526315
Latvia,LV,2008,E.coli-fluoroquinolones,14.44444444
Latvia,LV,2009,E.coli-fluoroquinolones,23.52941176
Latvia,LV,2010,E.coli-fluoroquinolones,14.43298969
Latvia,LV,2011,E.coli-fluoroquinolones,16.79389312
Latvia,LV,2012,E.coli-fluoroquinolones,14.47368421
Latvia,LV,2013,E.coli-fluoroquinolones,18.65671641
Latvia,LV,2014,E.coli-fluoroquinolones,17.67955801
Latvia,LV,2015,E.coli-fluoroquinolones,27.83505154
Latvia,LV,2016,E.coli-fluoroquinolones,27.75510204
Latvia,LV,2017,E.coli-fluoroquinolones,30.3482587
Latvia,LV,2018,E.coli-fluoroquinolones,24.12790697
Latvia,LV,2019,E.coli-fluoroquinolones,24.88687782
Latvia,LV,2020,E.coli-fluoroquinolones,27.51322751
Latvia,LV,2021,E.coli-fluoroquinolones,20.6632653
Latvia,LV,2022,E.coli-fluoroquinolones,21.82952182
Latvia,LV,2023,E.coli-fluoroquinolones,28.50877192
Latvia,LV,2024,E.coli-fluoroquinolones,30.37974683
Liechtenstein,LI,2022,E.coli-fluoroquinolones,
Liechtenstein,LI,2023,E.coli-fluoroquinolones,
Liechtenstein,LI,2024,E.coli-fluoroquinolones,
Lithuania,LT,2006,E.coli-fluoroquinolones,12.28070175
Lithuania,LT,2007,E.coli-fluoroquinolones,9.48275862
Lithuania,LT,2008,E.coli-fluoroquinolones,13.81578947
Lithuania,LT,2009,E.coli-fluoroquinolones,14.57627118
Lithuania,LT,2010,E.coli-fluoroquinolones,13.51351351
Lithuania,LT,2011,E.coli-fluoroquinolones,12.86089238
Lithuania,LT,2012,E.coli-fluoroquinolones,14.69298245
Lithuania,LT,2013,E.coli-fluoroquinolones,15.93533487
Lithuania,LT,2014,E.coli-fluoroquinolones,12.83783783
Lithuania,LT,2015,E.coli-fluoroquinolones,20.58319039
Lithuania,LT,2016,E.coli-fluoroquinolones,19.74683544
Lithuania,LT,2017,E.coli-fluoroquinolones,25.20612485
Lithuania,LT,2018,E.coli-fluoroquinolones,19.6557971
Lithuania,LT,2019,E.coli-fluoroquinolones,17.98051372
Lithuania,LT,2020,E.coli-fluoroquinolones,18.75
Lithuania,LT,2021,E.coli-fluoroquinolones,17.64705882
Lithuania,LT,2022,E.coli-fluoroquinolones,19.02552204
Lithuania,LT,2023,E.coli-fluoroquinolones,20.54982817
Lithuania,LT,2024,E.coli-fluoroquinolones,20.0464846
Luxembourg,LU,2001,E.coli-fluoroquinolones,4.23280423
Luxembourg,LU,2002,E.coli-fluoroquinolones,9.43396226
Luxembourg,LU,2003,E.coli-fluoroquinolones,11.94690265
Luxembourg,LU,2004,E.coli-fluoroquinolones,17.59259259
Luxembourg,LU,2005,E.coli-fluoroquinolones,18.61702127
Luxembourg,LU,2006,E.coli-fluoroquinolones,19.76047904
Luxembourg,LU,2007,E.coli-fluoroquinolones,21.45454545
Luxembourg,LU,2008,E.coli-fluoroquinolones,22.11221122
Luxembourg,LU,2009,E.coli-fluoroquinolones,25.58139534
Luxembourg,LU,2010,E.coli-fluoroquinolones,26.27118644
Luxembourg,LU,2011,E.coli-fluoroquinolones,24.07932011
Luxembourg,LU,2012,E.coli-fluoroquinolones,23.9520958
Luxembourg,LU,2013,E.coli-fluoroquinolones,27.79661016
Luxembourg,LU,2014,E.coli-fluoroquinolones,24.72826086
Luxembourg,LU,2015,E.coli-fluoroquinolones,24.20749279
Luxembourg,LU,2016,E.coli-fluoroquinolones,28.94736842
Luxembourg,LU,2017,E.coli-fluoroquinolones,22.86374133
Luxembourg,LU,2018,E.coli-fluoroquinolones,21.77033492
Luxembourg,LU,2019,E.coli-fluoroquinolones,20.52845528
Luxembourg,LU,2020,E.coli-fluoroquinolones,21.72897196
Luxembourg,LU,2021,E.coli-fluoroquinolones,20.9039548
Luxembourg,LU,2022,E.coli-fluoroquinolones,16.84434968
Luxembourg,LU,2023,E.coli-fluoroquinolones,15.61822125
Luxembourg,LU,2024,E.coli-fluoroquinolones,18.70229007
Malta,MT,2001,E.coli-fluoroquinolones,15.38461538
Malta,MT,2002,E.coli-fluoroquinolones,12.16216216
Malta,MT,2003,E.coli-fluoroquinolones,24.44444444
Malta,MT,2004,E.coli-fluoroquinolones,35.55555555
Malta,MT,2005,E.coli-fluoroquinolones,30.58823529
Malta,MT,2006,E.coli-fluoroquinolones,31.91489361
Malta,MT,2007,E.coli-fluoroquinolones,35.04273504
Malta,MT,2008,E.coli-fluoroquinolones,33.59375
Malta,MT,2009,E.coli-fluoroquinolones,30.37974683
Malta,MT,2010,E.coli-fluoroquinolones,34.375
Malta,MT,2011,E.coli-fluoroquinolones,31.96347031
Malta,MT,2012,E.coli-fluoroquinolones,30.14354066
Malta,MT,2013,E.coli-fluoroquinolones,29.75206611
Malta,MT,2014,E.coli-fluoroquinolones,28.73134328
Malta,MT,2015,E.coli-fluoroquinolones,37.39495798
Malta,MT,2016,E.coli-fluoroquinolones,41.46341463
Malta,MT,2017,E.coli-fluoroquinolones,43.31210191
Malta,MT,2018,E.coli-fluoroquinolones,41.86746987
Malta,MT,2019,E.coli-fluoroquinolones,40.06024096
Malta,MT,2020,E.coli-fluoroquinolones,35.37906137
Malta,MT,2021,E.coli-fluoroquinolones,30.76923076
Malta,MT,2022,E.coli-fluoroquinolones,26.38036809
Malta,MT,2023,E.coli-fluoroquinolones,27.88461538
Malta,MT,2024,E.coli-fluoroquinolones,43.00202839
Netherlands,NL,2000,E.coli-fluoroquinolones,3.36065573
Netherlands,NL,2001,E.coli-fluoroquinolones,5.41989279
Netherlands,NL,2002,E.coli-fluoroquinolones,5.42844324
Netherlands,NL,2003,E.coli-fluoroquinolones,7.21951219
Netherlands,NL,2004,E.coli-fluoroquinolones,6.59871244
Netherlands,NL,2005,E.coli-fluoroquinolones,9.93470149
Netherlands,NL,2006,E.coli-fluoroquinolones,11.20507399
Netherlands,NL,2007,E.coli-fluoroquinolones,12.58715596
Netherlands,NL,2008,E.coli-fluoroquinolones,14.39427805
Netherlands,NL,2009,E.coli-fluoroquinolones,11.02229701
Netherlands,NL,2010,E.coli-fluoroquinolones,13.88032078
Netherlands,NL,2011,E.coli-fluoroquinolones,14.44362564
Netherlands,NL,2012,E.coli-fluoroquinolones,15.63556457
Netherlands,NL,2013,E.coli-fluoroquinolones,14.75926203
Netherlands,NL,2014,E.coli-fluoroquinolones,13.96295256
Netherlands,NL,2015,E.coli-fluoroquinolones,13.16087079
Netherlands,NL,2016,E.coli-fluoroquinolones,12.8983308
Netherlands,NL,2017,E.coli-fluoroquinolones,14.41885234
Netherlands,NL,2018,E.coli-fluoroquinolones,14.70872613
Netherlands,NL,2019,E.coli-fluoroquinolones,14.56563442
Netherlands,NL,2020,E.coli-fluoroquinolones,13.33778371
Netherlands,NL,2021,E.coli-fluoroquinolones,13.32319391
Netherlands,NL,2022,E.coli-fluoroquinolones,13.14293636
Netherlands,NL,2023,E.coli-fluoroquinolones,12.94642857
Netherlands,NL,2024,E.coli-fluoroquinolones,13.68327599
Norway,NO,2000,E.coli-fluoroquinolones,1.65605095
Norway,NO,2001,E.coli-fluoroquinolones,1.3064133
Norway,NO,2002,E.coli-fluoroquinolones,1.71026156
Norway,NO,2003,E.coli-fluoroquinolones,1.87265917
Norway,NO,2004,E.coli-fluoroquinolones,4.36760691
Norway,NO,2005,E.coli-fluoroquinolones,4.68364831
Norway,NO,2006,E.coli-fluoroquinolones,4.86815415
Norway,NO,2007,E.coli-fluoroquinolones,7.08661417
Norway,NO,2008,E.coli-fluoroquinolones,7.39081746
Norway,NO,2009,E.coli-fluoroquinolones,8.68852459
Norway,NO,2010,E.coli-fluoroquinolones,8.7340097
Norway,NO,2011,E.coli-fluoroquinolones,8.98203592
Norway,NO,2012,E.coli-fluoroquinolones,11.2908899
Norway,NO,2013,E.coli-fluoroquinolones,10.8907563
Norway,NO,2014,E.coli-fluoroquinolones,11.0102489
Norway,NO,2015,E.coli-fluoroquinolones,10.21831412
Norway,NO,2016,E.coli-fluoroquinolones,10.93879811
Norway,NO,2017,E.coli-fluoroquinolones,13.5620477
Norway,NO,2018,E.coli-fluoroquinolones,12.87077637
Norway,NO,2019,E.coli-fluoroquinolones,11.25860373
Norway,NO,2020,E.coli-fluoroquinolones,9.95983935
Norway,NO,2021,E.coli-fluoroquinolones,9.87718839
Norway,NO,2022,E.coli-fluoroquinolones,10.52066559
Norway,NO,2023,E.coli-fluoroquinolones,10.12339461
Norway,NO,2024,E.coli-fluoroquinolones,9.99495204
Poland,PL,2001,E.coli-fluoroquinolones,8.60215053
Poland,PL,2002,E.coli-fluoroquinolones,10.52631578
Poland,PL,2003,E.coli-fluoroquinolones,6.61157024
Poland,PL,2004,E.coli-fluoroquinolones,8.55614973
Poland,PL,2005,E.coli-fluoroquinolones,19.88636363
Poland,PL,2006,E.coli-fluoroquinolones,20.38834951
Poland,PL,2007,E.coli-fluoroquinolones,12.890625
Poland,PL,2008,E.coli-fluoroquinolones,20.23809523
Poland,PL,2009,E.coli-fluoroquinolones,23.10405643
Poland,PL,2010,E.coli-fluoroquinolones,25.75976845
Poland,PL,2011,E.coli-fluoroquinolones,27.3444347
Poland,PL,2012,E.coli-fluoroquinolones,29.33204259
Poland,PL,2013,E.coli-fluoroquinolones,27.34299516
Poland,PL,2014,E.coli-fluoroquinolones,29.23368022
Poland,PL,2015,E.coli-fluoroquinolones,27.88033099
Poland,PL,2016,E.coli-fluoroquinolones,33.06788016
Poland,PL,2017,E.coli-fluoroquinolones,35.86244541
Poland,PL,2018,E.coli-fluoroquinolones,34.67082197
Poland,PL,2019,E.coli-fluoroquinolones,33.01852524
Poland,PL,2020,E.coli-fluoroquinolones,32.99208934
Poland,PL,2021,E.coli-fluoroquinolones,33.11287477
Poland,PL,2022,E.coli-fluoroquinolones,30.81103678
Poland,PL,2023,E.coli-fluoroquinolones,32.20394736
Poland,PL,2024,E.coli-fluoroquinolones,28.6939679
Portugal,PT,2001,E.coli-fluoroquinolones,17.52577319
Portugal,PT,2002,E.coli-fluoroquinolones,23.48484848
Portugal,PT,2003,E.coli-fluoroquinolones,25.84118438
Portugal,PT,2004,E.coli-fluoroquinolones,26.70375521
Portugal,PT,2005,E.coli-fluoroquinolones,29.28176795
Portugal,PT,2006,E.coli-fluoroquinolones,27.6744186
Portugal,PT,2007,E.coli-fluoroquinolones,29.84859408
Portugal,PT,2008,E.coli-fluoroquinolones,28.59860494
Portugal,PT,2009,E.coli-fluoroquinolones,27.72427774
Portugal,PT,2010,E.coli-fluoroquinolones,27.27745965
Portugal,PT,2011,E.coli-fluoroquinolones,27.23004694
Portugal,PT,2012,E.coli-fluoroquinolones,30.30583873
Portugal,PT,2013,E.coli-fluoroquinolones,31.62011173
Portugal,PT,2014,E.coli-fluoroquinolones,32.36522777
Portugal,PT,2015,E.coli-fluoroquinolones,29.65928132
Portugal,PT,2016,E.coli-fluoroquinolones,28.94691336
Portugal,PT,2017,E.coli-fluoroquinolones,27.27272727
Portugal,PT,2018,E.coli-fluoroquinolones,25.46012269
Portugal,PT,2019,E.coli-fluoroquinolones,26.46555745
Portugal,PT,2020,E.coli-fluoroquinolones,23.93498716
Portugal,PT,2021,E.coli-fluoroquinolones,22.49911
Portugal,PT,2022,E.coli-fluoroquinolones,21.44665461
Portugal,PT,2023,E.coli-fluoroquinolones,24.33192686
Portugal,PT,2024,E.coli-fluoroquinolones,23.71644872
Romania,RO,2002,E.coli-fluoroquinolones,20.0
Romania,RO,2003,E.coli-fluoroquinolones,14.0
Romania,RO,2004,E.coli-fluoroquinolones,20.93023255
Romania,RO,2005,E.coli-fluoroquinolones,8.86075949
Romania,RO,2006,E.coli-fluoroquinolones,41.02564102
Romania,RO,2007,E.coli-fluoroquinolones,26.66666666
Romania,RO,2008,E.coli-fluoroquinolones,26.92307692
Romania,RO,2009,E.coli-fluoroquinolones,18.18181818
Romania,RO,2010,E.coli-fluoroquinolones,24.24242424
Romania,RO,2011,E.coli-fluoroquinolones,28.0
Romania,RO,2012,E.coli-fluoroquinolones,29.03225806
Romania,RO,2013,E.coli-fluoroquinolones,31.0
Romania,RO,2014,E.coli-fluoroquinolones,31.2703583
Romania,RO,2015,E.coli-fluoroquinolones,30.7277628
Romania,RO,2016,E.coli-fluoroquinolones,30.62200956
Romania,RO,2017,E.coli-fluoroquinolones,26.44787644
Romania,RO,2018,E.coli-fluoroquinolones,29.10216718
Romania,RO,2019,E.coli-fluoroquinolones,28.28746177
Romania,RO,2020,E.coli-fluoroquinolones,26.0
Romania,RO,2021,E.coli-fluoroquinolones,24.69879518
Romania,RO,2022,E.coli-fluoroquinolones,23.76811594
Romania,RO,2023,E.coli-fluoroquinolones,25.40816326
Romania,RO,2024,E.coli-fluoroquinolones,25.18740629
Slovakia,SK,2001,E.coli-fluoroquinolones,15.55555555
Slovakia,SK,2002,E.coli-fluoroquinolones,14.4859813
Slovakia,SK,2003,E.coli-fluoroquinolones,20.16806722
Slovakia,SK,2004,E.coli-fluoroquinolones,24.02597402
Slovakia,SK,2005,E.coli-fluoroquinolones,14.39393939
Slovakia,SK,2011,E.coli-fluoroquinolones,41.81326116
Slovakia,SK,2012,E.coli-fluoroquinolones,41.29496402
Slovakia,SK,2013,E.coli-fluoroquinolones,40.34653465
Slovakia,SK,2014,E.coli-fluoroquinolones,42.95377677
Slovakia,SK,2015,E.coli-fluoroquinolones,44.18344519
Slovakia,SK,2016,E.coli-fluoroquinolones,40.43583535
Slovakia,SK,2017,E.coli-fluoroquinolones,43.19727891
Slovakia,SK,2018,E.coli-fluoroquinolones,42.10526315
Slovakia,SK,2019,E.coli-fluoroquinolones,34.0
Slovakia,SK,2020,E.coli-fluoroquinolones,34.1563786
Slovakia,SK,2021,E.coli-fluoroquinolones,29.75830815
Slovakia,SK,2022,E.coli-fluoroquinolones,32.35294117
Slovakia,SK,2023,E.coli-fluoroquinolones,31.16883116
Slovakia,SK,2024,E.coli-fluoroquinolones,30.06451612
Slovenia,SI,2001,E.coli-fluoroquinolones,8.040201
Slovenia,SI,2002,E.coli-fluoroquinolones,11.98044009
Slovenia,SI,2003,E.coli-fluoroquinolones,11.22194513
Slovenia,SI,2004,E.coli-fluoroquinolones,12.39092495
Slovenia,SI,2005,E.coli-fluoroquinolones,12.02435312
Slovenia,SI,2006,E.coli-fluoroquinolones,15.20223152
Slovenia,SI,2007,E.coli-fluoroquinolones,17.15628672
Slovenia,SI,2008,E.coli-fluoroquinolones,16.93363844
Slovenia,SI,2009,E.coli-fluoroquinolones,18.2530795
Slovenia,SI,2010,E.coli-fluoroquinolones,19.32773109
Slovenia,SI,2011,E.coli-fluoroquinolones,20.65868263
Slovenia,SI,2012,E.coli-fluoroquinolones,21.40410958
Slovenia,SI,2013,E.coli-fluoroquinolones,19.85294117
Slovenia,SI,2014,E.coli-fluoroquinolones,23.27302631
Slovenia,SI,2015,E.coli-fluoroquinolones,24.60377358
Slovenia,SI,2016,E.coli-fluoroquinolones,25.56338028
Slovenia,SI,2017,E.coli-fluoroquinolones,24.87346348
Slovenia,SI,2018,E.coli-fluoroquinolones,22.78177458
Slovenia,SI,2019,E.coli-fluoroquinolones,19.00621118
Slovenia,SI,2020,E.coli-fluoroquinolones,18.11997526
Slovenia,SI,2021,E.coli-fluoroquinolones,16.65675193
Slovenia,SI,2022,E.coli-fluoroquinolones,16.56626506
Slovenia,SI,2023,E.coli-fluoroquinolones,15.92434411
Slovenia,SI,2024,E.coli-fluoroquinolones,15.91574019
Spain,ES,2001,E.coli-fluoroquinolones,17.25181598
Spain,ES,2002,E.coli-fluoroquinolones,19.28974979
Spain,ES,2003,E.coli-fluoroquinolones,20.9928003
Spain,ES,2004,E.coli-fluoroquinolones,25.38949798
Spain,ES,2005,E.coli-fluoroquinolones,28.16572001
Spain,ES,2006,E.coli-fluoroquinolones,28.00595238
Spain,ES,2007,E.coli-fluoroquinolones,30.4454769
Spain,ES,2008,E.coli-fluoroquinolones,32.52077562
Spain,ES,2009,E.coli-fluoroquinolones,31.49606299
Spain,ES,2010,E.coli-fluoroquinolones,32.75983146
Spain,ES,2011,E.coli-fluoroquinolones,34.48275862
Spain,ES,2012,E.coli-fluoroquinolones,33.85214007
Spain,ES,2013,E.coli-fluoroquinolones,34.89706378
Spain,ES,2014,E.coli-fluoroquinolones,34.0323135
Spain,ES,2015,E.coli-fluoroquinolones,31.55459592
Spain,ES,2016,E.coli-fluoroquinolones,32.82330439
Spain,ES,2017,E.coli-fluoroquinolones,32.50302715
Spain,ES,2018,E.coli-fluoroquinolones,32.11659663
Spain,ES,2019,E.coli-fluoroquinolones,29.52880859
Spain,ES,2020,E.coli-fluoroquinolones,28.60623156
Spain,ES,2021,E.coli-fluoroquinolones,26.61471404
Spain,ES,2022,E.coli-fluoroquinolones,28.60965428
Spain,ES,2023,E.coli-fluoroquinolones,27.55537069
Spain,ES,2024,E.coli-fluoroquinolones,29.9793246
Sweden,SE,2000,E.coli-fluoroquinolones,
Sweden,SE,2001,E.coli-fluoroquinolones,3.73955125
Sweden,SE,2002,E.coli-fluoroquinolones,5.09527754
Sweden,SE,2003,E.coli-fluoroquinolones,6.56840756
Sweden,SE,2004,E.coli-fluoroquinolones,7.58166017
Sweden,SE,2005,E.coli-fluoroquinolones,6.32202831
Sweden,SE,2006,E.coli-fluoroquinolones,7.95314426
Sweden,SE,2007,E.coli-fluoroquinolones,10.32258064
Sweden,SE,2008,E.coli-fluoroquinolones,10.2793296
Sweden,SE,2009,E.coli-fluoroquinolones,
Sweden,SE,2010,E.coli-fluoroquinolones,10.50525262
Sweden,SE,2011,E.coli-fluoroquinolones,10.05685159
Sweden,SE,2012,E.coli-fluoroquinolones,11.08903738
Sweden,SE,2013,E.coli-fluoroquinolones,11.58238172
Sweden,SE,2014,E.coli-fluoroquinolones,11.2991054
Sweden,SE,2015,E.coli-fluoroquinolones,12.61538461
Sweden,SE,2016,E.coli-fluoroquinolones,13.6605729
Sweden,SE,2017,E.coli-fluoroquinolones,15.79312738
Sweden,SE,2018,E.coli-fluoroquinolones,18.05503904
Sweden,SE,2019,E.coli-fluoroquinolones,15.85210369
Sweden,SE,2020,E.coli-fluoroquinolones,14.08450704
Sweden,SE,2021,E.coli-fluoroquinolones,13.66130558
Sweden,SE,2022,E.coli-fluoroquinolones,13.82098354
Sweden,SE,2023,E.coli-fluoroquinolones,14.74611204
Sweden,SE,2024,E.coli-fluoroquinolones,15.56811649
United Kingdom,UK,2001,E.coli-fluoroquinolones,6.20408163
United Kingdom,UK,2002,E.coli-fluoroquinolones,7.34528629
United Kingdom,UK,2003,E.coli-fluoroquinolones,11.27783155
United Kingdom,UK,2004,E.coli-fluoroquinolones,14.16962925
United Kingdom,UK,2005,E.coli-fluoroquinolones,16.83121767
United Kingdom,UK,2006,E.coli-fluoroquinolones,19.90719257
United Kingdom,UK,2007,E.coli-fluoroquinolones,17.89719626
United Kingdom,UK,2008,E.coli-fluoroquinolones,15.10548523
United Kingdom,UK,2009,E.coli-fluoroquinolones,18.03874092
United Kingdom,UK,2010,E.coli-fluoroquinolones,17.30010384
United Kingdom,UK,2011,E.coli-fluoroquinolones,17.54133716
United Kingdom,UK,2012,E.coli-fluoroquinolones,16.56785771
United Kingdom,UK,2013,E.coli-fluoroquinolones,16.30465847
United Kingdom,UK,2014,E.coli-fluoroquinolones,16.81837884
United Kingdom,UK,2015,E.coli-fluoroquinolones,15.64005505
United Kingdom,UK,2016,E.coli-fluoroquinolones,16.33090066
United Kingdom,UK,2017,E.coli-fluoroquinolones,17.46894152
United Kingdom,UK,2018,E.coli-fluoroquinolones,17.71218889
United Kingdom,UK,2019,E.coli-fluoroquinolones,17.8332155
Austria,AT,2005,K.pneumoniae-carbapenems,0.0
Austria,AT,2006,K.pneumoniae-carbapenems,0.0
Austria,AT,2007,K.pneumoniae-carbapenems,0.0
Austria,AT,2008,K.pneumoniae-carbapenems,0.0
Austria,AT,2009,K.pneumoniae-carbapenems,0.0
Austria,AT,2010,K.pneumoniae-carbapenems,0.58939096
Austria,AT,2011,K.pneumoniae-carbapenems,0.16393442
Austria,AT,2012,K.pneumoniae-carbapenems,0.81300813
Austria,AT,2013,K.pneumoniae-carbapenems,1.2087912
Austria,AT,2014,K.pneumoniae-carbapenems,0.61791967
Austria,AT,2015,K.pneumoniae-carbapenems,0.78277886
Austria,AT,2016,K.pneumoniae-carbapenems,0.66777963
Austria,AT,2017,K.pneumoniae-carbapenems,0.99188458
Austria,AT,2018,K.pneumoniae-carbapenems,1.01351351
Austria,AT,2019,K.pneumoniae-carbapenems,1.2345679
Austria,AT,2020,K.pneumoniae-carbapenems,0.94786729
Austria,AT,2021,K.pneumoniae-carbapenems,0.97640358
Austria,AT,2022,K.pneumoniae-carbapenems,0.88211708
Austria,AT,2023,K.pneumoniae-carbapenems,1.7977528
Austria,AT,2024,K.pneumoniae-carbapenems,1.47783251
Belgium,BE,2009,K.pneumoniae-carbapenems,1.20481927
Belgium,BE,2010,K.pneumoniae-carbapenems,0.0
Belgium,BE,2011,K.pneumoniae-carbapenems,0.30959752
Belgium,BE,2012,K.pneumoniae-carbapenems,0.73394495
Belgium,BE,2013,K.pneumoniae-carbapenems,0.32362459
Belgium,BE,2014,K.pneumoniae-carbapenems,0.46620046
Belgium,BE,2015,K.pneumoniae-carbapenems,0.51413881
Belgium,BE,2016,K.pneumoniae-carbapenems,2.39162929
Belgium,BE,2017,K.pneumoniae-carbapenems,1.13780025
Belgium,BE,2018,K.pneumoniae-carbapenems,1.39037433
Belgium,BE,2019,K.pneumoniae-carbapenems,1.05680317
Belgium,BE,2020,K.pneumoniae-carbapenems,1.13507377
Belgium,BE,2021,K.pneumoniae-carbapenems,1.40388768
Belgium,BE,2022,K.pneumoniae-carbapenems,1.43712574
Belgium,BE,2023,K.pneumoniae-carbapenems,2.34933605
Belgium,BE,2024,K.pneumoniae-carbapenems,1.88172043
Bulgaria,BG,2005,K.pneumoniae-carbapenems,0.0
Bulgaria,BG,2006,K.pneumoniae-carbapenems,0.0
Bulgaria,BG,2007,K.pneumoniae-carbapenems,0.0
Bulgaria,BG,2008,K.pneumoniae-carbapenems,0.0
Bulgaria,BG,2009,K.pneumoniae-carbapenems,0.0
Bulgaria,BG,2010,K.pneumoniae-carbapenems,0.0
Bulgaria,BG,2011,K.pneumoniae-carbapenems,0.0
Bulgaria,BG,2012,K.pneumoniae-carbapenems,1.85185185
Bulgaria,BG,2013,K.pneumoniae-carbapenems,0.0
Bulgaria,BG,2014,K.pneumoniae-carbapenems,7.1942446
Bulgaria,BG,2015,K.pneumoniae-carbapenems,3.15789473
Bulgaria,BG,2016,K.pneumoniae-carbapenems,4.40251572
Bulgaria,BG,2017,K.pneumoniae-carbapenems,12.4260355
Bulgaria,BG,2018,K.pneumoniae-carbapenems,21.24352331
Bulgaria,BG,2019,K.pneumoniae-carbapenems,26.96629213
Bulgaria,BG,2020,K.pneumoniae-carbapenems,28.11244979
Bulgaria,BG,2021,K.pneumoniae-carbapenems,46.28099173
Bulgaria,BG,2022,K.pneumoniae-carbapenems,47.3076923
Bulgaria,BG,2023,K.pneumoniae-carbapenems,56.79012345
Bulgaria,BG,2024,K.pneumoniae-carbapenems,67.59656652
Croatia,HR,2005,K.pneumoniae-carbapenems,0.0
Croatia,HR,2006,K.pneumoniae-carbapenems,0.0
Croatia,HR,2007,K.pneumoniae-carbapenems,0.35842293
Croatia,HR,2008,K.pneumoniae-carbapenems,0.31152647
Croatia,HR,2010,K.pneumoniae-carbapenems,2.15053763
Croatia,HR,2011,K.pneumoniae-carbapenems,0.0
Croatia,HR,2012,K.pneumoniae-carbapenems,0.0
Croatia,HR,2013,K.pneumoniae-carbapenems,0.53191489
Croatia,HR,2014,K.pneumoniae-carbapenems,0.89820359
Croatia,HR,2015,K.pneumoniae-carbapenems,2.36842105
Croatia,HR,2016,K.pneumoniae-carbapenems,0.0
Croatia,HR,2017,K.pneumoniae-carbapenems,0.0
Croatia,HR,2018,K.pneumoniae-carbapenems,2.15384615
Croatia,HR,2019,K.pneumoniae-carbapenems,12.0
Croatia,HR,2020,K.pneumoniae-carbapenems,19.10112359
Croatia,HR,2021,K.pneumoniae-carbapenems,32.8611898
Croatia,HR,2022,K.pneumoniae-carbapenems,23.97820163
Croatia,HR,2023,K.pneumoniae-carbapenems,27.68959435
Croatia,HR,2024,K.pneumoniae-carbapenems,31.3253012
Cyprus,CY,2005,K.pneumoniae-carbapenems,
Cyprus,CY,2006,K.pneumoniae-carbapenems,0.0
Cyprus,CY,2007,K.pneumoniae-carbapenems,2.56410256
Cyprus,CY,2008,K.pneumoniae-carbapenems,9.67741935
Cyprus,CY,2009,K.pneumoniae-carbapenems,16.98113207
Cyprus,CY,2010,K.pneumoniae-carbapenems,16.41791044
Cyprus,CY,2011,K.pneumoniae-carbapenems,15.6626506
Cyprus,CY,2012,K.pneumoniae-carbapenems,9.23076923
Cyprus,CY,2013,K.pneumoniae-carbapenems,5.88235294
Cyprus,CY,2014,K.pneumoniae-carbapenems,5.0
Cyprus,CY,2015,K.pneumoniae-carbapenems,12.9032258
Cyprus,CY,2016,K.pneumoniae-carbapenems,10.66666666
Cyprus,CY,2017,K.pneumoniae-carbapenems,15.49295774
Cyprus,CY,2018,K.pneumoniae-carbapenems,21.83908045
Cyprus,CY,2019,K.pneumoniae-carbapenems,13.33333333
Cyprus,CY,2020,K.pneumoniae-carbapenems,19.76744186
Cyprus,CY,2021,K.pneumoniae-carbapenems,26.24113475
Cyprus,CY,2022,K.pneumoniae-carbapenems,36.41304347
Cyprus,CY,2023,K.pneumoniae-carbapenems,33.63636363
Cyprus,CY,2024,K.pneumoniae-carbapenems,48.45679012
Czechia,CZ,2005,K.pneumoniae-carbapenems,0.0
Czechia,CZ,2006,K.pneumoniae-carbapenems,
Czechia,CZ,2007,K.pneumoniae-carbapenems,0.0
Czechia,CZ,2008,K.pneumoniae-carbapenems,0.23809523
Czechia,CZ,2009,K.pneumoniae-carbapenems,0.24711696
Czechia,CZ,2010,K.pneumoniae-carbapenems,0.09066183
Czechia,CZ,2011,K.pneumoniae-carbapenems,0.08382229
Czechia,CZ,2012,K.pneumoniae-carbapenems,0.30604437
Czechia,CZ,2013,K.pneumoniae-carbapenems,0.52956751
Czechia,CZ,2014,K.pneumoniae-carbapenems,0.08710801
Czechia,CZ,2015,K.pneumoniae-carbapenems,0.27272727
Czechia,CZ,2016,K.pneumoniae-carbapenems,0.0
Czechia,CZ,2017,K.pneumoniae-carbapenems,0.38058991
Czechia,CZ,2018,K.pneumoniae-carbapenems,0.25125628
Czechia,CZ,2019,K.pneumoniae-carbapenems,0.608828
Czechia,CZ,2020,K.pneumoniae-carbapenems,0.48701298
Czechia,CZ,2021,K.pneumoniae-carbapenems,1.03857566
Czechia,CZ,2022,K.pneumoniae-carbapenems,1.50829562
Czechia,CZ,2023,K.pneumoniae-carbapenems,1.45772594
Czechia,CZ,2024,K.pneumoniae-carbapenems,2.15727209
Denmark,DK,2006,K.pneumoniae-carbapenems,0.0
Denmark,DK,2007,K.pneumoniae-carbapenems,0.0
Denmark,DK,2008,K.pneumoniae-carbapenems,0.19120458
Denmark,DK,2009,K.pneumoniae-carbapenems,0.0
Denmark,DK,2010,K.pneumoniae-carbapenems,0.0
Denmark,DK,2011,K.pneumoniae-carbapenems,0.0
Denmark,DK,2012,K.pneumoniae-carbapenems,0.29411764
Denmark,DK,2013,K.pneumoniae-carbapenems,0.15503875
Denmark,DK,2014,K.pneumoniae-carbapenems,0.24096385
Denmark,DK,2015,K.pneumoniae-carbapenems,0.0
Denmark,DK,2016,K.pneumoniae-carbapenems,0.26809651
Denmark,DK,2017,K.pneumoniae-carbapenems,0.25316455
Denmark,DK,2018,K.pneumoniae-carbapenems,0.54102795
Denmark,DK,2019,K.pneumoniae-carbapenems,0.29498525
Denmark,DK,2020,K.pneumoniae-carbapenems,0.77848549
Denmark,DK,2021,K.pneumoniae-carbapenems,0.4531722
Denmark,DK,2022,K.pneumoniae-carbapenems,0.45731707
Denmark,DK,2023,K.pneumoniae-carbapenems,0.3770739
Denmark,DK,2024,K.pneumoniae-carbapenems,0.44085231
Estonia,EE,2005,K.pneumoniae-carbapenems,0.0
Estonia,EE,2006,K.pneumoniae-carbapenems,0.0
Estonia,EE,2007,K.pneumoniae-carbapenems,0.0
Estonia,EE,2008,K.pneumoniae-carbapenems,0.0
Estonia,EE,2009,K.pneumoniae-carbapenems,0.0
Estonia,EE,2010,K.pneumoniae-carbapenems,0.0
Estonia,EE,2011,K.pneumoniae-carbapenems,0.0
Estonia,EE,2012,K.pneumoniae-carbapenems,1.26582278
Estonia,EE,2013,K.pneumoniae-carbapenems,2.7027027
Estonia,EE,2014,K.pneumoniae-carbapenems,0.0
Estonia,EE,2015,K.pneumoniae-carbapenems,0.0
Estonia,EE,2016,K.pneumoniae-carbapenems,0.0
Estonia,EE,2017,K.pneumoniae-carbapenems,0.0
Estonia,EE,2018,K.pneumoniae-carbapenems,0.55865921
Estonia,EE,2019,K.pneumoniae-carbapenems,0.0
Estonia,EE,2020,K.pneumoniae-carbapenems,0.0
Estonia,EE,2021,K.pneumoniae-carbapenems,0.91743119
Estonia,EE,2022,K.pneumoniae-carbapenems,1.47058823
Estonia,EE,2023,K.pneumoniae-carbapenems,2.28136882
Estonia,EE,2024,K.pneumoniae-carbapenems,1.70212765
Finland,FI,2005,K.pneumoniae-carbapenems,0.0
Finland,FI,2006,K.pneumoniae-carbapenems,0.0
Finland,FI,2007,K.pneumoniae-carbapenems,0.0
Finland,FI,2008,K.pneumoniae-carbapenems,0.0
Finland,FI,2009,K.pneumoniae-carbapenems,0.28490028
Finland,FI,2010,K.pneumoniae-carbapenems,0.0
Finland,FI,2011,K.pneumoniae-carbapenems,0.0
Finland,FI,2012,K.pneumoniae-carbapenems,0.0
Finland,FI,2013,K.pneumoniae-carbapenems,0.0
Finland,FI,2014,K.pneumoniae-carbapenems,0.0
Finland,FI,2015,K.pneumoniae-carbapenems,0.0
Finland,FI,2016,K.pneumoniae-carbapenems,0.25974025
Finland,FI,2017,K.pneumoniae-carbapenems,0.26385224
Finland,FI,2018,K.pneumoniae-carbapenems,0.61728395
Finland,FI,2019,K.pneumoniae-carbapenems,0.35294117
Finland,FI,2020,K.pneumoniae-carbapenems,0.11098779
Finland,FI,2021,K.pneumoniae-carbapenems,0.0
Finland,FI,2022,K.pneumoniae-carbapenems,0.0
Finland,FI,2023,K.pneumoniae-carbapenems,0.13755158
Finland,FI,2024,K.pneumoniae-carbapenems,0.23041474
France,FR,2005,K.pneumoniae-carbapenems,0.13280212
France,FR,2006,K.pneumoniae-carbapenems,0.0
France,FR,2007,K.pneumoniae-carbapenems,0.09460737
France,FR,2008,K.pneumoniae-carbapenems,0.0
France,FR,2009,K.pneumoniae-carbapenems,0.1577287
France,FR,2010,K.pneumoniae-carbapenems,0.0698324
France,FR,2011,K.pneumoniae-carbapenems,0.0
France,FR,2012,K.pneumoniae-carbapenems,0.49170251
France,FR,2013,K.pneumoniae-carbapenems,0.65146579
France,FR,2014,K.pneumoniae-carbapenems,0.47551117
France,FR,2015,K.pneumoniae-carbapenems,0.49019607
France,FR,2016,K.pneumoniae-carbapenems,0.39556962
France,FR,2017,K.pneumoniae-carbapenems,0.67687923
France,FR,2018,K.pneumoniae-carbapenems,0.50033355
France,FR,2019,K.pneumoniae-carbapenems,0.99900099
France,FR,2020,K.pneumoniae-carbapenems,0.54211843
France,FR,2021,K.pneumoniae-carbapenems,0.76158239
France,FR,2022,K.pneumoniae-carbapenems,0.96676737
France,FR,2024,K.pneumoniae-carbapenems,1.20641216
Germany,DE,2005,K.pneumoniae-carbapenems,1.96078431
Germany,DE,2006,K.pneumoniae-carbapenems,0.0
Germany,DE,2007,K.pneumoniae-carbapenems,1.73410404
Germany,DE,2008,K.pneumoniae-carbapenems,0.0
Germany,DE,2009,K.pneumoniae-carbapenems,0.0
Germany,DE,2010,K.pneumoniae-carbapenems,0.0
Germany,DE,2011,K.pneumoniae-carbapenems,0.0
Germany,DE,2012,K.pneumoniae-carbapenems,0.0
Germany,DE,2013,K.pneumoniae-carbapenems,0.65530799
Germany,DE,2014,K.pneumoniae-carbapenems,0.69582504
Germany,DE,2015,K.pneumoniae-carbapenems,0.12634238
Germany,DE,2016,K.pneumoniae-carbapenems,0.48891786
Germany,DE,2017,K.pneumoniae-carbapenems,0.46668395
Germany,DE,2018,K.pneumoniae-carbapenems,0.42842741
Germany,DE,2019,K.pneumoniae-carbapenems,0.93259855
Germany,DE,2020,K.pneumoniae-carbapenems,0.48405942
Germany,DE,2021,K.pneumoniae-carbapenems,0.79535026
Germany,DE,2022,K.pneumoniae-carbapenems,1.07454667
Germany,DE,2023,K.pneumoniae-carbapenems,1.07063746
Germany,DE,2024,K.pneumoniae-carbapenems,1.24450951
Greece,EL,2005,K.pneumoniae-carbapenems,27.8137128
Greece,EL,2006,K.pneumoniae-carbapenems,32.85543608
Greece,EL,2007,K.pneumoniae-carbapenems,42.44306418
Greece,EL,2008,K.pneumoniae-carbapenems,36.59217877
Greece,EL,2009,K.pneumoniae-carbapenems,43.51567301
Greece,EL,2010,K.pneumoniae-carbapenems,49.08120924
Greece,EL,2011,K.pneumoniae-carbapenems,68.15403422
Greece,EL,2012,K.pneumoniae-carbapenems,60.47945205
Greece,EL,2013,K.pneumoniae-carbapenems,59.3879239
Greece,EL,2014,K.pneumoniae-carbapenems,62.31617647
Greece,EL,2015,K.pneumoniae-carbapenems,61.94092827
Greece,EL,2016,K.pneumoniae-carbapenems,66.86440677
Greece,EL,2017,K.pneumoniae-carbapenems,64.71019809
Greece,EL,2018,K.pneumoniae-carbapenems,63.88518024
Greece,EL,2019,K.pneumoniae-carbapenems,58.33333333
Greece,EL,2020,K.pneumoniae-carbapenems,66.25344352
Greece,EL,2021,K.pneumoniae-carbapenems,73.69534555
Greece,EL,2022,K.pneumoniae-carbapenems,72.04658901
Greece,EL,2023,K.pneumoniae-carbapenems,69.66498393
Greece,EL,2024,K.pneumoniae-carbapenems,60.24027459
Hungary,HU,2005,K.pneumoniae-carbapenems,0.33333333
Hungary,HU,2006,K.pneumoniae-carbapenems,0.0
Hungary,HU,2007,K.pneumoniae-carbapenems,0.0
Hungary,HU,2008,K.pneumoniae-carbapenems,0.0
Hungary,HU,2009,K.pneumoniae-carbapenems,0.55555555
Hungary,HU,2010,K.pneumoniae-carbapenems,5.49898167
Hungary,HU,2011,K.pneumoniae-carbapenems,1.937046
Hungary,HU,2012,K.pneumoniae-carbapenems,2.91060291
Hungary,HU,2013,K.pneumoniae-carbapenems,1.69491525
Hungary,HU,2014,K.pneumoniae-carbapenems,1.12721417
Hungary,HU,2015,K.pneumoniae-carbapenems,0.1455604
Hungary,HU,2016,K.pneumoniae-carbapenems,0.42674253
Hungary,HU,2017,K.pneumoniae-carbapenems,0.29368575
Hungary,HU,2018,K.pneumoniae-carbapenems,0.24183796
Hungary,HU,2019,K.pneumoniae-carbapenems,0.8988764
Hungary,HU,2020,K.pneumoniae-carbapenems,0.69348127
Hungary,HU,2021,K.pneumoniae-carbapenems,0.91575091
Hungary,HU,2022,K.pneumoniae-carbapenems,5.2742616
Hungary,HU,2023,K.pneumoniae-carbapenems,5.80985915
Hungary,HU,2024,K.pneumoniae-carbapenems,6.7253803
Iceland,IS,2005,K.pneumoniae-carbapenems,0.0
Iceland,IS,2006,K.pneumoniae-carbapenems,
Iceland,IS,2007,K.pneumoniae-carbapenems,0.0
Iceland,IS,2008,K.pneumoniae-carbapenems,0.0
Iceland,IS,2009,K.pneumoniae-carbapenems,0.0
Iceland,IS,2010,K.pneumoniae-carbapenems,
Iceland,IS,2015,K.pneumoniae-carbapenems,
Iceland,IS,2016,K.pneumoniae-carbapenems,
Iceland,IS,2018,K.pneumoniae-carbapenems,
Iceland,IS,2020,K.pneumoniae-carbapenems,0.0
Iceland,IS,2021,K.pneumoniae-carbapenems,0.0
Iceland,IS,2022,K.pneumoniae-carbapenems,0.0
Iceland,IS,2023,K.pneumoniae-carbapenems,0.0
Iceland,IS,2024,K.pneumoniae-carbapenems,0.0
Ireland,IE,2005,K.pneumoniae-carbapenems,0.0
Ireland,IE,2006,K.pneumoniae-carbapenems,0.0
Ireland,IE,2007,K.pneumoniae-carbapenems,0.0
Ireland,IE,2008,K.pneumoniae-carbapenems,0.0
Ireland,IE,2009,K.pneumoniae-carbapenems,0.0
Ireland,IE,2010,K.pneumoniae-carbapenems,0.0
Ireland,IE,2011,K.pneumoniae-carbapenems,0.33112582
Ireland,IE,2012,K.pneumoniae-carbapenems,0.0
Ireland,IE,2013,K.pneumoniae-carbapenems,0.31545741
Ireland,IE,2014,K.pneumoniae-carbapenems,0.56657223
Ireland,IE,2015,K.pneumoniae-carbapenems,0.51413881
Ireland,IE,2016,K.pneumoniae-carbapenems,0.66225165
Ireland,IE,2017,K.pneumoniae-carbapenems,0.20920502
Ireland,IE,2018,K.pneumoniae-carbapenems,0.62240663
Ireland,IE,2019,K.pneumoniae-carbapenems,0.9487666
Ireland,IE,2020,K.pneumoniae-carbapenems,0.41928721
Ireland,IE,2021,K.pneumoniae-carbapenems,0.60362173
Ireland,IE,2022,K.pneumoniae-carbapenems,0.64102564
Ireland,IE,2023,K.pneumoniae-carbapenems,0.35523978
Ireland,IE,2024,K.pneumoniae-carbapenems,0.20283975
Italy,IT,2006,K.pneumoniae-carbapenems,1.3114754
Italy,IT,2007,K.pneumoniae-carbapenems,1.11111111
Italy,IT,2008,K.pneumoniae-carbapenems,1.94174757
Italy,IT,2009,K.pneumoniae-carbapenems,1.31578947
Italy,IT,2010,K.pneumoniae-carbapenems,15.18467852
Italy,IT,2011,K.pneumoniae-carbapenems,26.66666666
Italy,IT,2012,K.pneumoniae-carbapenems,29.11242603
Italy,IT,2013,K.pneumoniae-carbapenems,34.34273916
Italy,IT,2014,K.pneumoniae-carbapenems,32.92775665
Italy,IT,2015,K.pneumoniae-carbapenems,33.51675837
Italy,IT,2016,K.pneumoniae-carbapenems,33.94018205
Italy,IT,2017,K.pneumoniae-carbapenems,29.6886864
Italy,IT,2018,K.pneumoniae-carbapenems,26.78445229
Italy,IT,2019,K.pneumoniae-carbapenems,28.47781569
Italy,IT,2020,K.pneumoniae-carbapenems,29.50681297
Italy,IT,2021,K.pneumoniae-carbapenems,27.19534532
Italy,IT,2022,K.pneumoniae-carbapenems,24.89755923
Italy,IT,2023,K.pneumoniae-carbapenems,26.48308188
Italy,IT,2024,K.pneumoniae-carbapenems,23.95901318
Latvia,LV,2006,K.pneumoniae-carbapenems,0.0
Latvia,LV,2007,K.pneumoniae-carbapenems,0.0
Latvia,LV,2008,K.pneumoniae-carbapenems,2.5
Latvia,LV,2009,K.pneumoniae-carbapenems,0.0
Latvia,LV,2010,K.pneumoniae-carbapenems,0.0
Latvia,LV,2011,K.pneumoniae-carbapenems,0.0
Latvia,LV,2012,K.pneumoniae-carbapenems,0.0
Latvia,LV,2013,K.pneumoniae-carbapenems,0.0
Latvia,LV,2014,K.pneumoniae-carbapenems,1.69491525
Latvia,LV,2015,K.pneumoniae-carbapenems,0.0
Latvia,LV,2016,K.pneumoniae-carbapenems,2.22222222
Latvia,LV,2017,K.pneumoniae-carbapenems,1.72413793
Latvia,LV,2018,K.pneumoniae-carbapenems,0.49019607
Latvia,LV,2019,K.pneumoniae-carbapenems,0.0
Latvia,LV,2020,K.pneumoniae-carbapenems,1.05820105
Latvia,LV,2021,K.pneumoniae-carbapenems,1.58102766
Latvia,LV,2022,K.pneumoniae-carbapenems,2.77777777
Latvia,LV,2023,K.pneumoniae-carbapenems,6.32911392
Latvia,LV,2024,K.pneumoniae-carbapenems,9.94318181
Liechtenstein,LI,2023,K.pneumoniae-carbapenems,
Liechtenstein,LI,2024,K.pneumoniae-carbapenems,
Lithuania,LT,2006,K.pneumoniae-carbapenems,0.0
Lithuania,LT,2007,K.pneumoniae-carbapenems,0.0
Lithuania,LT,2008,K.pneumoniae-carbapenems,0.0
Lithuania,LT,2009,K.pneumoniae-carbapenems,0.0
Lithuania,LT,2010,K.pneumoniae-carbapenems,0.0
Lithuania,LT,2011,K.pneumoniae-carbapenems,
Lithuania,LT,2012,K.pneumoniae-carbapenems,0.0
Lithuania,LT,2013,K.pneumoniae-carbapenems,0.0
Lithuania,LT,2014,K.pneumoniae-carbapenems,1.29870129
Lithuania,LT,2015,K.pneumoniae-carbapenems,0.0
Lithuania,LT,2016,K.pneumoniae-carbapenems,0.0
Lithuania,LT,2017,K.pneumoniae-carbapenems,0.61538461
Lithuania,LT,2018,K.pneumoniae-carbapenems,0.26954177
Lithuania,LT,2019,K.pneumoniae-carbapenems,3.42465753
Lithuania,LT,2020,K.pneumoniae-carbapenems,2.905569
Lithuania,LT,2021,K.pneumoniae-carbapenems,0.97847358
Lithuania,LT,2022,K.pneumoniae-carbapenems,0.58027079
Lithuania,LT,2023,K.pneumoniae-carbapenems,3.88170055
Lithuania,LT,2024,K.pneumoniae-carbapenems,9.51724137
Luxembourg,LU,2006,K.pneumoniae-carbapenems,
Luxembourg,LU,2007,K.pneumoniae-carbapenems,
Luxembourg,LU,2008,K.pneumoniae-carbapenems,
Luxembourg,LU,2009,K.pneumoniae-carbapenems,0.0
Luxembourg,LU,2010,K.pneumoniae-carbapenems,0.0
Luxembourg,LU,2011,K.pneumoniae-carbapenems,0.0
Luxembourg,LU,2012,K.pneumoniae-carbapenems,0.0
Luxembourg,LU,2013,K.pneumoniae-carbapenems,1.88679245
Luxembourg,LU,2014,K.pneumoniae-carbapenems,1.51515151
Luxembourg,LU,2015,K.pneumoniae-carbapenems,0.0
Luxembourg,LU,2016,K.pneumoniae-carbapenems,0.0
Luxembourg,LU,2017,K.pneumoniae-carbapenems,0.0
Luxembourg,LU,2018,K.pneumoniae-carbapenems,0.0
Luxembourg,LU,2019,K.pneumoniae-carbapenems,0.97087378
Luxembourg,LU,2020,K.pneumoniae-carbapenems,1.14942528
Luxembourg,LU,2021,K.pneumoniae-carbapenems,0.990099
Luxembourg,LU,2022,K.pneumoniae-carbapenems,1.7094017
Luxembourg,LU,2023,K.pneumoniae-carbapenems,2.38095238
Luxembourg,LU,2024,K.pneumoniae-carbapenems,0.73529411
Malta,MT,2005,K.pneumoniae-carbapenems,
Malta,MT,2006,K.pneumoniae-carbapenems,0.0
Malta,MT,2007,K.pneumoniae-carbapenems,0.0
Malta,MT,2008,K.pneumoniae-carbapenems,0.0
Malta,MT,2009,K.pneumoniae-carbapenems,0.0
Malta,MT,2010,K.pneumoniae-carbapenems,0.0
Malta,MT,2011,K.pneumoniae-carbapenems,3.84615384
Malta,MT,2012,K.pneumoniae-carbapenems,3.57142857
Malta,MT,2013,K.pneumoniae-carbapenems,5.97014925
Malta,MT,2014,K.pneumoniae-carbapenems,9.09090909
Malta,MT,2015,K.pneumoniae-carbapenems,4.54545454
Malta,MT,2016,K.pneumoniae-carbapenems,5.88235294
Malta,MT,2017,K.pneumoniae-carbapenems,10.25641025
Malta,MT,2018,K.pneumoniae-carbapenems,15.44117647
Malta,MT,2019,K.pneumoniae-carbapenems,7.75193798
Malta,MT,2020,K.pneumoniae-carbapenems,7.57575757
Malta,MT,2021,K.pneumoniae-carbapenems,6.66666666
Malta,MT,2022,K.pneumoniae-carbapenems,5.0
Malta,MT,2023,K.pneumoniae-carbapenems,3.40136054
Malta,MT,2024,K.pneumoniae-carbapenems,2.84090909
Netherlands,NL,2005,K.pneumoniae-carbapenems,0.0
Netherlands,NL,2006,K.pneumoniae-carbapenems,0.30395136
Netherlands,NL,2007,K.pneumoniae-carbapenems,0.0
Netherlands,NL,2008,K.pneumoniae-carbapenems,0.0
Netherlands,NL,2009,K.pneumoniae-carbapenems,0.0
Netherlands,NL,2010,K.pneumoniae-carbapenems,0.22421524
Netherlands,NL,2011,K.pneumoniae-carbapenems,0.23014959
Netherlands,NL,2012,K.pneumoniae-carbapenems,0.10570824
Netherlands,NL,2013,K.pneumoniae-carbapenems,0.18957345
Netherlands,NL,2014,K.pneumoniae-carbapenems,0.26714158
Netherlands,NL,2015,K.pneumoniae-carbapenems,0.16708437
Netherlands,NL,2016,K.pneumoniae-carbapenems,0.07593014
Netherlands,NL,2017,K.pneumoniae-carbapenems,0.45112781
Netherlands,NL,2018,K.pneumoniae-carbapenems,0.46052631
Netherlands,NL,2019,K.pneumoniae-carbapenems,0.20935101
Netherlands,NL,2020,K.pneumoniae-carbapenems,0.07163323
Netherlands,NL,2021,K.pneumoniae-carbapenems,0.23622047
Netherlands,NL,2022,K.pneumoniae-carbapenems,0.43352601
Netherlands,NL,2023,K.pneumoniae-carbapenems,0.4045853
Netherlands,NL,2024,K.pneumoniae-carbapenems,0.77151335
Norway,NO,2005,K.pneumoniae-carbapenems,0.62111801
Norway,NO,2006,K.pneumoniae-carbapenems,0.45248868
Norway,NO,2007,K.pneumoniae-carbapenems,0.0
Norway,NO,2008,K.pneumoniae-carbapenems,0.67340067
Norway,NO,2009,K.pneumoniae-carbapenems,0.0
Norway,NO,2010,K.pneumoniae-carbapenems,0.0
Norway,NO,2011,K.pneumoniae-carbapenems,0.0
Norway,NO,2012,K.pneumoniae-carbapenems,0.48154093
Norway,NO,2013,K.pneumoniae-carbapenems,0.15503875
Norway,NO,2014,K.pneumoniae-carbapenems,0.0
Norway,NO,2015,K.pneumoniae-carbapenems,0.14285714
Norway,NO,2016,K.pneumoniae-carbapenems,0.0
Norway,NO,2017,K.pneumoniae-carbapenems,0.0
Norway,NO,2018,K.pneumoniae-carbapenems,0.13586956
Norway,NO,2019,K.pneumoniae-carbapenems,0.24213075
Norway,NO,2020,K.pneumoniae-carbapenems,0.1455604
Norway,NO,2021,K.pneumoniae-carbapenems,0.25542784
Norway,NO,2022,K.pneumoniae-carbapenems,0.26007802
Norway,NO,2023,K.pneumoniae-carbapenems,0.50825921
Norway,NO,2024,K.pneumoniae-carbapenems,0.77605321
Poland,PL,2005,K.pneumoniae-carbapenems,0.0
Poland,PL,2006,K.pneumoniae-carbapenems,
Poland,PL,2007,K.pneumoniae-carbapenems,
Poland,PL,2008,K.pneumoniae-carbapenems,
Poland,PL,2009,K.pneumoniae-carbapenems,0.71942446
Poland,PL,2010,K.pneumoniae-carbapenems,0.0
Poland,PL,2011,K.pneumoniae-carbapenems,0.53191489
Poland,PL,2012,K.pneumoniae-carbapenems,0.83565459
Poland,PL,2013,K.pneumoniae-carbapenems,0.81081081
Poland,PL,2014,K.pneumoniae-carbapenems,1.33037694
Poland,PL,2015,K.pneumoniae-carbapenems,0.45454545
Poland,PL,2016,K.pneumoniae-carbapenems,2.13713268
Poland,PL,2017,K.pneumoniae-carbapenems,6.37381567
Poland,PL,2018,K.pneumoniae-carbapenems,8.11496196
Poland,PL,2019,K.pneumoniae-carbapenems,7.7056277
Poland,PL,2020,K.pneumoniae-carbapenems,8.19366852
Poland,PL,2021,K.pneumoniae-carbapenems,19.52414275
Poland,PL,2022,K.pneumoniae-carbapenems,16.81681681
Poland,PL,2023,K.pneumoniae-carbapenems,18.12977099
Poland,PL,2024,K.pneumoniae-carbapenems,18.85
Portugal,PT,2007,K.pneumoniae-carbapenems,0.0
Portugal,PT,2008,K.pneumoniae-carbapenems,0.72463768
Portugal,PT,2009,K.pneumoniae-carbapenems,0.82474226
Portugal,PT,2010,K.pneumoniae-carbapenems,1.3544018
Portugal,PT,2011,K.pneumoniae-carbapenems,0.34482758
Portugal,PT,2012,K.pneumoniae-carbapenems,0.66755674
Portugal,PT,2013,K.pneumoniae-carbapenems,1.7699115
Portugal,PT,2014,K.pneumoniae-carbapenems,1.76366843
Portugal,PT,2015,K.pneumoniae-carbapenems,3.35731414
Portugal,PT,2016,K.pneumoniae-carbapenems,5.17094017
Portugal,PT,2017,K.pneumoniae-carbapenems,8.63970588
Portugal,PT,2018,K.pneumoniae-carbapenems,11.70503316
Portugal,PT,2019,K.pneumoniae-carbapenems,10.85501858
Portugal,PT,2020,K.pneumoniae-carbapenems,11.58273381
Portugal,PT,2021,K.pneumoniae-carbapenems,11.58730158
Portugal,PT,2022,K.pneumoniae-carbapenems,10.28960817
Portugal,PT,2023,K.pneumoniae-carbapenems,13.10975609
Portugal,PT,2024,K.pneumoniae-carbapenems,12.52490748
Romania,RO,2005,K.pneumoniae-carbapenems,
Romania,RO,2006,K.pneumoniae-carbapenems,0.0
Romania,RO,2007,K.pneumoniae-carbapenems,0.0
Romania,RO,2008,K.pneumoniae-carbapenems,
Romania,RO,2009,K.pneumoniae-carbapenems,
Romania,RO,2010,K.pneumoniae-carbapenems,
Romania,RO,2011,K.pneumoniae-carbapenems,
Romania,RO,2012,K.pneumoniae-carbapenems,13.72549019
Romania,RO,2013,K.pneumoniae-carbapenems,20.46511627
Romania,RO,2014,K.pneumoniae-carbapenems,31.51750972
Romania,RO,2015,K.pneumoniae-carbapenems,24.72324723
Romania,RO,2016,K.pneumoniae-carbapenems,31.43712574
Romania,RO,2017,K.pneumoniae-carbapenems,22.45508982
Romania,RO,2018,K.pneumoniae-carbapenems,29.47845804
Romania,RO,2019,K.pneumoniae-carbapenems,32.34042553
Romania,RO,2020,K.pneumoniae-carbapenems,48.31223628
Romania,RO,2021,K.pneumoniae-carbapenems,54.46096654
Romania,RO,2022,K.pneumoniae-carbapenems,47.84688995
Romania,RO,2023,K.pneumoniae-carbapenems,52.76595744
Romania,RO,2024,K.pneumoniae-carbapenems,50.25951557
Slovakia,SK,2011,K.pneumoniae-carbapenems,0.69124423
Slovakia,SK,2012,K.pneumoniae-carbapenems,6.34441087
Slovakia,SK,2013,K.pneumoniae-carbapenems,0.58479532
Slovakia,SK,2014,K.pneumoniae-carbapenems,2.63157894
Slovakia,SK,2015,K.pneumoniae-carbapenems,0.91743119
Slovakia,SK,2016,K.pneumoniae-carbapenems,2.52873563
Slovakia,SK,2017,K.pneumoniae-carbapenems,4.44444444
Slovakia,SK,2018,K.pneumoniae-carbapenems,3.48360655
Slovakia,SK,2019,K.pneumoniae-carbapenems,4.55840455
Slovakia,SK,2020,K.pneumoniae-carbapenems,8.1632653
Slovakia,SK,2021,K.pneumoniae-carbapenems,11.65048543
Slovakia,SK,2022,K.pneumoniae-carbapenems,15.03957783
Slovakia,SK,2023,K.pneumoniae-carbapenems,12.58064516
Slovakia,SK,2024,K.pneumoniae-carbapenems,13.12335958
Slovenia,SI,2005,K.pneumoniae-carbapenems,0.0
Slovenia,SI,2006,K.pneumoniae-carbapenems,0.0
Slovenia,SI,2007,K.pneumoniae-carbapenems,0.0
Slovenia,SI,2008,K.pneumoniae-carbapenems,0.0
Slovenia,SI,2009,K.pneumoniae-carbapenems,0.52910052
Slovenia,SI,2010,K.pneumoniae-carbapenems,0.51282051
Slovenia,SI,2011,K.pneumoniae-carbapenems,0.0
Slovenia,SI,2012,K.pneumoniae-carbapenems,0.39370078
Slovenia,SI,2013,K.pneumoniae-carbapenems,0.40816326
Slovenia,SI,2014,K.pneumoniae-carbapenems,0.85836909
Slovenia,SI,2015,K.pneumoniae-carbapenems,1.26582278
Slovenia,SI,2016,K.pneumoniae-carbapenems,0.0
Slovenia,SI,2017,K.pneumoniae-carbapenems,0.0
Slovenia,SI,2018,K.pneumoniae-carbapenems,0.69204152
Slovenia,SI,2019,K.pneumoniae-carbapenems,0.330033
Slovenia,SI,2020,K.pneumoniae-carbapenems,0.0
Slovenia,SI,2021,K.pneumoniae-carbapenems,0.85470085
Slovenia,SI,2022,K.pneumoniae-carbapenems,1.88172043
Slovenia,SI,2023,K.pneumoniae-carbapenems,3.83480825
Slovenia,SI,2024,K.pneumoniae-carbapenems,3.69318181
Spain,ES,2005,K.pneumoniae-carbapenems,0.0
Spain,ES,2006,K.pneumoniae-carbapenems,0.0
Spain,ES,2007,K.pneumoniae-carbapenems,0.0
Spain,ES,2008,K.pneumoniae-carbapenems,0.0
Spain,ES,2009,K.pneumoniae-carbapenems,0.17391304
Spain,ES,2010,K.pneumoniae-carbapenems,0.0
Spain,ES,2011,K.pneumoniae-carbapenems,0.34965034
Spain,ES,2012,K.pneumoniae-carbapenems,0.78125
Spain,ES,2013,K.pneumoniae-carbapenems,1.61160354
Spain,ES,2014,K.pneumoniae-carbapenems,2.2906793
Spain,ES,2015,K.pneumoniae-carbapenems,2.15778826
Spain,ES,2016,K.pneumoniae-carbapenems,2.08706022
Spain,ES,2017,K.pneumoniae-carbapenems,2.78145695
Spain,ES,2018,K.pneumoniae-carbapenems,3.8095238
Spain,ES,2019,K.pneumoniae-carbapenems,4.79566305
Spain,ES,2020,K.pneumoniae-carbapenems,4.66786355
Spain,ES,2021,K.pneumoniae-carbapenems,5.73903627
Spain,ES,2022,K.pneumoniae-carbapenems,5.24511484
Spain,ES,2023,K.pneumoniae-carbapenems,4.29570429
Spain,ES,2024,K.pneumoniae-carbapenems,5.34302877
Sweden,SE,2005,K.pneumoniae-carbapenems,
Sweden,SE,2006,K.pneumoniae-carbapenems,
Sweden,SE,2007,K.pneumoniae-carbapenems,0.0
Sweden,SE,2008,K.pneumoniae-carbapenems,0.0
Sweden,SE,2009,K.pneumoniae-carbapenems,
Sweden,SE,2010,K.pneumoniae-carbapenems,0.28248587
Sweden,SE,2011,K.pneumoniae-carbapenems,0.0
Sweden,SE,2012,K.pneumoniae-carbapenems,0.10235414
Sweden,SE,2013,K.pneumoniae-carbapenems,0.0
Sweden,SE,2014,K.pneumoniae-carbapenems,0.0
Sweden,SE,2015,K.pneumoniae-carbapenems,0.0
Sweden,SE,2016,K.pneumoniae-carbapenems,0.13063357
Sweden,SE,2017,K.pneumoniae-carbapenems,0.09680542
Sweden,SE,2018,K.pneumoniae-carbapenems,0.18382352
Sweden,SE,2019,K.pneumoniae-carbapenems,0.11154489
Sweden,SE,2020,K.pneumoniae-carbapenems,0.27129679
Sweden,SE,2021,K.pneumoniae-carbapenems,0.15022533
Sweden,SE,2022,K.pneumoniae-carbapenems,0.18501387
Sweden,SE,2023,K.pneumoniae-carbapenems,0.50831792
Sweden,SE,2024,K.pneumoniae-carbapenems,0.5235602
United Kingdom,UK,2005,K.pneumoniae-carbapenems,0.0
United Kingdom,UK,2006,K.pneumoniae-carbapenems,0.34965034
United Kingdom,UK,2007,K.pneumoniae-carbapenems,0.33112582
United Kingdom,UK,2008,K.pneumoniae-carbapenems,1.23966942
United Kingdom,UK,2009,K.pneumoniae-carbapenems,0.16920473
United Kingdom,UK,2010,K.pneumoniae-carbapenems,0.14771048
United Kingdom,UK,2011,K.pneumoniae-carbapenems,0.36363636
United Kingdom,UK,2012,K.pneumoniae-carbapenems,0.45045045
United Kingdom,UK,2013,K.pneumoniae-carbapenems,0.47573739
United Kingdom,UK,2014,K.pneumoniae-carbapenems,0.84190832
United Kingdom,UK,2015,K.pneumoniae-carbapenems,0.41580041
United Kingdom,UK,2016,K.pneumoniae-carbapenems,0.27040314
United Kingdom,UK,2017,K.pneumoniae-carbapenems,0.58778915
United Kingdom,UK,2018,K.pneumoniae-carbapenems,0.69742489
United Kingdom,UK,2019,K.pneumoniae-carbapenems,0.6635071
Austria,AT,2000,S.aureus-MRSA,17.80104712
Austria,AT,2001,S.aureus-MRSA,7.55395683
Austria,AT,2002,S.aureus-MRSA,12.08791208
Austria,AT,2003,S.aureus-MRSA,15.38461538
Austria,AT,2004,S.aureus-MRSA,14.36619718
Austria,AT,2005,S.aureus-MRSA,13.6548913
Austria,AT,2006,S.aureus-MRSA,9.65180207
Austria,AT,2007,S.aureus-MRSA,12.70791749
Austria,AT,2008,S.aureus-MRSA,8.71172122
Austria,AT,2009,S.aureus-MRSA,6.21046578
Austria,AT,2010,S.aureus-MRSA,7.44622173
Austria,AT,2011,S.aureus-MRSA,7.22278738
Austria,AT,2012,S.aureus-MRSA,8.04066543
Austria,AT,2013,S.aureus-MRSA,9.11602209
Austria,AT,2014,S.aureus-MRSA,7.73293096
Austria,AT,2015,S.aureus-MRSA,7.43267504
Austria,AT,2016,S.aureus-MRSA,7.20602685
Austria,AT,2017,S.aureus-MRSA,5.92146928
Austria,AT,2018,S.aureus-MRSA,6.3804052
Austria,AT,2019,S.aureus-MRSA,5.20613903
Austria,AT,2020,S.aureus-MRSA,4.39676398
Austria,AT,2021,S.aureus-MRSA,3.10224754
Austria,AT,2022,S.aureus-MRSA,3.92535392
Austria,AT,2023,S.aureus-MRSA,4.48892932
Austria,AT,2024,S.aureus-MRSA,5.34665099
Belgium,BE,2000,S.aureus-MRSA,20.8523592
Belgium,BE,2001,S.aureus-MRSA,22.52922422
Belgium,BE,2002,S.aureus-MRSA,28.29670329
Belgium,BE,2003,S.aureus-MRSA,29.4792586
Belgium,BE,2004,S.aureus-MRSA,33.25183374
Belgium,BE,2005,S.aureus-MRSA,31.39312977
Belgium,BE,2006,S.aureus-MRSA,21.91142191
Belgium,BE,2007,S.aureus-MRSA,23.2748538
Belgium,BE,2008,S.aureus-MRSA,20.6401766
Belgium,BE,2009,S.aureus-MRSA,21.07481559
Belgium,BE,2010,S.aureus-MRSA,20.52980132
Belgium,BE,2011,S.aureus-MRSA,17.43119266
Belgium,BE,2012,S.aureus-MRSA,16.58163265
Belgium,BE,2013,S.aureus-MRSA,16.87344913
Belgium,BE,2014,S.aureus-MRSA,13.46153846
Belgium,BE,2015,S.aureus-MRSA,12.26725082
Belgium,BE,2016,S.aureus-MRSA,12.17008797
Belgium,BE,2017,S.aureus-MRSA,8.53739245
Belgium,BE,2018,S.aureus-MRSA,9.04899135
Belgium,BE,2019,S.aureus-MRSA,6.67808219
Belgium,BE,2020,S.aureus-MRSA,6.94158075
Belgium,BE,2021,S.aureus-MRSA,4.08921933
Belgium,BE,2022,S.aureus-MRSA,4.15549597
Belgium,BE,2023,S.aureus-MRSA,6.0
Belgium,BE,2024,S.aureus-MRSA,7.43889479
Bulgaria,BG,2000,S.aureus-MRSA,40.19607843
Bulgaria,BG,2001,S.aureus-MRSA,27.18446601
Bulgaria,BG,2002,S.aureus-MRSA,32.75862068
Bulgaria,BG,2003,S.aureus-MRSA,31.21019108
Bulgaria,BG,2004,S.aureus-MRSA,23.52941176
Bulgaria,BG,2005,S.aureus-MRSA,30.0
Bulgaria,BG,2006,S.aureus-MRSA,28.30188679
Bulgaria,BG,2007,S.aureus-MRSA,13.22314049
Bulgaria,BG,2008,S.aureus-MRSA,25.0
Bulgaria,BG,2009,S.aureus-MRSA,15.83710407
Bulgaria,BG,2010,S.aureus-MRSA,19.0
Bulgaria,BG,2011,S.aureus-MRSA,22.42990654
Bulgaria,BG,2012,S.aureus-MRSA,19.82378854
Bulgaria,BG,2013,S.aureus-MRSA,19.1588785
Bulgaria,BG,2014,S.aureus-MRSA,20.83333333
Bulgaria,BG,2015,S.aureus-MRSA,13.06306306
Bulgaria,BG,2016,S.aureus-MRSA,14.28571428
Bulgaria,BG,2017,S.aureus-MRSA,13.65638766
Bulgaria,BG,2018,S.aureus-MRSA,17.57188498
Bulgaria,BG,2019,S.aureus-MRSA,14.81481481
Bulgaria,BG,2020,S.aureus-MRSA,11.81818181
Bulgaria,BG,2021,S.aureus-MRSA,15.16587677
Bulgaria,BG,2022,S.aureus-MRSA,12.01716738
Bulgaria,BG,2023,S.aureus-MRSA,15.86206896
Bulgaria,BG,2024,S.aureus-MRSA,10.9375
Croatia,HR,2001,S.aureus-MRSA,31.54362416
Croatia,HR,2002,S.aureus-MRSA,36.91756272
Croatia,HR,2003,S.aureus-MRSA,36.94444444
Croatia,HR,2004,S.aureus-MRSA,37.5
Croatia,HR,2005,S.aureus-MRSA,36.72316384
Croatia,HR,2006,S.aureus-MRSA,36.31713554
Croatia,HR,2007,S.aureus-MRSA,37.6
Croatia,HR,2008,S.aureus-MRSA,35.23206751
Croatia,HR,2010,S.aureus-MRSA,26.05042016
Croatia,HR,2011,S.aureus-MRSA,27.71084337
Croatia,HR,2012,S.aureus-MRSA,21.33995037
Croatia,HR,2013,S.aureus-MRSA,24.03846153
Croatia,HR,2014,S.aureus-MRSA,21.28099173
Croatia,HR,2015,S.aureus-MRSA,24.4855967
Croatia,HR,2016,S.aureus-MRSA,25.32751091
Croatia,HR,2017,S.aureus-MRSA,28.46153846
Croatia,HR,2018,S.aureus-MRSA,26.41921397
Croatia,HR,2019,S.aureus-MRSA,24.86033519
Croatia,HR,2020,S.aureus-MRSA,29.24528301
Croatia,HR,2021,S.aureus-MRSA,34.83333333
Croatia,HR,2022,S.aureus-MRSA,31.09656301
Croatia,HR,2023,S.aureus-MRSA,30.0546448
Croatia,HR,2024,S.aureus-MRSA,29.81260647
Cyprus,CY,2003,S.aureus-MRSA,64.28571428
Cyprus,CY,2004,S.aureus-MRSA,48.71794871
Cyprus,CY,2005,S.aureus-MRSA,55.55555555
Cyprus,CY,2006,S.aureus-MRSA,33.87096774
Cyprus,CY,2007,S.aureus-MRSA,48.23529411
Cyprus,CY,2008,S.aureus-MRSA,45.65217391
Cyprus,CY,2009,S.aureus-MRSA,40.4494382
Cyprus,CY,2010,S.aureus-MRSA,32.32323232
Cyprus,CY,2011,S.aureus-MRSA,41.59292035
Cyprus,CY,2012,S.aureus-MRSA,35.15151515
Cyprus,CY,2013,S.aureus-MRSA,32.48407643
Cyprus,CY,2014,S.aureus-MRSA,36.02941176
Cyprus,CY,2015,S.aureus-MRSA,43.35664335
Cyprus,CY,2016,S.aureus-MRSA,38.84892086
Cyprus,CY,2017,S.aureus-MRSA,31.2
Cyprus,CY,2018,S.aureus-MRSA,40.17094017
Cyprus,CY,2019,S.aureus-MRSA,36.20689655
Cyprus,CY,2020,S.aureus-MRSA,49.05660377
Cyprus,CY,2021,S.aureus-MRSA,42.9378531
Cyprus,CY,2022,S.aureus-MRSA,50.76923076
Cyprus,CY,2023,S.aureus-MRSA,51.09170305
Cyprus,CY,2024,S.aureus-MRSA,45.9574468
Czechia,CZ,2000,S.aureus-MRSA,4.27184466
Czechia,CZ,2001,S.aureus-MRSA,5.86046511
Czechia,CZ,2002,S.aureus-MRSA,5.90753424
Czechia,CZ,2003,S.aureus-MRSA,6.12833453
Czechia,CZ,2004,S.aureus-MRSA,8.51800554
Czechia,CZ,2005,S.aureus-MRSA,12.87830006
Czechia,CZ,2006,S.aureus-MRSA,12.31172233
Czechia,CZ,2007,S.aureus-MRSA,12.88566243
Czechia,CZ,2008,S.aureus-MRSA,14.1690962
Czechia,CZ,2009,S.aureus-MRSA,14.39528023
Czechia,CZ,2010,S.aureus-MRSA,13.49654739
Czechia,CZ,2011,S.aureus-MRSA,14.53376205
Czechia,CZ,2012,S.aureus-MRSA,13.15952824
Czechia,CZ,2013,S.aureus-MRSA,13.41534856
Czechia,CZ,2014,S.aureus-MRSA,13.15634218
Czechia,CZ,2015,S.aureus-MRSA,13.34440753
Czechia,CZ,2016,S.aureus-MRSA,13.72549019
Czechia,CZ,2017,S.aureus-MRSA,14.0946502
Czechia,CZ,2018,S.aureus-MRSA,13.6870263
Czechia,CZ,2019,S.aureus-MRSA,12.52371916
Czechia,CZ,2020,S.aureus-MRSA,9.33460986
Czechia,CZ,2021,S.aureus-MRSA,9.43396226
Czechia,CZ,2022,S.aureus-MRSA,7.48862225
Czechia,CZ,2023,S.aureus-MRSA,9.59201388
Czechia,CZ,2024,S.aureus-MRSA,9.25684485
Denmark,DK,2000,S.aureus-MRSA,0.19960079
Denmark,DK,2001,S.aureus-MRSA,0.76923076
Denmark,DK,2002,S.aureus-MRSA,0.93085106
Denmark,DK,2003,S.aureus-MRSA,0.59612518
Denmark,DK,2004,S.aureus-MRSA,1.25348189
Denmark,DK,2005,S.aureus-MRSA,1.55555555
Denmark,DK,2006,S.aureus-MRSA,1.72009382
Denmark,DK,2007,S.aureus-MRSA,0.8365019
Denmark,DK,2008,S.aureus-MRSA,2.54826254
Denmark,DK,2009,S.aureus-MRSA,2.07885304
Denmark,DK,2010,S.aureus-MRSA,1.3215859
Denmark,DK,2011,S.aureus-MRSA,1.30853994
Denmark,DK,2012,S.aureus-MRSA,1.32774283
Denmark,DK,2013,S.aureus-MRSA,1.72106824
Denmark,DK,2014,S.aureus-MRSA,2.45464247
Denmark,DK,2015,S.aureus-MRSA,1.54584221
Denmark,DK,2016,S.aureus-MRSA,1.98675496
Denmark,DK,2017,S.aureus-MRSA,2.50501002
Denmark,DK,2018,S.aureus-MRSA,1.65061898
Denmark,DK,2019,S.aureus-MRSA,2.20994475
Denmark,DK,2020,S.aureus-MRSA,1.71548117
Denmark,DK,2021,S.aureus-MRSA,1.80746561
Denmark,DK,2022,S.aureus-MRSA,1.85089974
Denmark,DK,2023,S.aureus-MRSA,1.4973262
Denmark,DK,2024,S.aureus-MRSA,1.87180941
Estonia,EE,2001,S.aureus-MRSA,5.06329113
Estonia,EE,2002,S.aureus-MRSA,1.21951219
Estonia,EE,2003,S.aureus-MRSA,4.08163265
Estonia,EE,2004,S.aureus-MRSA,4.8076923
Estonia,EE,2005,S.aureus-MRSA,2.12765957
Estonia,EE,2006,S.aureus-MRSA,3.24675324
Estonia,EE,2007,S.aureus-MRSA,8.25242718
Estonia,EE,2008,S.aureus-MRSA,4.32432432
Estonia,EE,2009,S.aureus-MRSA,3.28638497
Estonia,EE,2010,S.aureus-MRSA,0.68965517
Estonia,EE,2011,S.aureus-MRSA,1.72413793
Estonia,EE,2012,S.aureus-MRSA,7.69230769
Estonia,EE,2013,S.aureus-MRSA,3.52941176
Estonia,EE,2014,S.aureus-MRSA,3.13901345
Estonia,EE,2015,S.aureus-MRSA,3.97350993
Estonia,EE,2016,S.aureus-MRSA,3.50318471
Estonia,EE,2017,S.aureus-MRSA,2.06896551
Estonia,EE,2018,S.aureus-MRSA,3.34261838
Estonia,EE,2019,S.aureus-MRSA,3.00546448
Estonia,EE,2020,S.aureus-MRSA,2.9972752
Estonia,EE,2021,S.aureus-MRSA,1.50753768
Estonia,EE,2022,S.aureus-MRSA,2.21130221
Estonia,EE,2023,S.aureus-MRSA,2.06422018
Estonia,EE,2024,S.aureus-MRSA,3.39366515
Finland,FI,2000,S.aureus-MRSA,1.36239782
Finland,FI,2001,S.aureus-MRSA,0.8250825
Finland,FI,2002,S.aureus-MRSA,0.83217753
Finland,FI,2003,S.aureus-MRSA,1.37551581
Finland,FI,2004,S.aureus-MRSA,3.06122448
Finland,FI,2005,S.aureus-MRSA,2.9113924
Finland,FI,2006,S.aureus-MRSA,3.25112107
Finland,FI,2007,S.aureus-MRSA,1.59705159
Finland,FI,2008,S.aureus-MRSA,2.92524377
Finland,FI,2009,S.aureus-MRSA,2.45398773
Finland,FI,2010,S.aureus-MRSA,2.28519195
Finland,FI,2011,S.aureus-MRSA,3.63912054
Finland,FI,2012,S.aureus-MRSA,2.27111426
Finland,FI,2013,S.aureus-MRSA,2.08860759
Finland,FI,2014,S.aureus-MRSA,3.00382304
Finland,FI,2015,S.aureus-MRSA,2.07729468
Finland,FI,2016,S.aureus-MRSA,2.32804232
Finland,FI,2017,S.aureus-MRSA,2.09102091
Finland,FI,2018,S.aureus-MRSA,2.09026128
Finland,FI,2019,S.aureus-MRSA,2.26445612
Finland,FI,2020,S.aureus-MRSA,2.60511882
Finland,FI,2021,S.aureus-MRSA,2.60008254
Finland,FI,2022,S.aureus-MRSA,2.27460711
Finland,FI,2023,S.aureus-MRSA,2.85306704
Finland,FI,2024,S.aureus-MRSA,3.70531822
France,FR,2001,S.aureus-MRSA,33.3722287
France,FR,2002,S.aureus-MRSA,32.95249549
France,FR,2003,S.aureus-MRSA,28.8056206
France,FR,2004,S.aureus-MRSA,28.59276964
France,FR,2005,S.aureus-MRSA,27.24662647
France,FR,2006,S.aureus-MRSA,26.7417496
France,FR,2007,S.aureus-MRSA,25.78823529
France,FR,2008,S.aureus-MRSA,24.49725776
France,FR,2009,S.aureus-MRSA,22.75423728
France,FR,2010,S.aureus-MRSA,21.58880428
France,FR,2011,S.aureus-MRSA,20.12298558
France,FR,2012,S.aureus-MRSA,19.18515684
France,FR,2013,S.aureus-MRSA,17.0686798
France,FR,2014,S.aureus-MRSA,17.3778264
France,FR,2015,S.aureus-MRSA,15.71815718
France,FR,2016,S.aureus-MRSA,13.76837576
France,FR,2017,S.aureus-MRSA,12.9171817
France,FR,2018,S.aureus-MRSA,12.11067651
France,FR,2019,S.aureus-MRSA,11.62826658
France,FR,2020,S.aureus-MRSA,12.0691257
France,FR,2021,S.aureus-MRSA,11.00034674
France,FR,2022,S.aureus-MRSA,10.43470079
France,FR,2024,S.aureus-MRSA,9.90878938
Germany,DE,2000,S.aureus-MRSA,12.47191011
Germany,DE,2001,S.aureus-MRSA,15.6557377
Germany,DE,2002,S.aureus-MRSA,18.48030018
Germany,DE,2003,S.aureus-MRSA,18.28073993
Germany,DE,2004,S.aureus-MRSA,19.52983725
Germany,DE,2005,S.aureus-MRSA,21.42857142
Germany,DE,2006,S.aureus-MRSA,19.97487437
Germany,DE,2007,S.aureus-MRSA,16.2954279
Germany,DE,2008,S.aureus-MRSA,19.37557392
Germany,DE,2009,S.aureus-MRSA,18.35543766
Germany,DE,2010,S.aureus-MRSA,20.95959595
Germany,DE,2011,S.aureus-MRSA,16.1641541
Germany,DE,2012,S.aureus-MRSA,15.37261022
Germany,DE,2013,S.aureus-MRSA,13.23529411
Germany,DE,2014,S.aureus-MRSA,12.90527654
Germany,DE,2015,S.aureus-MRSA,11.53386454
Germany,DE,2016,S.aureus-MRSA,10.16622744
Germany,DE,2017,S.aureus-MRSA,9.07221206
Germany,DE,2018,S.aureus-MRSA,7.65229065
Germany,DE,2019,S.aureus-MRSA,6.68619246
Germany,DE,2020,S.aureus-MRSA,5.54515838
Germany,DE,2021,S.aureus-MRSA,4.86199037
Germany,DE,2022,S.aureus-MRSA,3.98454862
Germany,DE,2023,S.aureus-MRSA,4.40782914
Germany,DE,2024,S.aureus-MRSA,4.24080043
Greece,EL,2000,S.aureus-MRSA,49.72677595
Greece,EL,2001,S.aureus-MRSA,39.88919667
Greece,EL,2002,S.aureus-MRSA,44.02173913
Greece,EL,2003,S.aureus-MRSA,45.19519519
Greece,EL,2004,S.aureus-MRSA,44.33497536
Greece,EL,2005,S.aureus-MRSA,41.99706314
Greece,EL,2006,S.aureus-MRSA,42.6150121
Greece,EL,2007,S.aureus-MRSA,48.01488833
Greece,EL,2008,S.aureus-MRSA,40.62863795
Greece,EL,2009,S.aureus-MRSA,40.36144578
Greece,EL,2010,S.aureus-MRSA,39.21568627
Greece,EL,2011,S.aureus-MRSA,39.15816326
Greece,EL,2012,S.aureus-MRSA,40.98173515
Greece,EL,2013,S.aureus-MRSA,40.29062087
Greece,EL,2014,S.aureus-MRSA,37.05035971
Greece,EL,2015,S.aureus-MRSA,39.37908496
Greece,EL,2016,S.aureus-MRSA,38.81064162
Greece,EL,2017,S.aureus-MRSA,38.44282238
Greece,EL,2018,S.aureus-MRSA,36.37387387
Greece,EL,2019,S.aureus-MRSA,37.64705882
Greece,EL,2020,S.aureus-MRSA,40.17857142
Greece,EL,2021,S.aureus-MRSA,41.85248713
Greece,EL,2022,S.aureus-MRSA,38.99782135
Greece,EL,2023,S.aureus-MRSA,41.23434704
Greece,EL,2024,S.aureus-MRSA,40.5377456
Hungary,HU,2001,S.aureus-MRSA,4.65116279
Hungary,HU,2002,S.aureus-MRSA,8.95883777
Hungary,HU,2003,S.aureus-MRSA,14.91841491
Hungary,HU,2004,S.aureus-MRSA,16.66666666
Hungary,HU,2005,S.aureus-MRSA,19.85226223
Hungary,HU,2006,S.aureus-MRSA,25.11091393
Hungary,HU,2007,S.aureus-MRSA,23.26939115
Hungary,HU,2008,S.aureus-MRSA,22.52328535
Hungary,HU,2009,S.aureus-MRSA,29.02621722
Hungary,HU,2010,S.aureus-MRSA,30.22875816
Hungary,HU,2011,S.aureus-MRSA,26.21107266
Hungary,HU,2012,S.aureus-MRSA,24.84689413
Hungary,HU,2013,S.aureus-MRSA,24.0
Hungary,HU,2014,S.aureus-MRSA,23.06489444
Hungary,HU,2015,S.aureus-MRSA,24.65392221
Hungary,HU,2016,S.aureus-MRSA,25.17985611
Hungary,HU,2017,S.aureus-MRSA,23.62707535
Hungary,HU,2018,S.aureus-MRSA,23.12608948
Hungary,HU,2019,S.aureus-MRSA,19.37367303
Hungary,HU,2020,S.aureus-MRSA,20.95175148
Hungary,HU,2021,S.aureus-MRSA,19.28783382
Hungary,HU,2022,S.aureus-MRSA,20.89768339
Hungary,HU,2023,S.aureus-MRSA,20.6607495
Hungary,HU,2024,S.aureus-MRSA,17.28675136
Iceland,IS,2000,S.aureus-MRSA,2.5
Iceland,IS,2001,S.aureus-MRSA,0.0
Iceland,IS,2002,S.aureus-MRSA,0.0
Iceland,IS,2003,S.aureus-MRSA,0.0
Iceland,IS,2004,S.aureus-MRSA,0.0
Iceland,IS,2005,S.aureus-MRSA,0.0
Iceland,IS,2006,S.aureus-MRSA,0.0
Iceland,IS,2007,S.aureus-MRSA,0.0
Iceland,IS,2008,S.aureus-MRSA,1.58730158
Iceland,IS,2009,S.aureus-MRSA,0.0
Iceland,IS,2010,S.aureus-MRSA,1.53846153
Iceland,IS,2011,S.aureus-MRSA,2.8169014
Iceland,IS,2012,S.aureus-MRSA,1.72413793
Iceland,IS,2013,S.aureus-MRSA,0.0
Iceland,IS,2014,S.aureus-MRSA,3.27868852
Iceland,IS,2015,S.aureus-MRSA,0.0
Iceland,IS,2016,S.aureus-MRSA,1.31578947
Iceland,IS,2017,S.aureus-MRSA,1.44927536
Iceland,IS,2018,S.aureus-MRSA,0.0
Iceland,IS,2019,S.aureus-MRSA,5.78512396
Iceland,IS,2020,S.aureus-MRSA,5.17241379
Iceland,IS,2021,S.aureus-MRSA,1.05263157
Iceland,IS,2022,S.aureus-MRSA,2.77777777
Iceland,IS,2023,S.aureus-MRSA,6.20155038
Iceland,IS,2024,S.aureus-MRSA,5.59440559
Ireland,IE,2000,S.aureus-MRSA,37.96477495
Ireland,IE,2001,S.aureus-MRSA,42.61275272
Ireland,IE,2002,S.aureus-MRSA,42.48496993
Ireland,IE,2003,S.aureus-MRSA,42.23826714
Ireland,IE,2004,S.aureus-MRSA,41.44634525
Ireland,IE,2005,S.aureus-MRSA,41.76470588
Ireland,IE,2006,S.aureus-MRSA,42.31625835
Ireland,IE,2007,S.aureus-MRSA,38.06306306
Ireland,IE,2008,S.aureus-MRSA,33.09178743
Ireland,IE,2009,S.aureus-MRSA,26.80412371
Ireland,IE,2010,S.aureus-MRSA,23.86081193
Ireland,IE,2011,S.aureus-MRSA,23.74645222
Ireland,IE,2012,S.aureus-MRSA,22.63969171
Ireland,IE,2013,S.aureus-MRSA,19.9251637
Ireland,IE,2014,S.aureus-MRSA,19.44186046
Ireland,IE,2015,S.aureus-MRSA,18.07000946
Ireland,IE,2016,S.aureus-MRSA,14.34820647
Ireland,IE,2017,S.aureus-MRSA,16.31578947
Ireland,IE,2018,S.aureus-MRSA,12.37373737
Ireland,IE,2019,S.aureus-MRSA,12.56544502
Ireland,IE,2020,S.aureus-MRSA,11.62109375
Ireland,IE,2021,S.aureus-MRSA,10.63478977
Ireland,IE,2022,S.aureus-MRSA,10.44142614
Ireland,IE,2023,S.aureus-MRSA,9.66183574
Ireland,IE,2024,S.aureus-MRSA,11.03773584
Italy,IT,2000,S.aureus-MRSA,44.25531914
Italy,IT,2001,S.aureus-MRSA,41.00119189
Italy,IT,2002,S.aureus-MRSA,38.19806403
Italy,IT,2003,S.aureus-MRSA,39.38566552
Italy,IT,2004,S.aureus-MRSA,39.78671041
Italy,IT,2005,S.aureus-MRSA,37.10691823
Italy,IT,2006,S.aureus-MRSA,38.49637681
Italy,IT,2007,S.aureus-MRSA,33.71104815
Italy,IT,2008,S.aureus-MRSA,33.65591397
Italy,IT,2009,S.aureus-MRSA,37.42331288
Italy,IT,2010,S.aureus-MRSA,36.5232163
Italy,IT,2011,S.aureus-MRSA,38.22363203
Italy,IT,2012,S.aureus-MRSA,35.20782396
Italy,IT,2013,S.aureus-MRSA,35.83959899
Italy,IT,2014,S.aureus-MRSA,33.55201499
Italy,IT,2015,S.aureus-MRSA,34.1
Italy,IT,2016,S.aureus-MRSA,33.57933579
Italy,IT,2017,S.aureus-MRSA,33.89028125
Italy,IT,2018,S.aureus-MRSA,33.98281495
Italy,IT,2019,S.aureus-MRSA,34.31463691
Italy,IT,2020,S.aureus-MRSA,33.54389819
Italy,IT,2021,S.aureus-MRSA,30.54778746
Italy,IT,2022,S.aureus-MRSA,29.94378424
Italy,IT,2023,S.aureus-MRSA,26.57455228
Italy,IT,2024,S.aureus-MRSA,25.69594469
Latvia,LV,2004,S.aureus-MRSA,25.28735632
Latvia,LV,2005,S.aureus-MRSA,19.84126984
Latvia,LV,2006,S.aureus-MRSA,18.60465116
Latvia,LV,2007,S.aureus-MRSA,7.69230769
Latvia,LV,2008,S.aureus-MRSA,12.19512195
Latvia,LV,2009,S.aureus-MRSA,8.60215053
Latvia,LV,2010,S.aureus-MRSA,13.72549019
Latvia,LV,2011,S.aureus-MRSA,9.89583333
Latvia,LV,2012,S.aureus-MRSA,9.00473933
Latvia,LV,2013,S.aureus-MRSA,6.97674418
Latvia,LV,2014,S.aureus-MRSA,8.18181818
Latvia,LV,2015,S.aureus-MRSA,5.57768924
Latvia,LV,2016,S.aureus-MRSA,4.22535211
Latvia,LV,2017,S.aureus-MRSA,5.71428571
Latvia,LV,2018,S.aureus-MRSA,5.71428571
Latvia,LV,2019,S.aureus-MRSA,7.8384798
Latvia,LV,2020,S.aureus-MRSA,9.34844192
Latvia,LV,2021,S.aureus-MRSA,5.25164113
Latvia,LV,2022,S.aureus-MRSA,7.21247563
Latvia,LV,2023,S.aureus-MRSA,5.38793103
Latvia,LV,2024,S.aureus-MRSA,6.9327731
Liechtenstein,LI,2022,S.aureus-MRSA,
Liechtenstein,LI,2023,S.aureus-MRSA,
Liechtenstein,LI,2024,S.aureus-MRSA,
Lithuania,LT,2006,S.aureus-MRSA,11.9760479
Lithuania,LT,2007,S.aureus-MRSA,8.75
Lithuania,LT,2008,S.aureus-MRSA,10.7913669
Lithuania,LT,2009,S.aureus-MRSA,11.02362204
Lithuania,LT,2010,S.aureus-MRSA,14.11764705
Lithuania,LT,2011,S.aureus-MRSA,5.39568345
Lithuania,LT,2012,S.aureus-MRSA,8.66873065
Lithuania,LT,2013,S.aureus-MRSA,10.11235955
Lithuania,LT,2014,S.aureus-MRSA,7.31070496
Lithuania,LT,2015,S.aureus-MRSA,9.04255319
Lithuania,LT,2016,S.aureus-MRSA,11.5308151
Lithuania,LT,2017,S.aureus-MRSA,8.75486381
Lithuania,LT,2018,S.aureus-MRSA,8.39363241
Lithuania,LT,2019,S.aureus-MRSA,9.29878048
Lithuania,LT,2020,S.aureus-MRSA,9.80113636
Lithuania,LT,2021,S.aureus-MRSA,8.98123324
Lithuania,LT,2022,S.aureus-MRSA,9.42028985
Lithuania,LT,2023,S.aureus-MRSA,8.6100861
Lithuania,LT,2024,S.aureus-MRSA,10.01076426
Luxembourg,LU,2000,S.aureus-MRSA,17.91044776
Luxembourg,LU,2001,S.aureus-MRSA,20.0
Luxembourg,LU,2002,S.aureus-MRSA,14.7368421
Luxembourg,LU,2003,S.aureus-MRSA,21.05263157
Luxembourg,LU,2004,S.aureus-MRSA,15.625
Luxembourg,LU,2005,S.aureus-MRSA,13.25301204
Luxembourg,LU,2006,S.aureus-MRSA,19.48051948
Luxembourg,LU,2007,S.aureus-MRSA,20.0
Luxembourg,LU,2008,S.aureus-MRSA,9.4017094
Luxembourg,LU,2009,S.aureus-MRSA,13.27433628
Luxembourg,LU,2010,S.aureus-MRSA,16.54135338
Luxembourg,LU,2011,S.aureus-MRSA,20.47244094
Luxembourg,LU,2012,S.aureus-MRSA,16.03053435
Luxembourg,LU,2013,S.aureus-MRSA,8.88888888
Luxembourg,LU,2014,S.aureus-MRSA,12.0
Luxembourg,LU,2015,S.aureus-MRSA,8.88888888
Luxembourg,LU,2016,S.aureus-MRSA,9.62566844
Luxembourg,LU,2017,S.aureus-MRSA,9.5
Luxembourg,LU,2018,S.aureus-MRSA,7.73480662
Luxembourg,LU,2019,S.aureus-MRSA,6.22009569
Luxembourg,LU,2020,S.aureus-MRSA,3.07692307
Luxembourg,LU,2021,S.aureus-MRSA,5.52763819
Luxembourg,LU,2022,S.aureus-MRSA,4.68085106
Luxembourg,LU,2023,S.aureus-MRSA,5.78947368
Luxembourg,LU,2024,S.aureus-MRSA,5.12820512
Malta,MT,2000,S.aureus-MRSA,35.52631578
Malta,MT,2001,S.aureus-MRSA,53.65853658
Malta,MT,2002,S.aureus-MRSA,42.52873563
Malta,MT,2003,S.aureus-MRSA,42.97520661
Malta,MT,2004,S.aureus-MRSA,56.38297872
Malta,MT,2005,S.aureus-MRSA,55.84415584
Malta,MT,2006,S.aureus-MRSA,66.66666666
Malta,MT,2007,S.aureus-MRSA,52.38095238
Malta,MT,2008,S.aureus-MRSA,51.85185185
Malta,MT,2009,S.aureus-MRSA,58.82352941
Malta,MT,2010,S.aureus-MRSA,48.14814814
Malta,MT,2011,S.aureus-MRSA,49.23076923
Malta,MT,2012,S.aureus-MRSA,47.52475247
Malta,MT,2013,S.aureus-MRSA,53.7735849
Malta,MT,2014,S.aureus-MRSA,43.58974358
Malta,MT,2015,S.aureus-MRSA,49.42528735
Malta,MT,2016,S.aureus-MRSA,37.11340206
Malta,MT,2017,S.aureus-MRSA,42.10526315
Malta,MT,2018,S.aureus-MRSA,36.36363636
Malta,MT,2019,S.aureus-MRSA,24.0
Malta,MT,2020,S.aureus-MRSA,19.56521739
Malta,MT,2021,S.aureus-MRSA,20.38834951
Malta,MT,2022,S.aureus-MRSA,18.96551724
Malta,MT,2023,S.aureus-MRSA,14.54545454
Malta,MT,2024,S.aureus-MRSA,15.23809523
Netherlands,NL,2000,S.aureus-MRSA,0.26954177
Netherlands,NL,2001,S.aureus-MRSA,0.5658852
Netherlands,NL,2002,S.aureus-MRSA,0.94466936
Netherlands,NL,2003,S.aureus-MRSA,1.027146
Netherlands,NL,2004,S.aureus-MRSA,1.12275449
Netherlands,NL,2005,S.aureus-MRSA,0.92395167
Netherlands,NL,2006,S.aureus-MRSA,1.10091743
Netherlands,NL,2007,S.aureus-MRSA,1.4295439
Netherlands,NL,2008,S.aureus-MRSA,1.67286245
Netherlands,NL,2009,S.aureus-MRSA,1.25603864
Netherlands,NL,2010,S.aureus-MRSA,1.43949617
Netherlands,NL,2011,S.aureus-MRSA,1.625239
Netherlands,NL,2012,S.aureus-MRSA,1.27360562
Netherlands,NL,2013,S.aureus-MRSA,1.50324564
Netherlands,NL,2014,S.aureus-MRSA,0.93328724
Netherlands,NL,2015,S.aureus-MRSA,1.55234657
Netherlands,NL,2016,S.aureus-MRSA,1.18382111
Netherlands,NL,2017,S.aureus-MRSA,1.57635467
Netherlands,NL,2018,S.aureus-MRSA,1.20583286
Netherlands,NL,2019,S.aureus-MRSA,1.49022042
Netherlands,NL,2020,S.aureus-MRSA,1.48800485
Netherlands,NL,2021,S.aureus-MRSA,1.51655834
Netherlands,NL,2022,S.aureus-MRSA,1.88417844
Netherlands,NL,2023,S.aureus-MRSA,1.76517785
Netherlands,NL,2024,S.aureus-MRSA,2.02219482
Norway,NO,2000,S.aureus-MRSA,0.0
Norway,NO,2001,S.aureus-MRSA,0.486618
Norway,NO,2002,S.aureus-MRSA,0.19920318
Norway,NO,2003,S.aureus-MRSA,0.39682539
Norway,NO,2004,S.aureus-MRSA,0.77669902
Norway,NO,2005,S.aureus-MRSA,0.5444646
Norway,NO,2006,S.aureus-MRSA,0.13623978
Norway,NO,2007,S.aureus-MRSA,0.12658227
Norway,NO,2008,S.aureus-MRSA,0.59808612
Norway,NO,2009,S.aureus-MRSA,0.33076074
Norway,NO,2010,S.aureus-MRSA,0.66857688
Norway,NO,2011,S.aureus-MRSA,0.32706459
Norway,NO,2012,S.aureus-MRSA,1.25874125
Norway,NO,2013,S.aureus-MRSA,0.67888662
Norway,NO,2014,S.aureus-MRSA,1.03626943
Norway,NO,2015,S.aureus-MRSA,1.10116999
Norway,NO,2016,S.aureus-MRSA,1.17403314
Norway,NO,2017,S.aureus-MRSA,0.95759233
Norway,NO,2018,S.aureus-MRSA,0.90497737
Norway,NO,2019,S.aureus-MRSA,1.03406326
Norway,NO,2020,S.aureus-MRSA,1.61082474
Norway,NO,2021,S.aureus-MRSA,0.91575091
Norway,NO,2022,S.aureus-MRSA,1.11358574
Norway,NO,2023,S.aureus-MRSA,1.92532088
Norway,NO,2024,S.aureus-MRSA,2.05949656
Poland,PL,2001,S.aureus-MRSA,15.23178807
Poland,PL,2002,S.aureus-MRSA,23.11827956
Poland,PL,2003,S.aureus-MRSA,19.27710843
Poland,PL,2004,S.aureus-MRSA,19.46564885
Poland,PL,2005,S.aureus-MRSA,24.24242424
Poland,PL,2006,S.aureus-MRSA,19.54022988
Poland,PL,2007,S.aureus-MRSA,15.13513513
Poland,PL,2008,S.aureus-MRSA,12.12121212
Poland,PL,2009,S.aureus-MRSA,20.15810276
Poland,PL,2010,S.aureus-MRSA,13.11787072
Poland,PL,2011,S.aureus-MRSA,19.41860465
Poland,PL,2012,S.aureus-MRSA,14.43167305
Poland,PL,2013,S.aureus-MRSA,16.01615074
Poland,PL,2014,S.aureus-MRSA,22.24489795
Poland,PL,2015,S.aureus-MRSA,15.76200417
Poland,PL,2016,S.aureus-MRSA,16.36568848
Poland,PL,2017,S.aureus-MRSA,15.1800554
Poland,PL,2018,S.aureus-MRSA,15.87544665
Poland,PL,2019,S.aureus-MRSA,14.93753394
Poland,PL,2020,S.aureus-MRSA,13.84159881
Poland,PL,2021,S.aureus-MRSA,16.4726426
Poland,PL,2022,S.aureus-MRSA,13.25
Poland,PL,2023,S.aureus-MRSA,13.92729134
Poland,PL,2024,S.aureus-MRSA,10.75407026
Portugal,PT,2000,S.aureus-MRSA,25.16556291
Portugal,PT,2001,S.aureus-MRSA,31.86180422
Portugal,PT,2002,S.aureus-MRSA,38.12154696
Portugal,PT,2003,S.aureus-MRSA,45.49854791
Portugal,PT,2004,S.aureus-MRSA,46.09595484
Portugal,PT,2005,S.aureus-MRSA,46.57415437
Portugal,PT,2006,S.aureus-MRSA,48.08575803
Portugal,PT,2007,S.aureus-MRSA,48.37310195
Portugal,PT,2008,S.aureus-MRSA,52.89203084
Portugal,PT,2009,S.aureus-MRSA,48.84868421
Portugal,PT,2010,S.aureus-MRSA,53.33741579
Portugal,PT,2011,S.aureus-MRSA,54.55241009
Portugal,PT,2012,S.aureus-MRSA,53.81443298
Portugal,PT,2013,S.aureus-MRSA,46.77824267
Portugal,PT,2014,S.aureus-MRSA,47.44754149
Portugal,PT,2015,S.aureus-MRSA,46.83614258
Portugal,PT,2016,S.aureus-MRSA,43.57266936
Portugal,PT,2017,S.aureus-MRSA,39.16309012
Portugal,PT,2018,S.aureus-MRSA,38.0839895
Portugal,PT,2019,S.aureus-MRSA,34.76263399
Portugal,PT,2020,S.aureus-MRSA,29.67565929
Portugal,PT,2021,S.aureus-MRSA,25.13052558
Portugal,PT,2022,S.aureus-MRSA,24.97178329
Portugal,PT,2023,S.aureus-MRSA,23.08160779
Portugal,PT,2024,S.aureus-MRSA,23.80555555
Romania,RO,2002,S.aureus-MRSA,36.25
Romania,RO,2003,S.aureus-MRSA,45.88235294
Romania,RO,2004,S.aureus-MRSA,70.52631578
Romania,RO,2005,S.aureus-MRSA,58.69565217
Romania,RO,2006,S.aureus-MRSA,53.01204819
Romania,RO,2007,S.aureus-MRSA,26.19047619
Romania,RO,2008,S.aureus-MRSA,33.33333333
Romania,RO,2009,S.aureus-MRSA,34.04255319
Romania,RO,2010,S.aureus-MRSA,39.13043478
Romania,RO,2011,S.aureus-MRSA,49.5412844
Romania,RO,2012,S.aureus-MRSA,53.27510917
Romania,RO,2013,S.aureus-MRSA,64.49086161
Romania,RO,2014,S.aureus-MRSA,56.01265822
Romania,RO,2015,S.aureus-MRSA,57.23905723
Romania,RO,2016,S.aureus-MRSA,50.73375262
Romania,RO,2017,S.aureus-MRSA,45.36489151
Romania,RO,2018,S.aureus-MRSA,43.0
Romania,RO,2019,S.aureus-MRSA,46.88
Romania,RO,2020,S.aureus-MRSA,47.29064039
Romania,RO,2021,S.aureus-MRSA,40.9978308
Romania,RO,2022,S.aureus-MRSA,38.92617449
Romania,RO,2023,S.aureus-MRSA,39.38992042
Romania,RO,2024,S.aureus-MRSA,36.82664054
Slovakia,SK,2001,S.aureus-MRSA,5.4054054
Slovakia,SK,2002,S.aureus-MRSA,8.49420849
Slovakia,SK,2003,S.aureus-MRSA,12.6394052
Slovakia,SK,2004,S.aureus-MRSA,19.03114186
Slovakia,SK,2005,S.aureus-MRSA,19.04761904
Slovakia,SK,2011,S.aureus-MRSA,26.14840989
Slovakia,SK,2012,S.aureus-MRSA,24.05063291
Slovakia,SK,2013,S.aureus-MRSA,48.36956521
Slovakia,SK,2014,S.aureus-MRSA,27.96875
Slovakia,SK,2015,S.aureus-MRSA,28.1303602
Slovakia,SK,2016,S.aureus-MRSA,27.14535901
Slovakia,SK,2017,S.aureus-MRSA,29.20065252
Slovakia,SK,2018,S.aureus-MRSA,26.55737704
Slovakia,SK,2019,S.aureus-MRSA,27.17584369
Slovakia,SK,2020,S.aureus-MRSA,24.81481481
Slovakia,SK,2021,S.aureus-MRSA,22.33676975
Slovakia,SK,2022,S.aureus-MRSA,17.99307958
Slovakia,SK,2023,S.aureus-MRSA,14.42307692
Slovakia,SK,2024,S.aureus-MRSA,19.26229508
Slovenia,SI,2000,S.aureus-MRSA,21.05263157
Slovenia,SI,2001,S.aureus-MRSA,19.62962962
Slovenia,SI,2002,S.aureus-MRSA,13.76811594
Slovenia,SI,2003,S.aureus-MRSA,12.7090301
Slovenia,SI,2004,S.aureus-MRSA,11.81556195
Slovenia,SI,2005,S.aureus-MRSA,10.31518624
Slovenia,SI,2006,S.aureus-MRSA,7.12328767
Slovenia,SI,2007,S.aureus-MRSA,8.29383886
Slovenia,SI,2008,S.aureus-MRSA,7.17703349
Slovenia,SI,2009,S.aureus-MRSA,9.55414012
Slovenia,SI,2010,S.aureus-MRSA,11.97478991
Slovenia,SI,2011,S.aureus-MRSA,7.11206896
Slovenia,SI,2012,S.aureus-MRSA,10.33707865
Slovenia,SI,2013,S.aureus-MRSA,9.03225806
Slovenia,SI,2014,S.aureus-MRSA,13.13131313
Slovenia,SI,2015,S.aureus-MRSA,9.16179337
Slovenia,SI,2016,S.aureus-MRSA,11.04868913
Slovenia,SI,2017,S.aureus-MRSA,9.02777777
Slovenia,SI,2018,S.aureus-MRSA,11.71617161
Slovenia,SI,2019,S.aureus-MRSA,7.46951219
Slovenia,SI,2020,S.aureus-MRSA,9.84528832
Slovenia,SI,2021,S.aureus-MRSA,7.8125
Slovenia,SI,2022,S.aureus-MRSA,8.69565217
Slovenia,SI,2023,S.aureus-MRSA,10.10401188
Slovenia,SI,2024,S.aureus-MRSA,8.70206489
Spain,ES,2000,S.aureus-MRSA,29.40490081
Spain,ES,2001,S.aureus-MRSA,24.44678609
Spain,ES,2002,S.aureus-MRSA,23.32775919
Spain,ES,2003,S.aureus-MRSA,24.01150251
Spain,ES,2004,S.aureus-MRSA,26.27785058
Spain,ES,2005,S.aureus-MRSA,27.07554225
Spain,ES,2006,S.aureus-MRSA,25.21915037
Spain,ES,2007,S.aureus-MRSA,25.45676004
Spain,ES,2008,S.aureus-MRSA,26.69322709
Spain,ES,2009,S.aureus-MRSA,25.94752186
Spain,ES,2010,S.aureus-MRSA,25.32729103
Spain,ES,2011,S.aureus-MRSA,22.46153846
Spain,ES,2012,S.aureus-MRSA,24.2759347
Spain,ES,2013,S.aureus-MRSA,22.56612267
Spain,ES,2014,S.aureus-MRSA,21.66666666
Spain,ES,2015,S.aureus-MRSA,25.2920264
Spain,ES,2016,S.aureus-MRSA,25.80976863
Spain,ES,2017,S.aureus-MRSA,25.21551724
Spain,ES,2018,S.aureus-MRSA,24.67266775
Spain,ES,2019,S.aureus-MRSA,23.31243083
Spain,ES,2020,S.aureus-MRSA,23.08690012
Spain,ES,2021,S.aureus-MRSA,27.37341772
Spain,ES,2022,S.aureus-MRSA,25.70632709
Spain,ES,2023,S.aureus-MRSA,25.88446036
Spain,ES,2024,S.aureus-MRSA,23.68647717
Sweden,SE,2000,S.aureus-MRSA,0.60893098
Sweden,SE,2001,S.aureus-MRSA,0.85731781
Sweden,SE,2002,S.aureus-MRSA,0.65359477
Sweden,SE,2003,S.aureus-MRSA,0.86253369
Sweden,SE,2004,S.aureus-MRSA,0.73452256
Sweden,SE,2005,S.aureus-MRSA,1.01465614
Sweden,SE,2006,S.aureus-MRSA,0.86426029
Sweden,SE,2007,S.aureus-MRSA,0.50855293
Sweden,SE,2008,S.aureus-MRSA,0.664176
Sweden,SE,2010,S.aureus-MRSA,0.52592036
Sweden,SE,2011,S.aureus-MRSA,0.8080808
Sweden,SE,2012,S.aureus-MRSA,0.73551946
Sweden,SE,2013,S.aureus-MRSA,1.07343254
Sweden,SE,2014,S.aureus-MRSA,0.94717668
Sweden,SE,2015,S.aureus-MRSA,0.80025608
Sweden,SE,2016,S.aureus-MRSA,2.26086956
Sweden,SE,2017,S.aureus-MRSA,1.16186955
Sweden,SE,2018,S.aureus-MRSA,1.92360538
Sweden,SE,2019,S.aureus-MRSA,1.798924
Sweden,SE,2020,S.aureus-MRSA,2.32862756
Sweden,SE,2021,S.aureus-MRSA,1.96560196
Sweden,SE,2022,S.aureus-MRSA,1.85231854
Sweden,SE,2023,S.aureus-MRSA,2.12255211
Sweden,SE,2024,S.aureus-MRSA,2.59879437
United Kingdom,UK,2000,S.aureus-MRSA,41.43763213
United Kingdom,UK,2001,S.aureus-MRSA,47.25738396
United Kingdom,UK,2002,S.aureus-MRSA,46.66246851
United Kingdom,UK,2003,S.aureus-MRSA,44.01588201
United Kingdom,UK,2004,S.aureus-MRSA,43.64811691
United Kingdom,UK,2005,S.aureus-MRSA,42.95437358
United Kingdom,UK,2006,S.aureus-MRSA,42.075
United Kingdom,UK,2007,S.aureus-MRSA,35.60590313
United Kingdom,UK,2008,S.aureus-MRSA,30.71641791
United Kingdom,UK,2009,S.aureus-MRSA,27.81824488
United Kingdom,UK,2010,S.aureus-MRSA,21.57228017
United Kingdom,UK,2011,S.aureus-MRSA,13.64436619
United Kingdom,UK,2012,S.aureus-MRSA,14.16292974
United Kingdom,UK,2013,S.aureus-MRSA,13.88757675
United Kingdom,UK,2014,S.aureus-MRSA,11.29166666
United Kingdom,UK,2015,S.aureus-MRSA,10.73630758
United Kingdom,UK,2016,S.aureus-MRSA,6.72919458
United Kingdom,UK,2017,S.aureus-MRSA,6.92333671
United Kingdom,UK,2018,S.aureus-MRSA,7.25262576
United Kingdom,UK,2019,S.aureus-MRSA,5.8810621
Austria,AT,2005,S.pneumoniae-macrolides,13.30798479
Austria,AT,2006,S.pneumoniae-macrolides,9.88142292
Austria,AT,2007,S.pneumoniae-macrolides,12.21374045
Austria,AT,2008,S.pneumoniae-macrolides,10.57142857
Austria,AT,2009,S.pneumoniae-macrolides,12.85266457
Austria,AT,2010,S.pneumoniae-macrolides,10.21671826
Austria,AT,2011,S.pneumoniae-macrolides,11.52815013
Austria,AT,2012,S.pneumoniae-macrolides,17.24137931
Austria,AT,2013,S.pneumoniae-macrolides,9.97624703
Austria,AT,2014,S.pneumoniae-macrolides,10.5
Austria,AT,2015,S.pneumoniae-macrolides,8.42824601
Austria,AT,2016,S.pneumoniae-macrolides,8.57142857
Austria,AT,2017,S.pneumoniae-macrolides,10.84812623
Austria,AT,2018,S.pneumoniae-macrolides,11.56583629
Austria,AT,2019,S.pneumoniae-macrolides,12.43144424
Austria,AT,2020,S.pneumoniae-macrolides,11.52542372
Austria,AT,2021,S.pneumoniae-macrolides,14.3283582
Austria,AT,2022,S.pneumoniae-macrolides,10.89743589
Austria,AT,2023,S.pneumoniae-macrolides,10.63492063
Austria,AT,2024,S.pneumoniae-macrolides,10.59972105
Belgium,BE,2005,S.pneumoniae-macrolides,31.31903833
Belgium,BE,2006,S.pneumoniae-macrolides,31.11422564
Belgium,BE,2007,S.pneumoniae-macrolides,24.48709463
Belgium,BE,2008,S.pneumoniae-macrolides,24.2258652
Belgium,BE,2009,S.pneumoniae-macrolides,23.07692307
Belgium,BE,2010,S.pneumoniae-macrolides,24.70784641
Belgium,BE,2011,S.pneumoniae-macrolides,26.02515035
Belgium,BE,2012,S.pneumoniae-macrolides,25.15042117
Belgium,BE,2013,S.pneumoniae-macrolides,22.74459974
Belgium,BE,2014,S.pneumoniae-macrolides,17.68953068
Belgium,BE,2015,S.pneumoniae-macrolides,18.58927259
Belgium,BE,2016,S.pneumoniae-macrolides,15.7498116
Belgium,BE,2017,S.pneumoniae-macrolides,15.08152173
Belgium,BE,2018,S.pneumoniae-macrolides,15.20314547
Belgium,BE,2019,S.pneumoniae-macrolides,15.69767441
Belgium,BE,2020,S.pneumoniae-macrolides,19.11421911
Belgium,BE,2021,S.pneumoniae-macrolides,16.48873072
Belgium,BE,2022,S.pneumoniae-macrolides,14.55044612
Belgium,BE,2023,S.pneumoniae-macrolides,14.83644859
Belgium,BE,2024,S.pneumoniae-macrolides,16.53051417
Bulgaria,BG,2005,S.pneumoniae-macrolides,8.1081081
Bulgaria,BG,2006,S.pneumoniae-macrolides,15.0
Bulgaria,BG,2007,S.pneumoniae-macrolides,13.33333333
Bulgaria,BG,2008,S.pneumoniae-macrolides,4.16666666
Bulgaria,BG,2009,S.pneumoniae-macrolides,19.23076923
Bulgaria,BG,2010,S.pneumoniae-macrolides,25.0
Bulgaria,BG,2011,S.pneumoniae-macrolides,13.33333333
Bulgaria,BG,2012,S.pneumoniae-macrolides,15.0
Bulgaria,BG,2013,S.pneumoniae-macrolides,11.11111111
Bulgaria,BG,2014,S.pneumoniae-macrolides,23.33333333
Bulgaria,BG,2015,S.pneumoniae-macrolides,18.18181818
Bulgaria,BG,2016,S.pneumoniae-macrolides,21.875
Bulgaria,BG,2017,S.pneumoniae-macrolides,27.58620689
Bulgaria,BG,2018,S.pneumoniae-macrolides,16.66666666
Bulgaria,BG,2019,S.pneumoniae-macrolides,30.4347826
Bulgaria,BG,2020,S.pneumoniae-macrolides,10.71428571
Bulgaria,BG,2021,S.pneumoniae-macrolides,
Bulgaria,BG,2022,S.pneumoniae-macrolides,22.22222222
Bulgaria,BG,2023,S.pneumoniae-macrolides,35.48387096
Bulgaria,BG,2024,S.pneumoniae-macrolides,44.18604651
Croatia,HR,2005,S.pneumoniae-macrolides,17.91044776
Croatia,HR,2006,S.pneumoniae-macrolides,16.21621621
Croatia,HR,2007,S.pneumoniae-macrolides,8.82352941
Croatia,HR,2008,S.pneumoniae-macrolides,15.38461538
Croatia,HR,2010,S.pneumoniae-macrolides,27.72277227
Croatia,HR,2011,S.pneumoniae-macrolides,23.57723577
Croatia,HR,2012,S.pneumoniae-macrolides,28.86597938
Croatia,HR,2013,S.pneumoniae-macrolides,31.89655172
Croatia,HR,2014,S.pneumoniae-macrolides,21.55172413
Croatia,HR,2015,S.pneumoniae-macrolides,19.04761904
Croatia,HR,2016,S.pneumoniae-macrolides,33.76623376
Croatia,HR,2017,S.pneumoniae-macrolides,36.22047244
Croatia,HR,2018,S.pneumoniae-macrolides,32.16783216
Croatia,HR,2019,S.pneumoniae-macrolides,29.87012987
Croatia,HR,2020,S.pneumoniae-macrolides,40.0
Croatia,HR,2021,S.pneumoniae-macrolides,22.78481012
Croatia,HR,2022,S.pneumoniae-macrolides,26.50602409
Croatia,HR,2023,S.pneumoniae-macrolides,16.92307692
Croatia,HR,2024,S.pneumoniae-macrolides,20.0
Cyprus,CY,2005,S.pneumoniae-macrolides,
Cyprus,CY,2006,S.pneumoniae-macrolides,
Cyprus,CY,2007,S.pneumoniae-macrolides,
Cyprus,CY,2008,S.pneumoniae-macrolides,
Cyprus,CY,2009,S.pneumoniae-macrolides,
Cyprus,CY,2010,S.pneumoniae-macrolides,
Cyprus,CY,2011,S.pneumoniae-macrolides,
Cyprus,CY,2012,S.pneumoniae-macrolides,
Cyprus,CY,2013,S.pneumoniae-macrolides,
Cyprus,CY,2014,S.pneumoniae-macrolides,
Cyprus,CY,2015,S.pneumoniae-macrolides,
Cyprus,CY,2016,S.pneumoniae-macrolides,
Cyprus,CY,2017,S.pneumoniae-macrolides,
Cyprus,CY,2018,S.pneumoniae-macrolides,
Cyprus,CY,2019,S.pneumoniae-macrolides,
Cyprus,CY,2020,S.pneumoniae-macrolides,
Cyprus,CY,2021,S.pneumoniae-macrolides,
Cyprus,CY,2022,S.pneumoniae-macrolides,
Cyprus,CY,2023,S.pneumoniae-macrolides,25.80645161
Cyprus,CY,2024,S.pneumoniae-macrolides,38.09523809
Czechia,CZ,2005,S.pneumoniae-macrolides,2.08333333
Czechia,CZ,2006,S.pneumoniae-macrolides,2.90697674
Czechia,CZ,2007,S.pneumoniae-macrolides,5.36585365
Czechia,CZ,2008,S.pneumoniae-macrolides,2.86885245
Czechia,CZ,2009,S.pneumoniae-macrolides,4.71380471
Czechia,CZ,2010,S.pneumoniae-macrolides,5.90277777
Czechia,CZ,2011,S.pneumoniae-macrolides,3.48101265
Czechia,CZ,2012,S.pneumoniae-macrolides,7.66423357
Czechia,CZ,2013,S.pneumoniae-macrolides,8.4084084
Czechia,CZ,2014,S.pneumoniae-macrolides,7.66423357
Czechia,CZ,2015,S.pneumoniae-macrolides,6.69014084
Czechia,CZ,2016,S.pneumoniae-macrolides,7.2243346
Czechia,CZ,2017,S.pneumoniae-macrolides,9.01639344
Czechia,CZ,2018,S.pneumoniae-macrolides,10.05291005
Czechia,CZ,2019,S.pneumoniae-macrolides,10.33591731
Czechia,CZ,2020,S.pneumoniae-macrolides,6.86274509
Czechia,CZ,2021,S.pneumoniae-macrolides,10.52631578
Czechia,CZ,2022,S.pneumoniae-macrolides,10.15228426
Czechia,CZ,2023,S.pneumoniae-macrolides,10.22964509
Czechia,CZ,2024,S.pneumoniae-macrolides,11.08829568
Denmark,DK,2005,S.pneumoniae-macrolides,5.64292321
Denmark,DK,2006,S.pneumoniae-macrolides,4.35779816
Denmark,DK,2007,S.pneumoniae-macrolides,6.11650485
Denmark,DK,2008,S.pneumoniae-macrolides,6.53104925
Denmark,DK,2009,S.pneumoniae-macrolides,3.51405622
Denmark,DK,2010,S.pneumoniae-macrolides,4.08805031
Denmark,DK,2011,S.pneumoniae-macrolides,5.02232142
Denmark,DK,2012,S.pneumoniae-macrolides,5.76701268
Denmark,DK,2013,S.pneumoniae-macrolides,4.81622306
Denmark,DK,2014,S.pneumoniae-macrolides,6.629055
Denmark,DK,2015,S.pneumoniae-macrolides,5.22088353
Denmark,DK,2016,S.pneumoniae-macrolides,4.80905233
Denmark,DK,2017,S.pneumoniae-macrolides,3.57634112
Denmark,DK,2018,S.pneumoniae-macrolides,2.5
Denmark,DK,2019,S.pneumoniae-macrolides,3.49417637
Denmark,DK,2020,S.pneumoniae-macrolides,3.7037037
Denmark,DK,2021,S.pneumoniae-macrolides,5.08982035
Denmark,DK,2022,S.pneumoniae-macrolides,3.37972166
Denmark,DK,2023,S.pneumoniae-macrolides,3.97830018
Denmark,DK,2024,S.pneumoniae-macrolides,7.26256983
Estonia,EE,2005,S.pneumoniae-macrolides,0.0
Estonia,EE,2006,S.pneumoniae-macrolides,2.5
Estonia,EE,2007,S.pneumoniae-macrolides,1.88679245
Estonia,EE,2008,S.pneumoniae-macrolides,1.85185185
Estonia,EE,2009,S.pneumoniae-macrolides,1.58730158
Estonia,EE,2010,S.pneumoniae-macrolides,2.22222222
Estonia,EE,2011,S.pneumoniae-macrolides,0.0
Estonia,EE,2012,S.pneumoniae-macrolides,5.76923076
Estonia,EE,2013,S.pneumoniae-macrolides,3.3898305
Estonia,EE,2014,S.pneumoniae-macrolides,5.55555555
Estonia,EE,2015,S.pneumoniae-macrolides,7.4074074
Estonia,EE,2016,S.pneumoniae-macrolides,7.0
Estonia,EE,2017,S.pneumoniae-macrolides,3.93700787
Estonia,EE,2018,S.pneumoniae-macrolides,7.35294117
Estonia,EE,2019,S.pneumoniae-macrolides,6.96202531
Estonia,EE,2020,S.pneumoniae-macrolides,9.21052631
Estonia,EE,2021,S.pneumoniae-macrolides,6.12244897
Estonia,EE,2022,S.pneumoniae-macrolides,12.12121212
Estonia,EE,2023,S.pneumoniae-macrolides,13.44086021
Estonia,EE,2024,S.pneumoniae-macrolides,18.53658536
Finland,FI,2005,S.pneumoniae-macrolides,19.14414414
Finland,FI,2006,S.pneumoniae-macrolides,23.89558232
Finland,FI,2007,S.pneumoniae-macrolides,23.9488117
Finland,FI,2008,S.pneumoniae-macrolides,23.95023328
Finland,FI,2009,S.pneumoniae-macrolides,26.95139911
Finland,FI,2010,S.pneumoniae-macrolides,27.01812191
Finland,FI,2011,S.pneumoniae-macrolides,24.45141065
Finland,FI,2012,S.pneumoniae-macrolides,21.84300341
Finland,FI,2013,S.pneumoniae-macrolides,18.26484018
Finland,FI,2014,S.pneumoniae-macrolides,14.15094339
Finland,FI,2015,S.pneumoniae-macrolides,13.9869281
Finland,FI,2016,S.pneumoniae-macrolides,11.37800252
Finland,FI,2017,S.pneumoniae-macrolides,14.97524752
Finland,FI,2018,S.pneumoniae-macrolides,12.09800918
Finland,FI,2019,S.pneumoniae-macrolides,10.53435114
Finland,FI,2020,S.pneumoniae-macrolides,11.80555555
Finland,FI,2021,S.pneumoniae-macrolides,13.28903654
Finland,FI,2022,S.pneumoniae-macrolides,11.06382978
Finland,FI,2023,S.pneumoniae-macrolides,11.22244488
Finland,FI,2024,S.pneumoniae-macrolides,10.58091286
France,FR,2005,S.pneumoniae-macrolides,40.50632911
France,FR,2006,S.pneumoniae-macrolides,35.94594594
France,FR,2007,S.pneumoniae-macrolides,35.59577677
France,FR,2008,S.pneumoniae-macrolides,30.70017953
France,FR,2009,S.pneumoniae-macrolides,26.87651331
France,FR,2010,S.pneumoniae-macrolides,29.45874001
France,FR,2011,S.pneumoniae-macrolides,25.54847841
France,FR,2012,S.pneumoniae-macrolides,27.66990291
France,FR,2013,S.pneumoniae-macrolides,27.63873775
France,FR,2014,S.pneumoniae-macrolides,23.01829268
France,FR,2015,S.pneumoniae-macrolides,24.43820224
France,FR,2016,S.pneumoniae-macrolides,22.94455066
France,FR,2017,S.pneumoniae-macrolides,23.12703583
France,FR,2018,S.pneumoniae-macrolides,23.92344497
France,FR,2019,S.pneumoniae-macrolides,19.38291139
France,FR,2020,S.pneumoniae-macrolides,21.55688622
France,FR,2021,S.pneumoniae-macrolides,23.00224047
France,FR,2022,S.pneumoniae-macrolides,24.78448275
France,FR,2023,S.pneumoniae-macrolides,23.87806943
France,FR,2024,S.pneumoniae-macrolides,28.61035422
Germany,DE,2005,S.pneumoniae-macrolides,16.36363636
Germany,DE,2006,S.pneumoniae-macrolides,11.53846153
Germany,DE,2007,S.pneumoniae-macrolides,6.06060606
Germany,DE,2008,S.pneumoniae-macrolides,8.73786407
Germany,DE,2009,S.pneumoniae-macrolides,7.37463126
Germany,DE,2010,S.pneumoniae-macrolides,8.65921787
Germany,DE,2011,S.pneumoniae-macrolides,7.36543909
Germany,DE,2012,S.pneumoniae-macrolides,7.4074074
Germany,DE,2013,S.pneumoniae-macrolides,10.18711018
Germany,DE,2014,S.pneumoniae-macrolides,6.88259109
Germany,DE,2015,S.pneumoniae-macrolides,8.17941952
Germany,DE,2016,S.pneumoniae-macrolides,8.008658
Germany,DE,2017,S.pneumoniae-macrolides,6.85066535
Germany,DE,2018,S.pneumoniae-macrolides,7.06319702
Germany,DE,2019,S.pneumoniae-macrolides,7.66497461
Germany,DE,2020,S.pneumoniae-macrolides,7.17522658
Germany,DE,2021,S.pneumoniae-macrolides,6.64983164
Germany,DE,2022,S.pneumoniae-macrolides,6.3132335
Germany,DE,2023,S.pneumoniae-macrolides,6.63160969
Germany,DE,2024,S.pneumoniae-macrolides,6.60821214
Greece,EL,2022,S.pneumoniae-macrolides,34.09090909
Greece,EL,2023,S.pneumoniae-macrolides,26.02739726
Greece,EL,2024,S.pneumoniae-macrolides,33.92857142
Hungary,HU,2005,S.pneumoniae-macrolides,30.15873015
Hungary,HU,2006,S.pneumoniae-macrolides,18.75
Hungary,HU,2007,S.pneumoniae-macrolides,35.0
Hungary,HU,2008,S.pneumoniae-macrolides,31.01265822
Hungary,HU,2009,S.pneumoniae-macrolides,19.40298507
Hungary,HU,2010,S.pneumoniae-macrolides,24.06015037
Hungary,HU,2011,S.pneumoniae-macrolides,14.72868217
Hungary,HU,2012,S.pneumoniae-macrolides,19.72789115
Hungary,HU,2013,S.pneumoniae-macrolides,14.3884892
Hungary,HU,2014,S.pneumoniae-macrolides,14.63414634
Hungary,HU,2015,S.pneumoniae-macrolides,10.58823529
Hungary,HU,2016,S.pneumoniae-macrolides,13.25301204
Hungary,HU,2017,S.pneumoniae-macrolides,11.76470588
Hungary,HU,2018,S.pneumoniae-macrolides,14.7368421
Hungary,HU,2019,S.pneumoniae-macrolides,12.09302325
Hungary,HU,2020,S.pneumoniae-macrolides,17.39130434
Hungary,HU,2021,S.pneumoniae-macrolides,14.85714285
Hungary,HU,2022,S.pneumoniae-macrolides,10.76388888
Hungary,HU,2023,S.pneumoniae-macrolides,14.33691756
Hungary,HU,2024,S.pneumoniae-macrolides,13.56382978
Iceland,IS,2005,S.pneumoniae-macrolides,16.66666666
Iceland,IS,2006,S.pneumoniae-macrolides,9.80392156
Iceland,IS,2007,S.pneumoniae-macrolides,16.66666666
Iceland,IS,2008,S.pneumoniae-macrolides,19.56521739
Iceland,IS,2009,S.pneumoniae-macrolides,8.57142857
Iceland,IS,2010,S.pneumoniae-macrolides,10.81081081
Iceland,IS,2011,S.pneumoniae-macrolides,21.875
Iceland,IS,2012,S.pneumoniae-macrolides,7.4074074
Iceland,IS,2013,S.pneumoniae-macrolides,
Iceland,IS,2014,S.pneumoniae-macrolides,12.5
Iceland,IS,2015,S.pneumoniae-macrolides,12.0
Iceland,IS,2016,S.pneumoniae-macrolides,
Iceland,IS,2017,S.pneumoniae-macrolides,18.51851851
Iceland,IS,2018,S.pneumoniae-macrolides,12.9032258
Iceland,IS,2019,S.pneumoniae-macrolides,15.9090909
Iceland,IS,2020,S.pneumoniae-macrolides,30.0
Iceland,IS,2021,S.pneumoniae-macrolides,
Iceland,IS,2022,S.pneumoniae-macrolides,31.42857142
Iceland,IS,2023,S.pneumoniae-macrolides,13.15789473
Iceland,IS,2024,S.pneumoniae-macrolides,13.51351351
Ireland,IE,2005,S.pneumoniae-macrolides,11.73333333
Ireland,IE,2006,S.pneumoniae-macrolides,15.85677749
Ireland,IE,2007,S.pneumoniae-macrolides,15.75
Ireland,IE,2008,S.pneumoniae-macrolides,16.38141809
Ireland,IE,2009,S.pneumoniae-macrolides,17.26190476
Ireland,IE,2010,S.pneumoniae-macrolides,15.51724137
Ireland,IE,2011,S.pneumoniae-macrolides,17.74193548
Ireland,IE,2012,S.pneumoniae-macrolides,16.93811074
Ireland,IE,2013,S.pneumoniae-macrolides,17.04918032
Ireland,IE,2014,S.pneumoniae-macrolides,13.88012618
Ireland,IE,2015,S.pneumoniae-macrolides,13.85135135
Ireland,IE,2016,S.pneumoniae-macrolides,13.27683615
Ireland,IE,2017,S.pneumoniae-macrolides,12.87878787
Ireland,IE,2018,S.pneumoniae-macrolides,13.60381861
Ireland,IE,2019,S.pneumoniae-macrolides,12.64705882
Ireland,IE,2020,S.pneumoniae-macrolides,12.94117647
Ireland,IE,2021,S.pneumoniae-macrolides,12.57861635
Ireland,IE,2022,S.pneumoniae-macrolides,15.92592592
Ireland,IE,2023,S.pneumoniae-macrolides,15.01501501
Ireland,IE,2024,S.pneumoniae-macrolides,13.39031339
Italy,IT,2005,S.pneumoniae-macrolides,26.73611111
Italy,IT,2006,S.pneumoniae-macrolides,30.70539419
Italy,IT,2007,S.pneumoniae-macrolides,28.13688212
Italy,IT,2008,S.pneumoniae-macrolides,23.66863905
Italy,IT,2009,S.pneumoniae-macrolides,19.37172774
Italy,IT,2010,S.pneumoniae-macrolides,27.27272727
Italy,IT,2011,S.pneumoniae-macrolides,27.44360902
Italy,IT,2012,S.pneumoniae-macrolides,33.74485596
Italy,IT,2013,S.pneumoniae-macrolides,24.11167512
Italy,IT,2014,S.pneumoniae-macrolides,27.38095238
Italy,IT,2015,S.pneumoniae-macrolides,23.36448598
Italy,IT,2016,S.pneumoniae-macrolides,22.4137931
Italy,IT,2017,S.pneumoniae-macrolides,22.70450751
Italy,IT,2018,S.pneumoniae-macrolides,20.2739726
Italy,IT,2019,S.pneumoniae-macrolides,22.26502311
Italy,IT,2020,S.pneumoniae-macrolides,24.10015649
Italy,IT,2021,S.pneumoniae-macrolides,24.49297971
Italy,IT,2022,S.pneumoniae-macrolides,25.02187226
Italy,IT,2023,S.pneumoniae-macrolides,26.22663551
Italy,IT,2024,S.pneumoniae-macrolides,27.14955706
Latvia,LV,2005,S.pneumoniae-macrolides,0.0
Latvia,LV,2006,S.pneumoniae-macrolides,2.77777777
Latvia,LV,2007,S.pneumoniae-macrolides,0.0
Latvia,LV,2008,S.pneumoniae-macrolides,
Latvia,LV,2009,S.pneumoniae-macrolides,0.0
Latvia,LV,2010,S.pneumoniae-macrolides,5.26315789
Latvia,LV,2011,S.pneumoniae-macrolides,0.0
Latvia,LV,2012,S.pneumoniae-macrolides,4.6875
Latvia,LV,2013,S.pneumoniae-macrolides,1.51515151
Latvia,LV,2014,S.pneumoniae-macrolides,4.08163265
Latvia,LV,2015,S.pneumoniae-macrolides,5.17241379
Latvia,LV,2016,S.pneumoniae-macrolides,5.76923076
Latvia,LV,2017,S.pneumoniae-macrolides,3.57142857
Latvia,LV,2018,S.pneumoniae-macrolides,9.09090909
Latvia,LV,2019,S.pneumoniae-macrolides,5.26315789
Latvia,LV,2020,S.pneumoniae-macrolides,11.11111111
Latvia,LV,2021,S.pneumoniae-macrolides,0.0
Latvia,LV,2022,S.pneumoniae-macrolides,4.85436893
Latvia,LV,2023,S.pneumoniae-macrolides,5.97014925
Latvia,LV,2024,S.pneumoniae-macrolides,4.54545454
Liechtenstein,LI,2022,S.pneumoniae-macrolides,
Liechtenstein,LI,2023,S.pneumoniae-macrolides,
Liechtenstein,LI,2024,S.pneumoniae-macrolides,
Lithuania,LT,2006,S.pneumoniae-macrolides,0.0
Lithuania,LT,2007,S.pneumoniae-macrolides,9.375
Lithuania,LT,2008,S.pneumoniae-macrolides,6.38297872
Lithuania,LT,2009,S.pneumoniae-macrolides,2.27272727
Lithuania,LT,2010,S.pneumoniae-macrolides,0.0
Lithuania,LT,2011,S.pneumoniae-macrolides,21.95121951
Lithuania,LT,2012,S.pneumoniae-macrolides,22.85714285
Lithuania,LT,2013,S.pneumoniae-macrolides,17.85714285
Lithuania,LT,2014,S.pneumoniae-macrolides,22.58064516
Lithuania,LT,2015,S.pneumoniae-macrolides,12.5
Lithuania,LT,2016,S.pneumoniae-macrolides,18.08510638
Lithuania,LT,2017,S.pneumoniae-macrolides,15.88785046
Lithuania,LT,2018,S.pneumoniae-macrolides,20.65217391
Lithuania,LT,2019,S.pneumoniae-macrolides,10.08403361
Lithuania,LT,2020,S.pneumoniae-macrolides,14.58333333
Lithuania,LT,2021,S.pneumoniae-macrolides,18.34862385
Lithuania,LT,2022,S.pneumoniae-macrolides,14.53488372
Lithuania,LT,2023,S.pneumoniae-macrolides,18.18181818
Lithuania,LT,2024,S.pneumoniae-macrolides,14.90384615
Luxembourg,LU,2005,S.pneumoniae-macrolides,21.73913043
Luxembourg,LU,2006,S.pneumoniae-macrolides,22.58064516
Luxembourg,LU,2007,S.pneumoniae-macrolides,23.8095238
Luxembourg,LU,2008,S.pneumoniae-macrolides,12.5
Luxembourg,LU,2009,S.pneumoniae-macrolides,9.83606557
Luxembourg,LU,2010,S.pneumoniae-macrolides,16.0
Luxembourg,LU,2011,S.pneumoniae-macrolides,15.38461538
Luxembourg,LU,2012,S.pneumoniae-macrolides,15.78947368
Luxembourg,LU,2013,S.pneumoniae-macrolides,24.48979591
Luxembourg,LU,2014,S.pneumoniae-macrolides,14.28571428
Luxembourg,LU,2015,S.pneumoniae-macrolides,0.0
Luxembourg,LU,2016,S.pneumoniae-macrolides,15.6862745
Luxembourg,LU,2017,S.pneumoniae-macrolides,8.1632653
Luxembourg,LU,2018,S.pneumoniae-macrolides,11.11111111
Luxembourg,LU,2019,S.pneumoniae-macrolides,7.89473684
Luxembourg,LU,2020,S.pneumoniae-macrolides,12.5
Luxembourg,LU,2021,S.pneumoniae-macrolides,28.57142857
Luxembourg,LU,2022,S.pneumoniae-macrolides,15.9090909
Luxembourg,LU,2023,S.pneumoniae-macrolides,11.11111111
Luxembourg,LU,2024,S.pneumoniae-macrolides,9.09090909
Malta,MT,2005,S.pneumoniae-macrolides,
Malta,MT,2006,S.pneumoniae-macrolides,45.16129032
Malta,MT,2007,S.pneumoniae-macrolides,
Malta,MT,2008,S.pneumoniae-macrolides,
Malta,MT,2009,S.pneumoniae-macrolides,
Malta,MT,2010,S.pneumoniae-macrolides,
Malta,MT,2011,S.pneumoniae-macrolides,
Malta,MT,2012,S.pneumoniae-macrolides,
Malta,MT,2013,S.pneumoniae-macrolides,
Malta,MT,2014,S.pneumoniae-macrolides,
Malta,MT,2015,S.pneumoniae-macrolides,40.0
Malta,MT,2016,S.pneumoniae-macrolides,
Malta,MT,2017,S.pneumoniae-macrolides,
Malta,MT,2018,S.pneumoniae-macrolides,24.32432432
Malta,MT,2019,S.pneumoniae-macrolides,28.0
Malta,MT,2020,S.pneumoniae-macrolides,
Malta,MT,2021,S.pneumoniae-macrolides,
Malta,MT,2022,S.pneumoniae-macrolides,
Malta,MT,2023,S.pneumoniae-macrolides,53.84615384
Malta,MT,2024,S.pneumoniae-macrolides,38.46153846
Netherlands,NL,2005,S.pneumoniae-macrolides,9.71830985
Netherlands,NL,2006,S.pneumoniae-macrolides,7.37704918
Netherlands,NL,2007,S.pneumoniae-macrolides,5.86826347
Netherlands,NL,2008,S.pneumoniae-macrolides,6.85714285
Netherlands,NL,2009,S.pneumoniae-macrolides,4.56553755
Netherlands,NL,2010,S.pneumoniae-macrolides,4.66772151
Netherlands,NL,2011,S.pneumoniae-macrolides,4.24597364
Netherlands,NL,2012,S.pneumoniae-macrolides,3.96539293
Netherlands,NL,2013,S.pneumoniae-macrolides,4.14887126
Netherlands,NL,2014,S.pneumoniae-macrolides,4.17827298
Netherlands,NL,2015,S.pneumoniae-macrolides,3.39743589
Netherlands,NL,2016,S.pneumoniae-macrolides,3.12109862
Netherlands,NL,2017,S.pneumoniae-macrolides,5.13462742
Netherlands,NL,2018,S.pneumoniae-macrolides,3.87596899
Netherlands,NL,2019,S.pneumoniae-macrolides,4.7652916
Netherlands,NL,2020,S.pneumoniae-macrolides,3.4820457
Netherlands,NL,2021,S.pneumoniae-macrolides,3.26370757
Netherlands,NL,2022,S.pneumoniae-macrolides,3.38266384
Netherlands,NL,2023,S.pneumoniae-macrolides,4.62610899
Netherlands,NL,2024,S.pneumoniae-macrolides,4.02647545
Norway,NO,2005,S.pneumoniae-macrolides,14.0625
Norway,NO,2006,S.pneumoniae-macrolides,11.89979123
Norway,NO,2007,S.pneumoniae-macrolides,9.46843853
Norway,NO,2008,S.pneumoniae-macrolides,7.09219858
Norway,NO,2009,S.pneumoniae-macrolides,5.50458715
Norway,NO,2010,S.pneumoniae-macrolides,3.65630712
Norway,NO,2011,S.pneumoniae-macrolides,4.03508771
Norway,NO,2012,S.pneumoniae-macrolides,5.2532833
Norway,NO,2013,S.pneumoniae-macrolides,3.80761523
Norway,NO,2014,S.pneumoniae-macrolides,4.26829268
Norway,NO,2015,S.pneumoniae-macrolides,3.97022332
Norway,NO,2016,S.pneumoniae-macrolides,5.28541226
Norway,NO,2017,S.pneumoniae-macrolides,5.46697038
Norway,NO,2018,S.pneumoniae-macrolides,7.60869565
Norway,NO,2019,S.pneumoniae-macrolides,5.66448801
Norway,NO,2020,S.pneumoniae-macrolides,5.11627906
Norway,NO,2021,S.pneumoniae-macrolides,5.37190082
Norway,NO,2022,S.pneumoniae-macrolides,3.82775119
Norway,NO,2023,S.pneumoniae-macrolides,6.77618069
Norway,NO,2024,S.pneumoniae-macrolides,6.38722554
Poland,PL,2005,S.pneumoniae-macrolides,
Poland,PL,2006,S.pneumoniae-macrolides,
Poland,PL,2008,S.pneumoniae-macrolides,
Poland,PL,2009,S.pneumoniae-macrolides,19.3548387
Poland,PL,2010,S.pneumoniae-macrolides,38.02816901
Poland,PL,2011,S.pneumoniae-macrolides,26.66666666
Poland,PL,2012,S.pneumoniae-macrolides,27.27272727
Poland,PL,2013,S.pneumoniae-macrolides,30.98591549
Poland,PL,2014,S.pneumoniae-macrolides,28.09917355
Poland,PL,2015,S.pneumoniae-macrolides,30.58252427
Poland,PL,2016,S.pneumoniae-macrolides,30.32490974
Poland,PL,2017,S.pneumoniae-macrolides,24.50592885
Poland,PL,2018,S.pneumoniae-macrolides,24.91909385
Poland,PL,2019,S.pneumoniae-macrolides,25.0
Poland,PL,2020,S.pneumoniae-macrolides,22.76422764
Poland,PL,2021,S.pneumoniae-macrolides,29.10798122
Poland,PL,2022,S.pneumoniae-macrolides,24.71590909
Poland,PL,2023,S.pneumoniae-macrolides,25.0
Poland,PL,2024,S.pneumoniae-macrolides,21.65178571
Portugal,PT,2005,S.pneumoniae-macrolides,18.90547263
Portugal,PT,2006,S.pneumoniae-macrolides,21.42857142
Portugal,PT,2007,S.pneumoniae-macrolides,22.88557213
Portugal,PT,2008,S.pneumoniae-macrolides,20.76923076
Portugal,PT,2009,S.pneumoniae-macrolides,21.09704641
Portugal,PT,2010,S.pneumoniae-macrolides,21.79487179
Portugal,PT,2011,S.pneumoniae-macrolides,14.14868105
Portugal,PT,2012,S.pneumoniae-macrolides,18.5064935
Portugal,PT,2013,S.pneumoniae-macrolides,19.95967741
Portugal,PT,2014,S.pneumoniae-macrolides,15.65349544
Portugal,PT,2015,S.pneumoniae-macrolides,16.30170316
Portugal,PT,2016,S.pneumoniae-macrolides,14.36403508
Portugal,PT,2017,S.pneumoniae-macrolides,14.84375
Portugal,PT,2018,S.pneumoniae-macrolides,15.53299492
Portugal,PT,2019,S.pneumoniae-macrolides,12.81512605
Portugal,PT,2020,S.pneumoniae-macrolides,15.57522123
Portugal,PT,2021,S.pneumoniae-macrolides,19.05940594
Portugal,PT,2022,S.pneumoniae-macrolides,14.9122807
Portugal,PT,2023,S.pneumoniae-macrolides,14.97844827
Portugal,PT,2024,S.pneumoniae-macrolides,15.9351145
Romania,RO,2005,S.pneumoniae-macrolides,
Romania,RO,2006,S.pneumoniae-macrolides,25.0
Romania,RO,2007,S.pneumoniae-macrolides,15.38461538
Romania,RO,2008,S.pneumoniae-macrolides,
Romania,RO,2009,S.pneumoniae-macrolides,
Romania,RO,2010,S.pneumoniae-macrolides,
Romania,RO,2011,S.pneumoniae-macrolides,
Romania,RO,2012,S.pneumoniae-macrolides,37.20930232
Romania,RO,2013,S.pneumoniae-macrolides,35.71428571
Romania,RO,2014,S.pneumoniae-macrolides,48.0
Romania,RO,2015,S.pneumoniae-macrolides,30.0
Romania,RO,2016,S.pneumoniae-macrolides,37.28813559
Romania,RO,2017,S.pneumoniae-macrolides,26.31578947
Romania,RO,2018,S.pneumoniae-macrolides,32.25806451
Romania,RO,2019,S.pneumoniae-macrolides,17.39130434
Romania,RO,2020,S.pneumoniae-macrolides,27.02702702
Romania,RO,2021,S.pneumoniae-macrolides,36.0
Romania,RO,2022,S.pneumoniae-macrolides,36.11111111
Romania,RO,2023,S.pneumoniae-macrolides,30.0
Romania,RO,2024,S.pneumoniae-macrolides,29.50819672
Slovakia,SK,2005,S.pneumoniae-macrolides,
Slovakia,SK,2011,S.pneumoniae-macrolides,12.0
Slovakia,SK,2012,S.pneumoniae-macrolides,27.27272727
Slovakia,SK,2013,S.pneumoniae-macrolides,17.24137931
Slovakia,SK,2014,S.pneumoniae-macrolides,37.93103448
Slovakia,SK,2015,S.pneumoniae-macrolides,32.35294117
Slovakia,SK,2016,S.pneumoniae-macrolides,
Slovakia,SK,2017,S.pneumoniae-macrolides,35.48387096
Slovakia,SK,2018,S.pneumoniae-macrolides,24.44444444
Slovakia,SK,2019,S.pneumoniae-macrolides,11.11111111
Slovakia,SK,2020,S.pneumoniae-macrolides,
Slovakia,SK,2021,S.pneumoniae-macrolides,14.28571428
Slovakia,SK,2022,S.pneumoniae-macrolides,21.875
Slovakia,SK,2023,S.pneumoniae-macrolides,17.85714285
Slovakia,SK,2024,S.pneumoniae-macrolides,20.68965517
Slovenia,SI,2005,S.pneumoniae-macrolides,11.0576923
Slovenia,SI,2006,S.pneumoniae-macrolides,12.72727272
Slovenia,SI,2007,S.pneumoniae-macrolides,17.01030927
Slovenia,SI,2008,S.pneumoniae-macrolides,15.78947368
Slovenia,SI,2009,S.pneumoniae-macrolides,16.60079051
Slovenia,SI,2010,S.pneumoniae-macrolides,17.24137931
Slovenia,SI,2011,S.pneumoniae-macrolides,23.41269841
Slovenia,SI,2012,S.pneumoniae-macrolides,20.4
Slovenia,SI,2013,S.pneumoniae-macrolides,10.03584229
Slovenia,SI,2014,S.pneumoniae-macrolides,19.0
Slovenia,SI,2015,S.pneumoniae-macrolides,18.57585139
Slovenia,SI,2016,S.pneumoniae-macrolides,13.38289962
Slovenia,SI,2017,S.pneumoniae-macrolides,15.74074074
Slovenia,SI,2018,S.pneumoniae-macrolides,10.33210332
Slovenia,SI,2019,S.pneumoniae-macrolides,9.89399293
Slovenia,SI,2020,S.pneumoniae-macrolides,14.53488372
Slovenia,SI,2021,S.pneumoniae-macrolides,6.95187165
Slovenia,SI,2022,S.pneumoniae-macrolides,8.0
Slovenia,SI,2023,S.pneumoniae-macrolides,6.03448275
Slovenia,SI,2024,S.pneumoniae-macrolides,5.70342205
Spain,ES,2005,S.pneumoniae-macrolides,22.51023192
Spain,ES,2006,S.pneumoniae-macrolides,21.04404567
Spain,ES,2007,S.pneumoniae-macrolides,16.74528301
Spain,ES,2008,S.pneumoniae-macrolides,20.58823529
Spain,ES,2009,S.pneumoniae-macrolides,18.36441893
Spain,ES,2010,S.pneumoniae-macrolides,25.40603248
Spain,ES,2011,S.pneumoniae-macrolides,23.86058981
Spain,ES,2012,S.pneumoniae-macrolides,25.5613126
Spain,ES,2013,S.pneumoniae-macrolides,25.35714285
Spain,ES,2014,S.pneumoniae-macrolides,19.85294117
Spain,ES,2015,S.pneumoniae-macrolides,21.23613312
Spain,ES,2016,S.pneumoniae-macrolides,24.92063492
Spain,ES,2017,S.pneumoniae-macrolides,21.75732217
Spain,ES,2018,S.pneumoniae-macrolides,17.97418073
Spain,ES,2019,S.pneumoniae-macrolides,21.02564102
Spain,ES,2020,S.pneumoniae-macrolides,22.0713073
Spain,ES,2021,S.pneumoniae-macrolides,27.07774798
Spain,ES,2022,S.pneumoniae-macrolides,20.81218274
Spain,ES,2023,S.pneumoniae-macrolides,21.1359404
Spain,ES,2024,S.pneumoniae-macrolides,23.66412213
Sweden,SE,2005,S.pneumoniae-macrolides,5.36480686
Sweden,SE,2006,S.pneumoniae-macrolides,4.45387062
Sweden,SE,2007,S.pneumoniae-macrolides,5.18358531
Sweden,SE,2008,S.pneumoniae-macrolides,5.22586359
Sweden,SE,2010,S.pneumoniae-macrolides,3.85818561
Sweden,SE,2011,S.pneumoniae-macrolides,4.45134575
Sweden,SE,2012,S.pneumoniae-macrolides,4.66019417
Sweden,SE,2013,S.pneumoniae-macrolides,6.18556701
Sweden,SE,2014,S.pneumoniae-macrolides,6.21827411
Sweden,SE,2015,S.pneumoniae-macrolides,6.58823529
Sweden,SE,2016,S.pneumoniae-macrolides,5.33926585
Sweden,SE,2017,S.pneumoniae-macrolides,4.66666666
Sweden,SE,2018,S.pneumoniae-macrolides,4.45103857
Sweden,SE,2019,S.pneumoniae-macrolides,6.54817586
Sweden,SE,2020,S.pneumoniae-macrolides,6.55737704
Sweden,SE,2021,S.pneumoniae-macrolides,4.78325859
Sweden,SE,2022,S.pneumoniae-macrolides,5.45454545
Sweden,SE,2023,S.pneumoniae-macrolides,5.37471612
Sweden,SE,2024,S.pneumoniae-macrolides,5.52959501
United Kingdom,UK,2005,S.pneumoniae-macrolides,11.41998497
United Kingdom,UK,2006,S.pneumoniae-macrolides,11.54639175
United Kingdom,UK,2007,S.pneumoniae-macrolides,9.38042848
United Kingdom,UK,2008,S.pneumoniae-macrolides,6.09857978
United Kingdom,UK,2009,S.pneumoniae-macrolides,4.15335463
United Kingdom,UK,2010,S.pneumoniae-macrolides,4.42203258
United Kingdom,UK,2011,S.pneumoniae-macrolides,4.98812351
United Kingdom,UK,2012,S.pneumoniae-macrolides,6.55296229
United Kingdom,UK,2013,S.pneumoniae-macrolides,6.73796791
United Kingdom,UK,2014,S.pneumoniae-macrolides,6.66666666
United Kingdom,UK,2015,S.pneumoniae-macrolides,6.87093779
United Kingdom,UK,2016,S.pneumoniae-macrolides,5.9012562
United Kingdom,UK,2017,S.pneumoniae-macrolides,5.61666276
United Kingdom,UK,2018,S.pneumoniae-macrolides,5.55056179
United Kingdom,UK,2019,S.pneumoniae-macrolides,5.50245414
